timestamp,open,high,low,close,volume,Dividends,Stock Splits,ticker
2026-09-24 09:30:00-04:00,336.32000732421875,337.0,335.6099853515625,335.989990234375,1185502,0.0,0.0,AAPL
2026-09-24 09:31:00-04:00,336.0400085449219,336.2550048828125,335.1300048828125,336.1600036621094,113858,0.0,0.0,AAPL
2026-09-24 09:32:00-04:00,336.1549987792969,336.3298034667969,335.4800109863281,335.9574890136719,75299,0.0,0.0,AAPL
2026-09-24 09:33:00-04:00,336.05999755859375,336.82000732421875,335.8699951171875,336.7300109863281,57387,0.0,0.0,AAPL
2026-09-24 09:34:00-04:00,336.7149963378906,337.1000061035156,336.1600036621094,336.3599853515625,131436,0.0,0.0,AAPL
2026-09-24 09:35:00-04:00,336.3500061035156,336.5299987792969,335.92498779296875,336.0201110839844,85981,0.0,0.0,AAPL
2026-09-24 09:36:00-04:00,336.1600036621094,336.9599914550781,335.92999267578125,335.9649963378906,100824,0.0,0.0,AAPL
2026-09-24 09:37:00-04:00,336.0,336.01739501953125,335.3599853515625,335.3699951171875,84636,0.0,0.0,AAPL
2026-09-24 09:38:00-04:00,335.3949890136719,335.8999938964844,335.3949890136719,335.67999267578125,53586,0.0,0.0,AAPL
2026-09-24 09:39:00-04:00,335.635009765625,335.7799987792969,335.4100036621094,335.510009765625,41335,0.0,0.0,AAPL
2026-09-24 09:40:00-04:00,335.5448913574219,335.8500061035156,334.8999938964844,335.0950012207031,163905,0.0,0.0,AAPL
2026-09-24 09:41:00-04:00,335.1499938964844,335.2900085449219,334.3800048828125,334.4092102050781,143050,0.0,0.0,AAPL
2026-09-24 09:42:00-04:00,334.42999267578125,334.92999267578125,334.29998779296875,334.79998779296875,69086,0.0,0.0,AAPL
2026-09-24 09:43:00-04:00,334.79998779296875,334.95001220703125,334.6814880371094,334.75,60769,0.0,0.0,AAPL
2026-09-24 09:44:00-04:00,334.70001220703125,334.989990234375,334.5400085449219,334.9490051269531,65796,0.0,0.0,AAPL
2026-09-24 09:45:00-04:00,334.95001220703125,335.1199035644531,334.70001220703125,334.82000732421875,70659,0.0,0.0,AAPL
2026-09-24 09:46:00-04:00,334.8299865722656,334.989990234375,334.70001220703125,334.989990234375,69705,0.0,0.0,AAPL
2026-09-24 09:47:00-04:00,334.9100036621094,335.3099060058594,334.760009765625,335.2550048828125,87039,0.0,0.0,AAPL
2026-09-24 09:48:00-04:00,335.2619934082031,335.3299865722656,335.0899963378906,335.17999267578125,53628,0.0,0.0,AAPL
2026-09-24 09:49:00-04:00,335.1600036621094,335.67999267578125,335.1300048828125,335.5450134277344,106902,0.0,0.0,AAPL
2026-09-24 09:50:00-04:00,335.5400085449219,335.8500061035156,335.20001220703125,335.79998779296875,108923,0.0,0.0,AAPL
2026-09-24 09:51:00-04:00,335.82000732421875,336.2850036621094,335.7900085449219,335.92010498046875,125228,0.0,0.0,AAPL
2026-09-24 09:52:00-04:00,335.95001220703125,336.30999755859375,335.739990234375,336.30780029296875,89026,0.0,0.0,AAPL
2026-09-24 09:53:00-04:00,336.29998779296875,337.0,336.2300109863281,336.9999084472656,96428,0.0,0.0,AAPL
2026-09-24 09:54:00-04:00,336.9800109863281,337.0,336.2200012207031,336.4700012207031,136962,0.0,0.0,AAPL
2026-09-24 09:55:00-04:00,336.55999755859375,336.6700134277344,336.3500061035156,336.5849914550781,74980,0.0,0.0,AAPL
2026-09-24 09:56:00-04:00,336.5899963378906,336.8800048828125,336.44000244140625,336.82000732421875,83710,0.0,0.0,AAPL
2026-09-24 09:57:00-04:00,336.8080139160156,337.2099914550781,336.7149963378906,337.1300048828125,63926,0.0,0.0,AAPL
2026-09-24 09:58:00-04:00,337.0799865722656,337.4150085449219,337.04998779296875,337.3699951171875,86847,0.0,0.0,AAPL
2026-09-24 09:59:00-04:00,337.375,337.5,337.2004089355469,337.3500061035156,107464,0.0,0.0,AAPL
2026-09-24 10:00:00-04:00,337.32000732421875,337.70001220703125,337.1528015136719,337.52740478515625,80725,0.0,0.0,AAPL
2026-09-24 10:01:00-04:00,337.5299987792969,337.5299987792969,336.989990234375,337.2200012207031,170554,0.0,0.0,AAPL
2026-09-24 10:02:00-04:00,337.19500732421875,337.30499267578125,336.75,336.9205017089844,76249,0.0,0.0,AAPL
2026-09-24 10:03:00-04:00,336.92498779296875,337.20001220703125,336.8070068359375,337.1050109863281,49342,0.0,0.0,AAPL
2026-09-24 10:04:00-04:00,337.0899963378906,337.2149963378906,336.8052062988281,337.07501220703125,69603,0.0,0.0,AAPL
2026-09-24 10:05:00-04:00,337.07000732421875,337.4234924316406,337.07000732421875,337.375,55727,0.0,0.0,AAPL
2026-09-24 10:06:00-04:00,337.3999938964844,337.3999938964844,337.0899963378906,337.260009765625,62199,0.0,0.0,AAPL
2026-09-24 10:07:00-04:00,337.2699890136719,338.0400085449219,337.25,338.0,129045,0.0,0.0,AAPL
2026-09-24 10:08:00-04:00,338.0199890136719,338.260009765625,337.8002014160156,337.92999267578125,121440,0.0,0.0,AAPL
2026-09-24 10:09:00-04:00,337.85009765625,338.1310119628906,337.8399963378906,337.8399963378906,55546,0.0,0.0,AAPL
2026-09-24 10:10:00-04:00,337.8550109863281,337.8799133300781,337.45220947265625,337.465087890625,73863,0.0,0.0,AAPL
2026-09-24 10:11:00-04:00,337.4649963378906,337.489990234375,336.92999267578125,337.3901062011719,67345,0.0,0.0,AAPL
2026-09-24 10:12:00-04:00,337.3999938964844,337.5799865722656,337.3699951171875,337.4949951171875,47863,0.0,0.0,AAPL
2026-09-24 10:13:00-04:00,337.49249267578125,337.6799011230469,337.4200134277344,337.53021240234375,51127,0.0,0.0,AAPL
2026-09-24 10:14:00-04:00,337.5299987792969,337.5799865722656,337.3299865722656,337.3299865722656,40411,0.0,0.0,AAPL
2026-09-24 10:15:00-04:00,337.3500061035156,337.6387939453125,337.3500061035156,337.3800048828125,39486,0.0,0.0,AAPL
2026-09-24 10:16:00-04:00,337.3800964355469,337.65008544921875,337.3599853515625,337.6400146484375,26115,0.0,0.0,AAPL
2026-09-24 10:17:00-04:00,337.6400146484375,337.8399963378906,337.44000244140625,337.7200012207031,46312,0.0,0.0,AAPL
2026-09-24 10:18:00-04:00,337.760009765625,337.8013000488281,337.45001220703125,337.6199951171875,49537,0.0,0.0,AAPL
2026-09-24 10:19:00-04:00,337.6199951171875,337.70989990234375,337.5101013183594,337.6650085449219,46377,0.0,0.0,AAPL
2026-09-24 10:20:00-04:00,337.6650085449219,337.6700134277344,337.489990234375,337.5,34067,0.0,0.0,AAPL
2026-09-24 10:21:00-04:00,337.5098876953125,337.6199951171875,337.3840026855469,337.45001220703125,65283,0.0,0.0,AAPL
2026-09-24 10:22:00-04:00,337.45001220703125,337.70001220703125,337.29998779296875,337.54998779296875,54354,0.0,0.0,AAPL
2026-09-24 10:23:00-04:00,337.55999755859375,337.6099853515625,337.45001220703125,337.54998779296875,24953,0.0,0.0,AAPL
2026-09-24 10:24:00-04:00,337.5403137207031,337.57000732421875,337.3500061035156,337.40008544921875,31637,0.0,0.0,AAPL
2026-09-24 10:25:00-04:00,337.44500732421875,337.6199951171875,337.4200134277344,337.6199951171875,24100,0.0,0.0,AAPL
2026-09-24 10:26:00-04:00,337.5799865722656,337.760009765625,337.55999755859375,337.70001220703125,36833,0.0,0.0,AAPL
2026-09-24 10:27:00-04:00,337.7300109863281,337.7900085449219,337.614990234375,337.7041015625,26916,0.0,0.0,AAPL
2026-09-24 10:28:00-04:00,337.70001220703125,337.70001220703125,337.49749755859375,337.49749755859375,27910,0.0,0.0,AAPL
2026-09-24 10:29:00-04:00,337.5199890136719,337.54998779296875,337.30999755859375,337.43499755859375,41050,0.0,0.0,AAPL
2026-09-24 10:30:00-04:00,337.4700012207031,337.57000732421875,336.8569030761719,336.9100036621094,44990,0.0,0.0,AAPL
2026-09-24 10:31:00-04:00,336.92388916015625,336.92999267578125,336.5199890136719,336.57000732421875,55682,0.0,0.0,AAPL
2026-09-24 10:32:00-04:00,336.57000732421875,336.57989501953125,336.2699890136719,336.3999938964844,94872,0.0,0.0,AAPL
2026-09-24 10:33:00-04:00,336.3710021972656,336.44500732421875,336.1600036621094,336.2200012207031,65022,0.0,0.0,AAPL
2026-09-24 10:34:00-04:00,336.25,336.3599853515625,336.1300048828125,336.32000732421875,46811,0.0,0.0,AAPL
2026-09-24 10:35:00-04:00,336.3399963378906,336.5899963378906,336.2449951171875,336.5899963378906,46265,0.0,0.0,AAPL
2026-09-24 10:36:00-04:00,336.6000061035156,336.6000061035156,336.3804931640625,336.44500732421875,38521,0.0,0.0,AAPL
2026-09-24 10:37:00-04:00,336.45001220703125,336.739990234375,336.3800048828125,336.739990234375,31928,0.0,0.0,AAPL
2026-09-24 10:38:00-04:00,336.7349853515625,336.7349853515625,336.42498779296875,336.55499267578125,48930,0.0,0.0,AAPL
2026-09-24 10:39:00-04:00,336.54998779296875,336.6099853515625,336.4278869628906,336.5249938964844,23913,0.0,0.0,AAPL
2026-09-24 10:40:00-04:00,336.5299987792969,336.67999267578125,336.510009765625,336.56500244140625,41487,0.0,0.0,AAPL
2026-09-24 10:41:00-04:00,336.57000732421875,336.7349853515625,336.510986328125,336.6099853515625,34676,0.0,0.0,AAPL
2026-09-24 10:42:00-04:00,336.6050109863281,336.7099914550781,336.3599853515625,336.4150085449219,35949,0.0,0.0,AAPL
2026-09-24 10:43:00-04:00,336.4150085449219,336.5199890136719,336.3609924316406,336.4150085449219,33950,0.0,0.0,AAPL
2026-09-24 10:44:00-04:00,336.4100036621094,336.4200134277344,336.20001220703125,336.29998779296875,27549,0.0,0.0,AAPL
2026-09-24 10:45:00-04:00,336.239990234375,336.4200134277344,336.20001220703125,336.29998779296875,28815,0.0,0.0,AAPL
2026-09-24 10:46:00-04:00,336.2900085449219,336.53680419921875,336.260009765625,336.53680419921875,29697,0.0,0.0,AAPL
2026-09-24 10:47:00-04:00,336.5398864746094,336.7799987792969,336.45001220703125,336.7406005859375,29195,0.0,0.0,AAPL
2026-09-24 10:48:00-04:00,336.75,336.7650146484375,336.6499938964844,336.7349853515625,34119,0.0,0.0,AAPL
2026-09-24 10:49:00-04:00,336.7200012207031,336.76141357421875,336.6700134277344,336.6700134277344,13756,0.0,0.0,AAPL
2026-09-24 10:50:00-04:00,336.6700134277344,336.7720947265625,336.5799865722656,336.5899963378906,23619,0.0,0.0,AAPL
2026-09-24 10:51:00-04:00,336.5899963378906,336.6700134277344,336.4200134277344,336.42010498046875,19871,0.0,0.0,AAPL
2026-09-24 10:52:00-04:00,336.43499755859375,336.6199951171875,336.3299865722656,336.5674133300781,29624,0.0,0.0,AAPL
2026-09-24 10:53:00-04:00,336.5899963378906,336.70001220703125,336.32080078125,336.56500244140625,30471,0.0,0.0,AAPL
2026-09-24 10:54:00-04:00,336.5498962402344,336.5498962402344,336.3944091796875,336.4411926269531,31640,0.0,0.0,AAPL
2026-09-24 10:55:00-04:00,336.43499755859375,336.5,336.3699951171875,336.3949890136719,24255,0.0,0.0,AAPL
2026-09-24 10:56:00-04:00,336.3900146484375,336.4200134277344,336.17999267578125,336.2650146484375,24109,0.0,0.0,AAPL
2026-09-24 10:57:00-04:00,336.2650146484375,336.2650146484375,336.10198974609375,336.1549987792969,36263,0.0,0.0,AAPL
2026-09-24 10:58:00-04:00,336.1700134277344,336.2200012207031,336.05010986328125,336.19000244140625,26211,0.0,0.0,AAPL
2026-09-24 10:59:00-04:00,336.17010498046875,336.3299865722656,336.0404968261719,336.2370910644531,35468,0.0,0.0,AAPL
2026-09-24 11:00:00-04:00,336.260009765625,336.2948913574219,336.0,336.0249938964844,44985,0.0,0.0,AAPL
2026-09-24 11:01:00-04:00,336.0150146484375,336.1199035644531,335.8999938964844,336.1099853515625,52731,0.0,0.0,AAPL
2026-09-24 11:02:00-04:00,336.0799865722656,336.17999267578125,335.9800109863281,336.04998779296875,44077,0.0,0.0,AAPL
2026-09-24 11:03:00-04:00,336.0400085449219,336.1700134277344,335.8800048828125,336.1099853515625,79591,0.0,0.0,AAPL
2026-09-24 11:04:00-04:00,336.1299133300781,336.1698913574219,335.90899658203125,335.9403991699219,37371,0.0,0.0,AAPL
2026-09-24 11:05:00-04:00,335.92999267578125,335.92999267578125,335.6499938964844,335.7449951171875,42759,0.0,0.0,AAPL
2026-09-24 11:06:00-04:00,335.7449951171875,336.0400085449219,335.739990234375,336.010009765625,36423,0.0,0.0,AAPL
2026-09-24 11:07:00-04:00,336.0,336.0350036621094,335.9100036621094,335.92498779296875,24077,0.0,0.0,AAPL
2026-09-24 11:08:00-04:00,335.94000244140625,336.40850830078125,335.92999267578125,336.3299865722656,41171,0.0,0.0,AAPL
2026-09-24 11:09:00-04:00,336.32000732421875,336.32049560546875,336.1000061035156,336.18499755859375,28682,0.0,0.0,AAPL
2026-09-24 11:10:00-04:00,336.1700134277344,336.3334045410156,336.1700134277344,336.30010986328125,32587,0.0,0.0,AAPL
2026-09-24 11:11:00-04:00,336.32000732421875,336.44000244140625,336.2401123046875,336.2799987792969,31721,0.0,0.0,AAPL
2026-09-24 11:12:00-04:00,336.2518005371094,336.32000732421875,336.05499267578125,336.1061096191406,23095,0.0,0.0,AAPL
2026-09-24 11:13:00-04:00,336.1000061035156,336.1000061035156,335.80999755859375,335.82501220703125,31051,0.0,0.0,AAPL
2026-09-24 11:14:00-04:00,335.82501220703125,335.9739990234375,335.69000244140625,335.79998779296875,45042,0.0,0.0,AAPL
2026-09-24 11:15:00-04:00,335.79998779296875,336.0899963378906,335.7900085449219,336.0400085449219,30164,0.0,0.0,AAPL
2026-09-24 11:16:00-04:00,336.0195007324219,336.2200012207031,335.9599914550781,336.19000244140625,48816,0.0,0.0,AAPL
2026-09-24 11:17:00-04:00,336.19000244140625,336.3598937988281,336.17999267578125,336.25,21828,0.0,0.0,AAPL
2026-09-24 11:18:00-04:00,336.25,336.3800048828125,336.2099914550781,336.3800048828125,18185,0.0,0.0,AAPL
2026-09-24 11:19:00-04:00,336.3500061035156,336.42999267578125,336.2200012207031,336.2550048828125,16578,0.0,0.0,AAPL
2026-09-24 11:20:00-04:00,336.2349853515625,336.29998779296875,336.1600036621094,336.17999267578125,18559,0.0,0.0,AAPL
2026-09-24 11:21:00-04:00,336.20001220703125,336.3598937988281,336.19000244140625,336.3301086425781,16474,0.0,0.0,AAPL
2026-09-24 11:22:00-04:00,336.3550109863281,336.3900146484375,336.2799987792969,336.3900146484375,29073,0.0,0.0,AAPL
2026-09-24 11:23:00-04:00,336.4200134277344,336.6199951171875,336.4200134277344,336.5899963378906,49399,0.0,0.0,AAPL
2026-09-24 11:24:00-04:00,336.5899963378906,336.6199951171875,336.32000732421875,336.3800048828125,40820,0.0,0.0,AAPL
2026-09-24 11:25:00-04:00,336.3399963378906,336.3699951171875,336.0899963378906,336.0975036621094,34596,0.0,0.0,AAPL
2026-09-24 11:26:00-04:00,336.05999755859375,336.1000061035156,335.8500061035156,335.8500061035156,29593,0.0,0.0,AAPL
2026-09-24 11:27:00-04:00,335.8299865722656,335.9700012207031,335.7799987792969,335.93011474609375,26742,0.0,0.0,AAPL
2026-09-24 11:28:00-04:00,335.92999267578125,336.1099853515625,335.92999267578125,336.0899963378906,31427,0.0,0.0,AAPL
2026-09-24 11:29:00-04:00,336.0899963378906,336.19000244140625,336.0,336.05499267578125,25081,0.0,0.0,AAPL
2026-09-24 11:30:00-04:00,336.05499267578125,336.32000732421875,336.0199890136719,336.25,46899,0.0,0.0,AAPL
2026-09-24 11:31:00-04:00,336.260009765625,336.3500061035156,336.17010498046875,336.17999267578125,18274,0.0,0.0,AAPL
2026-09-24 11:32:00-04:00,336.1780090332031,336.239990234375,336.0299987792969,336.1300048828125,23167,0.0,0.0,AAPL
2026-09-24 11:33:00-04:00,336.1449890136719,336.2770080566406,336.0799865722656,336.0881042480469,26522,0.0,0.0,AAPL
2026-09-24 11:34:00-04:00,336.0950012207031,336.1099853515625,335.91009521484375,335.9646911621094,24309,0.0,0.0,AAPL
2026-09-24 11:35:00-04:00,335.989990234375,336.2300109863281,335.989990234375,336.19000244140625,30234,0.0,0.0,AAPL
2026-09-24 11:36:00-04:00,336.20001220703125,336.25,336.1199951171875,336.2300109863281,26349,0.0,0.0,AAPL
2026-09-24 11:37:00-04:00,336.260009765625,336.3299865722656,336.1700134277344,336.2699890136719,29202,0.0,0.0,AAPL
2026-09-24 11:38:00-04:00,336.2716064453125,336.3800048828125,336.17498779296875,336.17498779296875,26423,0.0,0.0,AAPL
2026-09-24 11:39:00-04:00,336.17498779296875,336.25,336.03009033203125,336.1199951171875,19234,0.0,0.0,AAPL
2026-09-24 11:40:00-04:00,336.1499938964844,336.17999267578125,336.05999755859375,336.0899963378906,16629,0.0,0.0,AAPL
2026-09-24 11:41:00-04:00,336.04998779296875,336.19000244140625,336.0299987792969,336.0400085449219,23546,0.0,0.0,AAPL
2026-09-24 11:42:00-04:00,336.0400085449219,336.1300048828125,336.0,336.0849914550781,34428,0.0,0.0,AAPL
2026-09-24 11:43:00-04:00,336.0849914550781,336.2099914550781,336.05499267578125,336.1636962890625,12109,0.0,0.0,AAPL
2026-09-24 11:44:00-04:00,336.1600036621094,336.2381896972656,336.1199951171875,336.1199951171875,17656,0.0,0.0,AAPL
2026-09-24 11:45:00-04:00,336.1099853515625,336.28759765625,336.1099853515625,336.2699890136719,21079,0.0,0.0,AAPL
2026-09-24 11:46:00-04:00,336.2900085449219,336.2900085449219,336.1600036621094,336.17999267578125,20376,0.0,0.0,AAPL
2026-09-24 11:47:00-04:00,336.18499755859375,336.2799987792969,336.1192932128906,336.15008544921875,20608,0.0,0.0,AAPL
2026-09-24 11:48:00-04:00,336.1549987792969,336.1716003417969,335.8999938964844,335.9200134277344,28988,0.0,0.0,AAPL
2026-09-24 11:49:00-04:00,335.9100036621094,336.0299987792969,335.8399963378906,335.94000244140625,34129,0.0,0.0,AAPL
2026-09-24 11:50:00-04:00,335.9200134277344,336.2200012207031,335.9150085449219,336.2200012207031,18817,0.0,0.0,AAPL
2026-09-24 11:51:00-04:00,336.239990234375,336.2900085449219,336.17999267578125,336.2380065917969,26332,0.0,0.0,AAPL
2026-09-24 11:52:00-04:00,336.2349853515625,336.29998779296875,336.1499938964844,336.2449951171875,31021,0.0,0.0,AAPL
2026-09-24 11:53:00-04:00,336.260009765625,336.3179016113281,336.2300109863281,336.25,26052,0.0,0.0,AAPL
2026-09-24 11:54:00-04:00,336.2521057128906,336.5,336.2099914550781,336.489990234375,116133,0.0,0.0,AAPL
2026-09-24 11:55:00-04:00,336.4700012207031,336.6300048828125,336.4200134277344,336.5,54942,0.0,0.0,AAPL
2026-09-24 11:56:00-04:00,336.5,336.5400085449219,336.41009521484375,336.4750061035156,78390,0.0,0.0,AAPL
2026-09-24 11:57:00-04:00,336.4700012207031,336.489990234375,336.3699035644531,336.45458984375,19154,0.0,0.0,AAPL
2026-09-24 11:58:00-04:00,336.4700012207031,336.6799011230469,336.3800048828125,336.6499938964844,38707,0.0,0.0,AAPL
2026-09-24 11:59:00-04:00,336.66790771484375,336.69000244140625,336.4700012207031,336.5,44985,0.0,0.0,AAPL
2026-09-24 12:00:00-04:00,336.5249938964844,336.6300048828125,336.510009765625,336.6300048828125,29124,0.0,0.0,AAPL
2026-09-24 12:01:00-04:00,336.6099853515625,336.8500061035156,336.6099853515625,336.739990234375,65430,0.0,0.0,AAPL
2026-09-24 12:02:00-04:00,336.73388671875,336.9200134277344,336.7038879394531,336.7650146484375,130516,0.0,0.0,AAPL
2026-09-24 12:03:00-04:00,336.7626953125,336.79998779296875,336.5899963378906,336.7950134277344,21410,0.0,0.0,AAPL
2026-09-24 12:04:00-04:00,336.7799987792969,337.23370361328125,336.6000061035156,337.0950012207031,78852,0.0,0.0,AAPL
2026-09-24 12:05:00-04:00,337.0799865722656,337.1178894042969,336.95001220703125,337.0400085449219,40622,0.0,0.0,AAPL
2026-09-24 12:06:00-04:00,337.0400085449219,337.06500244140625,336.8999938964844,336.9849853515625,29155,0.0,0.0,AAPL
2026-09-24 12:07:00-04:00,336.9700927734375,337.07501220703125,336.8999938964844,337.07000732421875,17574,0.0,0.0,AAPL
2026-09-24 12:08:00-04:00,337.0600891113281,337.1199951171875,336.94000244140625,337.0299987792969,23262,0.0,0.0,AAPL
2026-09-24 12:09:00-04:00,337.04998779296875,337.0899963378906,336.989990234375,337.0400085449219,11012,0.0,0.0,AAPL
2026-09-24 12:10:00-04:00,337.05499267578125,337.3299865722656,337.04010009765625,337.2349853515625,38490,0.0,0.0,AAPL
2026-09-24 12:11:00-04:00,337.2099914550781,337.4299011230469,337.1499938964844,337.2449951171875,49282,0.0,0.0,AAPL
2026-09-24 12:12:00-04:00,337.2699890136719,337.510009765625,337.260009765625,337.30999755859375,55203,0.0,0.0,AAPL
2026-09-24 12:13:00-04:00,337.30999755859375,337.6700134277344,337.2799987792969,337.6449890136719,36085,0.0,0.0,AAPL
2026-09-24 12:14:00-04:00,337.6549987792969,337.92999267578125,337.6199951171875,337.92498779296875,45222,0.0,0.0,AAPL
2026-09-24 12:15:00-04:00,337.92498779296875,338.3299865722656,337.75,338.32000732421875,103087,0.0,0.0,AAPL
2026-09-24 12:16:00-04:00,338.32000732421875,338.8900146484375,338.2099914550781,338.80499267578125,129512,0.0,0.0,AAPL
2026-09-24 12:17:00-04:00,338.8299865722656,338.8890075683594,338.3334045410156,338.8890075683594,80173,0.0,0.0,AAPL
2026-09-24 12:18:00-04:00,338.8399963378906,338.9100036621094,338.260009765625,338.2850036621094,81746,0.0,0.0,AAPL
2026-09-24 12:19:00-04:00,338.29998779296875,338.40618896484375,337.89599609375,337.9700012207031,47134,0.0,0.0,AAPL
2026-09-24 12:20:00-04:00,337.9800109863281,338.06500244140625,337.80999755859375,338.05499267578125,38681,0.0,0.0,AAPL
2026-09-24 12:21:00-04:00,338.05499267578125,338.30999755859375,338.0450134277344,338.1700134277344,33065,0.0,0.0,AAPL
2026-09-24 12:22:00-04:00,338.1400146484375,338.1449890136719,337.7699890136719,337.8064880371094,33544,0.0,0.0,AAPL
2026-09-24 12:23:00-04:00,337.7900085449219,337.82000732421875,337.5799865722656,337.635009765625,49356,0.0,0.0,AAPL
2026-09-24 12:24:00-04:00,337.6099853515625,337.75,337.5,337.67999267578125,38563,0.0,0.0,AAPL
2026-09-24 12:25:00-04:00,337.7300109863281,337.7900085449219,337.5350036621094,337.5899963378906,31378,0.0,0.0,AAPL
2026-09-24 12:26:00-04:00,337.5899963378906,337.62939453125,337.45001220703125,337.510009765625,20688,0.0,0.0,AAPL
2026-09-24 12:27:00-04:00,337.485595703125,337.8800048828125,337.4100036621094,337.80010986328125,25553,0.0,0.0,AAPL
2026-09-24 12:28:00-04:00,337.79998779296875,337.889892578125,337.739990234375,337.8699951171875,21494,0.0,0.0,AAPL
2026-09-24 12:29:00-04:00,337.8800048828125,337.95001220703125,337.75,337.8299865722656,19782,0.0,0.0,AAPL
2026-09-24 12:30:00-04:00,337.82000732421875,337.9649963378906,337.79998779296875,337.8800048828125,21598,0.0,0.0,AAPL
2026-09-24 12:31:00-04:00,337.9100036621094,338.0038146972656,337.760009765625,337.760009765625,23906,0.0,0.0,AAPL
2026-09-24 12:32:00-04:00,337.7713928222656,337.7713928222656,337.489990234375,337.5820007324219,34962,0.0,0.0,AAPL
2026-09-24 12:33:00-04:00,337.5799865722656,337.7300109863281,337.5799865722656,337.69000244140625,14846,0.0,0.0,AAPL
2026-09-24 12:34:00-04:00,337.69500732421875,337.95001220703125,337.6499938964844,337.8699951171875,99408,0.0,0.0,AAPL
2026-09-24 12:35:00-04:00,337.9100036621094,337.9200134277344,337.7449951171875,337.8088073730469,29453,0.0,0.0,AAPL
2026-09-24 12:36:00-04:00,337.82000732421875,337.8599853515625,337.6679992675781,337.7300109863281,20203,0.0,0.0,AAPL
2026-09-24 12:37:00-04:00,337.7300109863281,337.8500061035156,337.69000244140625,337.7300109863281,21406,0.0,0.0,AAPL
2026-09-24 12:38:00-04:00,337.7099914550781,337.82501220703125,337.6615905761719,337.7300109863281,16789,0.0,0.0,AAPL
2026-09-24 12:39:00-04:00,337.7200012207031,338.0398864746094,337.70001220703125,338.0299987792969,24268,0.0,0.0,AAPL
2026-09-24 12:40:00-04:00,338.0299987792969,338.17498779296875,337.875,338.17498779296875,89795,0.0,0.0,AAPL
2026-09-24 12:41:00-04:00,338.1600036621094,338.4599914550781,338.1600036621094,338.4599914550781,63414,0.0,0.0,AAPL
2026-09-24 12:42:00-04:00,338.4800109863281,338.5799865722656,338.4200134277344,338.5199890136719,35616,0.0,0.0,AAPL
2026-09-24 12:43:00-04:00,338.5400085449219,338.57000732421875,338.29998779296875,338.3500061035156,177501,0.0,0.0,AAPL
2026-09-24 12:44:00-04:00,338.3500061035156,338.3500061035156,338.10009765625,338.1700134277344,40192,0.0,0.0,AAPL
2026-09-24 12:45:00-04:00,338.1600036621094,338.32598876953125,338.04998779296875,338.114990234375,88229,0.0,0.0,AAPL
2026-09-24 12:46:00-04:00,338.1099853515625,338.17498779296875,337.9725036621094,338.1144104003906,25800,0.0,0.0,AAPL
2026-09-24 12:47:00-04:00,338.1099853515625,338.1440124511719,337.8999938964844,337.9949951171875,22390,0.0,0.0,AAPL
2026-09-24 12:48:00-04:00,338.0350036621094,338.25,338.0350036621094,338.2099914550781,38701,0.0,0.0,AAPL
2026-09-24 12:49:00-04:00,338.2200012207031,338.510009765625,338.19000244140625,338.45001220703125,47763,0.0,0.0,AAPL
2026-09-24 12:50:00-04:00,338.489990234375,338.510009765625,338.29998779296875,338.32000732421875,21761,0.0,0.0,AAPL
2026-09-24 12:51:00-04:00,338.2850036621094,338.3305969238281,338.2099914550781,338.2099914550781,19742,0.0,0.0,AAPL
2026-09-24 12:52:00-04:00,338.2200012207031,338.2550048828125,338.04998779296875,338.1000061035156,5346,0.0,0.0,AAPL
2026-09-24 12:53:00-04:00,338.114990234375,338.2300109863281,338.10009765625,338.135009765625,23027,0.0,0.0,AAPL
2026-09-24 12:54:00-04:00,338.1300048828125,338.2799987792969,338.090087890625,338.16009521484375,26424,0.0,0.0,AAPL
2026-09-24 12:55:00-04:00,338.1700134277344,338.4259948730469,338.1600036621094,338.2799987792969,29090,0.0,0.0,AAPL
2026-09-24 12:56:00-04:00,338.260009765625,338.55999755859375,338.20001220703125,338.51959228515625,24082,0.0,0.0,AAPL
2026-09-24 12:57:00-04:00,338.5126037597656,338.5799865722656,338.4200134277344,338.44000244140625,48356,0.0,0.0,AAPL
2026-09-24 12:58:00-04:00,338.44000244140625,338.55999755859375,338.4100036621094,338.45001220703125,13856,0.0,0.0,AAPL
2026-09-24 12:59:00-04:00,338.43499755859375,338.5299072265625,338.3399963378906,338.4599914550781,22048,0.0,0.0,AAPL
2026-09-24 13:00:00-04:00,338.4599914550781,338.510009765625,338.3699951171875,338.44000244140625,37205,0.0,0.0,AAPL
2026-09-24 13:01:00-04:00,338.44000244140625,338.510009765625,338.3699951171875,338.44000244140625,21649,0.0,0.0,AAPL
2026-09-24 13:02:00-04:00,338.3699951171875,338.4700012207031,338.19000244140625,338.4700012207031,35821,0.0,0.0,AAPL
2026-09-24 13:03:00-04:00,338.43499755859375,338.5,338.1914978027344,338.2051086425781,31602,0.0,0.0,AAPL
2026-09-24 13:04:00-04:00,338.25,338.2799987792969,338.0899963378906,338.260009765625,32838,0.0,0.0,AAPL
2026-09-24 13:05:00-04:00,338.2799987792969,338.42999267578125,338.05999755859375,338.05999755859375,28118,0.0,0.0,AAPL
2026-09-24 13:06:00-04:00,338.05999755859375,338.32000732421875,338.05999755859375,338.2550048828125,13670,0.0,0.0,AAPL
2026-09-24 13:07:00-04:00,338.2550048828125,338.3092041015625,338.1300048828125,338.1300048828125,15730,0.0,0.0,AAPL
2026-09-24 13:08:00-04:00,338.1496887207031,338.20001220703125,338.0899963378906,338.1400146484375,19043,0.0,0.0,AAPL
2026-09-24 13:09:00-04:00,338.1600036621094,338.239990234375,338.114990234375,338.1600036621094,18436,0.0,0.0,AAPL
2026-09-24 13:10:00-04:00,338.1600036621094,338.1700134277344,337.8599853515625,337.9800109863281,36315,0.0,0.0,AAPL
2026-09-24 13:11:00-04:00,337.95001220703125,338.1099853515625,337.9200134277344,338.0400085449219,24003,0.0,0.0,AAPL
2026-09-24 13:12:00-04:00,338.0799865722656,338.1499938964844,338.010009765625,338.1000061035156,17518,0.0,0.0,AAPL
2026-09-24 13:13:00-04:00,338.05999755859375,338.2699890136719,338.0224914550781,338.2283020019531,16588,0.0,0.0,AAPL
2026-09-24 13:14:00-04:00,338.2300109863281,338.42999267578125,338.2099914550781,338.4100036621094,24884,0.0,0.0,AAPL
2026-09-24 13:15:00-04:00,338.3901062011719,338.5,338.294189453125,338.364990234375,42611,0.0,0.0,AAPL
2026-09-24 13:16:00-04:00,338.3800048828125,338.510009765625,338.29998779296875,338.29998779296875,34637,0.0,0.0,AAPL
2026-09-24 13:17:00-04:00,338.32000732421875,338.4659118652344,338.2799987792969,338.3599853515625,27871,0.0,0.0,AAPL
2026-09-24 13:18:00-04:00,338.4200134277344,338.4599914550781,338.32159423828125,338.3500061035156,15447,0.0,0.0,AAPL
2026-09-24 13:19:00-04:00,338.3500061035156,338.4100036621094,338.1000061035156,338.125,45630,0.0,0.0,AAPL
2026-09-24 13:20:00-04:00,338.07000732421875,338.1600036621094,338.04998779296875,338.090087890625,25163,0.0,0.0,AAPL
2026-09-24 13:21:00-04:00,338.1300048828125,338.1698913574219,337.9949951171875,338.0199890136719,28552,0.0,0.0,AAPL
2026-09-24 13:22:00-04:00,338.0,338.1394958496094,337.95001220703125,338.0899963378906,28638,0.0,0.0,AAPL
2026-09-24 13:23:00-04:00,338.0899963378906,338.19989013671875,338.05999755859375,338.1099853515625,33445,0.0,0.0,AAPL
2026-09-24 13:24:00-04:00,338.1099853515625,338.1700134277344,337.8550109863281,337.8900146484375,24738,0.0,0.0,AAPL
2026-09-24 13:25:00-04:00,337.8999938964844,337.9599914550781,337.7539978027344,337.8349914550781,47665,0.0,0.0,AAPL
2026-09-24 13:26:00-04:00,337.8399963378906,337.8949890136719,337.75,337.82000732421875,46945,0.0,0.0,AAPL
2026-09-24 13:27:00-04:00,337.79998779296875,337.9150085449219,337.7749938964844,337.9150085449219,19359,0.0,0.0,AAPL
2026-09-24 13:28:00-04:00,337.8900146484375,338.1499938964844,337.8900146484375,338.1099853515625,227944,0.0,0.0,AAPL
2026-09-24 13:29:00-04:00,338.0899963378906,338.17999267578125,338.0404052734375,338.1449890136719,14831,0.0,0.0,AAPL
2026-09-24 13:30:00-04:00,338.1549987792969,338.2900085449219,338.0299987792969,338.0799865722656,31153,0.0,0.0,AAPL
2026-09-24 13:31:00-04:00,338.1199951171875,338.1686096191406,337.92999267578125,337.9700012207031,26199,0.0,0.0,AAPL
2026-09-24 13:32:00-04:00,337.98980712890625,338.0,337.8699951171875,337.94500732421875,29576,0.0,0.0,AAPL
2026-09-24 13:33:00-04:00,337.94000244140625,337.94000244140625,337.4100036621094,337.4801025390625,67658,0.0,0.0,AAPL
2026-09-24 13:34:00-04:00,337.5085144042969,337.5085144042969,337.260009765625,337.2699890136719,30151,0.0,0.0,AAPL
2026-09-24 13:35:00-04:00,337.2799987792969,337.3500061035156,337.2300109863281,337.3399963378906,34022,0.0,0.0,AAPL
2026-09-24 13:36:00-04:00,337.3399963378906,337.4700012207031,337.3299865722656,337.440185546875,28020,0.0,0.0,AAPL
2026-09-24 13:37:00-04:00,337.4049987792969,337.4649963378906,337.239990234375,337.2449951171875,29503,0.0,0.0,AAPL
2026-09-24 13:38:00-04:00,337.2449951171875,337.3677062988281,337.1700134277344,337.3299865722656,35739,0.0,0.0,AAPL
2026-09-24 13:39:00-04:00,337.3299865722656,337.489990234375,337.32000732421875,337.36248779296875,34270,0.0,0.0,AAPL
2026-09-24 13:40:00-04:00,337.46820068359375,337.4849853515625,337.18499755859375,337.18499755859375,69789,0.0,0.0,AAPL
2026-09-24 13:41:00-04:00,337.18499755859375,337.2774963378906,337.07000732421875,337.1099853515625,23844,0.0,0.0,AAPL
2026-09-24 13:42:00-04:00,337.1199951171875,337.4200134277344,337.1199951171875,337.25,19200,0.0,0.0,AAPL
2026-09-24 13:43:00-04:00,337.1700134277344,337.17999267578125,336.8999938964844,336.96240234375,28691,0.0,0.0,AAPL
2026-09-24 13:44:00-04:00,336.94000244140625,337.1098937988281,336.8550109863281,336.8800048828125,17727,0.0,0.0,AAPL
2026-09-24 13:45:00-04:00,336.8900146484375,336.8900146484375,336.6300048828125,336.7300109863281,27224,0.0,0.0,AAPL
2026-09-24 13:46:00-04:00,336.7449951171875,336.82000732421875,336.70001220703125,336.82000732421875,522097,0.0,0.0,AAPL
2026-09-24 13:47:00-04:00,336.760009765625,336.8299865722656,336.69500732421875,336.8299865722656,25694,0.0,0.0,AAPL
2026-09-24 13:48:00-04:00,336.8399963378906,336.8900146484375,336.7200012207031,336.7200012207031,33350,0.0,0.0,AAPL
2026-09-24 13:49:00-04:00,336.7149963378906,336.9100036621094,336.7149963378906,336.82501220703125,24385,0.0,0.0,AAPL
2026-09-24 13:50:00-04:00,336.84759521484375,336.84759521484375,336.70001220703125,336.7099914550781,34765,0.0,0.0,AAPL
2026-09-24 13:51:00-04:00,336.7200012207031,336.7699890136719,336.6158142089844,336.6600036621094,38144,0.0,0.0,AAPL
2026-09-24 13:52:00-04:00,336.6600036621094,336.8800048828125,336.6600036621094,336.80999755859375,38961,0.0,0.0,AAPL
2026-09-24 13:53:00-04:00,336.8399963378906,337.07000732421875,336.82000732421875,337.0,37188,0.0,0.0,AAPL
2026-09-24 13:54:00-04:00,337.0,337.2200012207031,336.9599914550781,337.18499755859375,31592,0.0,0.0,AAPL
2026-09-24 13:55:00-04:00,337.1700134277344,337.25,337.1099853515625,337.1199951171875,24378,0.0,0.0,AAPL
2026-09-24 13:56:00-04:00,337.1199951171875,337.32000732421875,337.1099853515625,337.239990234375,30452,0.0,0.0,AAPL
2026-09-24 13:57:00-04:00,337.260009765625,337.260009765625,337.1000061035156,337.2099914550781,22751,0.0,0.0,AAPL
2026-09-24 13:58:00-04:00,337.2099914550781,337.2569885253906,337.05999755859375,337.2200012207031,73851,0.0,0.0,AAPL
2026-09-24 13:59:00-04:00,337.2099914550781,337.3500061035156,337.1700134277344,337.2099914550781,22022,0.0,0.0,AAPL
2026-09-24 14:00:00-04:00,337.17999267578125,337.30999755859375,337.1099853515625,337.2583923339844,28071,0.0,0.0,AAPL
2026-09-24 14:01:00-04:00,337.2550048828125,337.32000732421875,337.1000061035156,337.1842041015625,19662,0.0,0.0,AAPL
2026-09-24 14:02:00-04:00,337.19000244140625,337.19000244140625,336.93499755859375,336.9599914550781,26286,0.0,0.0,AAPL
2026-09-24 14:03:00-04:00,336.95001220703125,336.9750061035156,336.6600036621094,336.9287109375,142369,0.0,0.0,AAPL
2026-09-24 14:04:00-04:00,336.9100036621094,337.07501220703125,336.8463134765625,336.8999938964844,20779,0.0,0.0,AAPL
2026-09-24 14:05:00-04:00,336.9100036621094,337.0299987792969,336.8800048828125,336.9700012207031,24390,0.0,0.0,AAPL
2026-09-24 14:06:00-04:00,336.9424133300781,337.239990234375,336.8900146484375,337.2099914550781,29891,0.0,0.0,AAPL
2026-09-24 14:07:00-04:00,337.2349853515625,337.2550048828125,337.0299987792969,337.20001220703125,26776,0.0,0.0,AAPL
2026-09-24 14:08:00-04:00,337.2101135253906,337.4100036621094,337.2099914550781,337.2300109863281,35828,0.0,0.0,AAPL
2026-09-24 14:09:00-04:00,337.2099914550781,337.32000732421875,337.17999267578125,337.260009765625,25698,0.0,0.0,AAPL
2026-09-24 14:10:00-04:00,337.2749938964844,337.3500061035156,337.0899963378906,337.1300964355469,25131,0.0,0.0,AAPL
2026-09-24 14:11:00-04:00,337.135009765625,337.2984924316406,337.1199951171875,337.1300048828125,25575,0.0,0.0,AAPL
2026-09-24 14:12:00-04:00,337.1394958496094,337.1600036621094,337.010009765625,337.04998779296875,16090,0.0,0.0,AAPL
2026-09-24 14:13:00-04:00,337.04998779296875,337.19000244140625,337.04010009765625,337.1700134277344,17578,0.0,0.0,AAPL
2026-09-24 14:14:00-04:00,337.1700134277344,337.3380126953125,337.1700134277344,337.2850036621094,16778,0.0,0.0,AAPL
2026-09-24 14:15:00-04:00,337.2799987792969,337.2799987792969,337.19500732421875,337.2206115722656,14945,0.0,0.0,AAPL
2026-09-24 14:16:00-04:00,337.260009765625,337.45001220703125,337.2550048828125,337.44000244140625,26488,0.0,0.0,AAPL
2026-09-24 14:17:00-04:00,337.44000244140625,337.5783996582031,337.3999938964844,337.5783996582031,33229,0.0,0.0,AAPL
2026-09-24 14:18:00-04:00,337.5649108886719,337.7099914550781,337.4700012207031,337.510009765625,40030,0.0,0.0,AAPL
2026-09-24 14:19:00-04:00,337.52850341796875,337.54998779296875,337.45001220703125,337.5434875488281,114555,0.0,0.0,AAPL
2026-09-24 14:20:00-04:00,337.54998779296875,337.56500244140625,337.29998779296875,337.3299865722656,31033,0.0,0.0,AAPL
2026-09-24 14:21:00-04:00,337.30010986328125,337.3739013671875,337.2300109863281,337.2850036621094,24253,0.0,0.0,AAPL
2026-09-24 14:22:00-04:00,337.29998779296875,337.4200134277344,337.2699890136719,337.35009765625,18413,0.0,0.0,AAPL
2026-09-24 14:23:00-04:00,337.3599853515625,337.54998779296875,337.3299865722656,337.5400085449219,24535,0.0,0.0,AAPL
2026-09-24 14:24:00-04:00,337.5299987792969,337.5694885253906,337.4599914550781,337.5400085449219,17244,0.0,0.0,AAPL
2026-09-24 14:25:00-04:00,337.5299987792969,337.70001220703125,337.47650146484375,337.5880126953125,42954,0.0,0.0,AAPL
2026-09-24 14:26:00-04:00,337.6400146484375,337.8349914550781,337.6099853515625,337.6099853515625,32455,0.0,0.0,AAPL
2026-09-24 14:27:00-04:00,337.6099853515625,337.7300109863281,337.5799865722656,337.5799865722656,14166,0.0,0.0,AAPL
2026-09-24 14:28:00-04:00,337.6000061035156,337.6650085449219,337.5299987792969,337.57489013671875,25284,0.0,0.0,AAPL
2026-09-24 14:29:00-04:00,337.5736999511719,337.5799865722656,337.5,337.5,14793,0.0,0.0,AAPL
2026-09-24 14:30:00-04:00,337.5299987792969,337.5799865722656,337.5,337.54998779296875,12610,0.0,0.0,AAPL
2026-09-24 14:31:00-04:00,337.5299987792969,337.55999755859375,337.3550109863281,337.4800109863281,25128,0.0,0.0,AAPL
2026-09-24 14:32:00-04:00,337.4898986816406,337.5299987792969,337.3634948730469,337.4399108886719,17435,0.0,0.0,AAPL
2026-09-24 14:33:00-04:00,337.4599914550781,337.58740234375,337.4599914550781,337.5400085449219,22831,0.0,0.0,AAPL
2026-09-24 14:34:00-04:00,337.54998779296875,337.55999755859375,337.45001220703125,337.4750061035156,14247,0.0,0.0,AAPL
2026-09-24 14:35:00-04:00,337.4599914550781,337.5899963378906,337.45001220703125,337.510009765625,18295,0.0,0.0,AAPL
2026-09-24 14:36:00-04:00,337.510009765625,337.55999755859375,337.4599914550781,337.4599914550781,15319,0.0,0.0,AAPL
2026-09-24 14:37:00-04:00,337.4599914550781,337.6300048828125,337.41009521484375,337.6099853515625,9707,0.0,0.0,AAPL
2026-09-24 14:38:00-04:00,337.6199951171875,337.79998779296875,337.5762023925781,337.7200012207031,29526,0.0,0.0,AAPL
2026-09-24 14:39:00-04:00,337.69000244140625,337.76800537109375,337.510009765625,337.5799865722656,38105,0.0,0.0,AAPL
2026-09-24 14:40:00-04:00,337.5849914550781,337.6199951171875,337.5400085449219,337.5799865722656,17318,0.0,0.0,AAPL
2026-09-24 14:41:00-04:00,337.57000732421875,337.6400146484375,337.5199890136719,337.5304870605469,14859,0.0,0.0,AAPL
2026-09-24 14:42:00-04:00,337.5299987792969,337.5299987792969,337.3500061035156,337.43780517578125,21048,0.0,0.0,AAPL
2026-09-24 14:43:00-04:00,337.44989013671875,337.44989013671875,337.2699890136719,337.3599853515625,22128,0.0,0.0,AAPL
2026-09-24 14:44:00-04:00,337.3699951171875,337.4700012207031,337.3399963378906,337.3800048828125,20100,0.0,0.0,AAPL
2026-09-24 14:45:00-04:00,337.3900146484375,337.5199890136719,337.364990234375,337.4364929199219,13458,0.0,0.0,AAPL
2026-09-24 14:46:00-04:00,337.42620849609375,337.57989501953125,337.42620849609375,337.55999755859375,16969,0.0,0.0,AAPL
2026-09-24 14:47:00-04:00,337.55999755859375,337.55999755859375,337.3955078125,337.42498779296875,32937,0.0,0.0,AAPL
2026-09-24 14:48:00-04:00,337.44000244140625,337.45001220703125,337.3500061035156,337.3599853515625,16073,0.0,0.0,AAPL
2026-09-24 14:49:00-04:00,337.3599853515625,337.42999267578125,337.32000732421875,337.3699951171875,18832,0.0,0.0,AAPL
2026-09-24 14:50:00-04:00,337.3599853515625,337.489990234375,337.2900085449219,337.45001220703125,16615,0.0,0.0,AAPL
2026-09-24 14:51:00-04:00,337.4700012207031,337.4700012207031,337.385009765625,337.3999938964844,19071,0.0,0.0,AAPL
2026-09-24 14:52:00-04:00,337.4031982421875,337.4700012207031,337.360107421875,337.42999267578125,19570,0.0,0.0,AAPL
2026-09-24 14:53:00-04:00,337.42498779296875,337.44500732421875,337.32501220703125,337.3299865722656,13101,0.0,0.0,AAPL
2026-09-24 14:54:00-04:00,337.33221435546875,337.33221435546875,337.1400146484375,337.2250061035156,27074,0.0,0.0,AAPL
2026-09-24 14:55:00-04:00,337.1499938964844,337.30999755859375,337.1499938964844,337.2850036621094,17733,0.0,0.0,AAPL
2026-09-24 14:56:00-04:00,337.2799987792969,337.3699951171875,337.2699890136719,337.3699951171875,15557,0.0,0.0,AAPL
2026-09-24 14:57:00-04:00,337.3699951171875,337.4700012207031,337.32000732421875,337.4198913574219,20444,0.0,0.0,AAPL
2026-09-24 14:58:00-04:00,337.4200134277344,337.4200134277344,337.29998779296875,337.31500244140625,30394,0.0,0.0,AAPL
2026-09-24 14:59:00-04:00,337.3299865722656,337.3699951171875,337.2099914550781,337.2799987792969,19026,0.0,0.0,AAPL
2026-09-24 15:00:00-04:00,337.2578125,337.39990234375,337.2099914550781,337.2799987792969,31393,0.0,0.0,AAPL
2026-09-24 15:01:00-04:00,337.2699890136719,337.4150085449219,337.260009765625,337.3299865722656,22441,0.0,0.0,AAPL
2026-09-24 15:02:00-04:00,337.3500061035156,337.3599853515625,337.0799865722656,337.1449890136719,31088,0.0,0.0,AAPL
2026-09-24 15:03:00-04:00,337.1499938964844,337.20001220703125,336.9700012207031,336.9700012207031,28979,0.0,0.0,AAPL
2026-09-24 15:04:00-04:00,336.9649963378906,337.1650085449219,336.9512939453125,337.1600036621094,19045,0.0,0.0,AAPL
2026-09-24 15:05:00-04:00,337.17999267578125,337.2698974609375,337.1499938964844,337.260009765625,16732,0.0,0.0,AAPL
2026-09-24 15:06:00-04:00,337.2401123046875,337.2799987792969,337.1700134277344,337.239990234375,19632,0.0,0.0,AAPL
2026-09-24 15:07:00-04:00,337.20001220703125,337.2300109863281,337.1499938964844,337.20159912109375,18559,0.0,0.0,AAPL
2026-09-24 15:08:00-04:00,337.19000244140625,337.260009765625,337.19000244140625,337.19000244140625,14580,0.0,0.0,AAPL
2026-09-24 15:09:00-04:00,337.20001220703125,337.31500244140625,337.1300964355469,337.2900085449219,17791,0.0,0.0,AAPL
2026-09-24 15:10:00-04:00,337.2900085449219,337.3299865722656,337.17999267578125,337.2049865722656,21641,0.0,0.0,AAPL
2026-09-24 15:11:00-04:00,337.21319580078125,337.82989501953125,337.17999267578125,337.7900085449219,58890,0.0,0.0,AAPL
2026-09-24 15:12:00-04:00,337.78900146484375,337.78900146484375,337.55999755859375,337.6199951171875,33404,0.0,0.0,AAPL
2026-09-24 15:13:00-04:00,337.6272888183594,337.6600036621094,337.55999755859375,337.6300048828125,39355,0.0,0.0,AAPL
2026-09-24 15:14:00-04:00,337.6199951171875,337.625,337.45001220703125,337.54998779296875,26366,0.0,0.0,AAPL
2026-09-24 15:15:00-04:00,337.54998779296875,337.7099914550781,337.53009033203125,337.7099914550781,34396,0.0,0.0,AAPL
2026-09-24 15:16:00-04:00,337.7200012207031,337.760009765625,337.69500732421875,337.7200012207031,41737,0.0,0.0,AAPL
2026-09-24 15:17:00-04:00,337.739990234375,337.79449462890625,337.6000061035156,337.6300048828125,44137,0.0,0.0,AAPL
2026-09-24 15:18:00-04:00,337.62750244140625,337.7604064941406,337.6199951171875,337.7449951171875,35806,0.0,0.0,AAPL
2026-09-24 15:19:00-04:00,337.7300109863281,337.814697265625,337.57000732421875,337.814697265625,45820,0.0,0.0,AAPL
2026-09-24 15:20:00-04:00,337.80999755859375,337.8299865722656,337.68011474609375,337.7300109863281,48301,0.0,0.0,AAPL
2026-09-24 15:21:00-04:00,337.7300109863281,338.0199890136719,337.7300109863281,338.010009765625,66454,0.0,0.0,AAPL
2026-09-24 15:22:00-04:00,337.989990234375,337.989990234375,337.79998779296875,337.8800048828125,42044,0.0,0.0,AAPL
2026-09-24 15:23:00-04:00,337.875,337.94000244140625,337.82000732421875,337.9100036621094,30081,0.0,0.0,AAPL
2026-09-24 15:24:00-04:00,337.9100036621094,338.010009765625,337.8699951171875,337.99688720703125,54405,0.0,0.0,AAPL
2026-09-24 15:25:00-04:00,338.0050048828125,338.0400085449219,337.82000732421875,337.8251037597656,37338,0.0,0.0,AAPL
2026-09-24 15:26:00-04:00,337.8301086425781,337.8699951171875,337.6499938964844,337.8550109863281,42858,0.0,0.0,AAPL
2026-09-24 15:27:00-04:00,337.8500061035156,337.8500061035156,337.70001220703125,337.739990234375,38575,0.0,0.0,AAPL
2026-09-24 15:28:00-04:00,337.7300109863281,337.7799987792969,337.6600036621094,337.7099914550781,21103,0.0,0.0,AAPL
2026-09-24 15:29:00-04:00,337.7099914550781,337.760009765625,337.6199951171875,337.6400146484375,44635,0.0,0.0,AAPL
2026-09-24 15:30:00-04:00,337.6499938964844,337.6650085449219,337.44000244140625,337.4601135253906,49148,0.0,0.0,AAPL
2026-09-24 15:31:00-04:00,337.4800109863281,337.53399658203125,337.40899658203125,337.4849853515625,42773,0.0,0.0,AAPL
2026-09-24 15:32:00-04:00,337.489990234375,337.5,337.2402038574219,337.2799987792969,41085,0.0,0.0,AAPL
2026-09-24 15:33:00-04:00,337.2850036621094,337.3699951171875,337.2200927734375,337.2401123046875,44574,0.0,0.0,AAPL
2026-09-24 15:34:00-04:00,337.2550048828125,337.3699951171875,337.2200012207031,337.3500061035156,31392,0.0,0.0,AAPL
2026-09-24 15:35:00-04:00,337.3699951171875,337.3900146484375,337.239990234375,337.3450012207031,34787,0.0,0.0,AAPL
2026-09-24 15:36:00-04:00,337.3335876464844,337.4898986816406,337.3335876464844,337.42999267578125,36443,0.0,0.0,AAPL
2026-09-24 15:37:00-04:00,337.42999267578125,337.45001220703125,337.2799987792969,337.3399963378906,31898,0.0,0.0,AAPL
2026-09-24 15:38:00-04:00,337.3299865722656,337.3550109863281,337.25,337.2850036621094,29072,0.0,0.0,AAPL
2026-09-24 15:39:00-04:00,337.2850036621094,337.42999267578125,337.2699890136719,337.3901062011719,35857,0.0,0.0,AAPL
2026-09-24 15:40:00-04:00,337.42999267578125,337.4599914550781,337.2449951171875,337.2699890136719,46578,0.0,0.0,AAPL
2026-09-24 15:41:00-04:00,337.2699890136719,337.3599853515625,337.2699890136719,337.3349914550781,37367,0.0,0.0,AAPL
2026-09-24 15:42:00-04:00,337.3349914550781,337.3349914550781,337.1549987792969,337.17498779296875,40003,0.0,0.0,AAPL
2026-09-24 15:43:00-04:00,337.17999267578125,337.2099914550781,337.1199951171875,337.1600036621094,41838,0.0,0.0,AAPL
2026-09-24 15:44:00-04:00,337.1549987792969,337.17999267578125,336.7760009765625,336.8074951171875,72128,0.0,0.0,AAPL
2026-09-24 15:45:00-04:00,336.7900085449219,336.7900085449219,336.6600036621094,336.67999267578125,69804,0.0,0.0,AAPL
2026-09-24 15:46:00-04:00,336.70001220703125,336.9200134277344,336.6907958984375,336.8399963378906,67500,0.0,0.0,AAPL
2026-09-24 15:47:00-04:00,336.8500061035156,337.07000732421875,336.8299865722656,336.9849853515625,44084,0.0,0.0,AAPL
2026-09-24 15:48:00-04:00,336.9750061035156,337.06988525390625,336.8999938964844,336.9700012207031,38395,0.0,0.0,AAPL
2026-09-24 15:49:00-04:00,336.9700012207031,337.04998779296875,336.79998779296875,336.8399963378906,54216,0.0,0.0,AAPL
2026-09-24 15:50:00-04:00,336.82000732421875,337.1499938964844,336.7900085449219,336.8999938964844,88353,0.0,0.0,AAPL
2026-09-24 15:51:00-04:00,336.8900146484375,337.2099914550781,336.8800048828125,337.1499938964844,63524,0.0,0.0,AAPL
2026-09-24 15:52:00-04:00,337.1499938964844,337.239990234375,337.06390380859375,337.2200012207031,50163,0.0,0.0,AAPL
2026-09-24 15:53:00-04:00,337.2200012207031,337.42999267578125,337.2099914550781,337.2650146484375,76454,0.0,0.0,AAPL
2026-09-24 15:54:00-04:00,337.2799987792969,337.32501220703125,336.69049072265625,336.7300109863281,95686,0.0,0.0,AAPL
2026-09-24 15:55:00-04:00,336.7300109863281,336.7309875488281,335.97198486328125,336.1000061035156,219267,0.0,0.0,AAPL
2026-09-24 15:56:00-04:00,336.1000061035156,336.19000244140625,335.8800048828125,336.0199890136719,136997,0.0,0.0,AAPL
2026-09-24 15:57:00-04:00,336.010009765625,336.19000244140625,335.8699951171875,335.95001220703125,238963,0.0,0.0,AAPL
2026-09-24 15:58:00-04:00,335.9599914550781,336.1499938964844,335.9599914550781,336.0899963378906,277034,0.0,0.0,AAPL
2026-09-24 15:59:00-04:00,336.1000061035156,336.239990234375,335.8599853515625,335.8699951171875,567060,0.0,0.0,AAPL
2026-09-25 09:30:00-04:00,336.0400085449219,336.79998779296875,335.5,335.80999755859375,742589,0.0,0.0,AAPL
2026-09-25 09:31:00-04:00,335.75,335.8299865722656,334.5299987792969,334.7900085449219,151869,0.0,0.0,AAPL
2026-09-25 09:32:00-04:00,334.7650146484375,335.3702087402344,334.6606140136719,335.1004943847656,77860,0.0,0.0,AAPL
2026-09-25 09:33:00-04:00,335.04998779296875,335.6400146484375,334.9100036621094,335.1585998535156,89919,0.0,0.0,AAPL
2026-09-25 09:34:00-04:00,335.0899963378906,335.3599853515625,334.75,334.9200134277344,71429,0.0,0.0,AAPL
2026-09-25 09:35:00-04:00,334.8699951171875,335.4444885253906,334.8349914550781,335.17999267578125,100257,0.0,0.0,AAPL
2026-09-25 09:36:00-04:00,335.19000244140625,335.3999938964844,335.0799865722656,335.1199035644531,71669,0.0,0.0,AAPL
2026-09-25 09:37:00-04:00,335.1099853515625,335.2398986816406,334.7850036621094,334.82989501953125,51353,0.0,0.0,AAPL
2026-09-25 09:38:00-04:00,334.8299865722656,335.25,334.7908020019531,335.17999267578125,63837,0.0,0.0,AAPL
2026-09-25 09:39:00-04:00,335.2300109863281,335.9184875488281,335.17498779296875,335.8299865722656,100888,0.0,0.0,AAPL
2026-09-25 09:40:00-04:00,335.80999755859375,335.8900146484375,335.68218994140625,335.8900146484375,47063,0.0,0.0,AAPL
2026-09-25 09:41:00-04:00,335.92999267578125,336.42999267578125,335.7699890136719,336.1700134277344,105524,0.0,0.0,AAPL
2026-09-25 09:42:00-04:00,336.1300048828125,336.2898864746094,335.9100036621094,335.93499755859375,105534,0.0,0.0,AAPL
2026-09-25 09:43:00-04:00,335.9100036621094,335.9252014160156,335.1099853515625,335.2099914550781,126602,0.0,0.0,AAPL
2026-09-25 09:44:00-04:00,335.260009765625,336.0050048828125,335.22369384765625,335.7799987792969,93833,0.0,0.0,AAPL
2026-09-25 09:45:00-04:00,335.7749938964844,336.2868957519531,335.7200012207031,336.0899963378906,79051,0.0,0.0,AAPL
2026-09-25 09:46:00-04:00,336.0899963378906,336.2099914550781,335.80999755859375,335.9652099609375,58589,0.0,0.0,AAPL
2026-09-25 09:47:00-04:00,335.9599914550781,336.010009765625,335.79998779296875,335.94000244140625,34061,0.0,0.0,AAPL
2026-09-25 09:48:00-04:00,335.94000244140625,336.0098876953125,335.739990234375,335.8800048828125,35220,0.0,0.0,AAPL
2026-09-25 09:49:00-04:00,335.8800048828125,336.1199035644531,335.8299865722656,335.9800109863281,43189,0.0,0.0,AAPL
2026-09-25 09:50:00-04:00,335.9599914550781,336.0799865722656,335.80999755859375,335.989990234375,30655,0.0,0.0,AAPL
2026-09-25 09:51:00-04:00,336.0249938964844,336.19000244140625,335.9139099121094,336.0299987792969,55894,0.0,0.0,AAPL
2026-09-25 09:52:00-04:00,336.05999755859375,336.1499938964844,335.8599853515625,335.95001220703125,40682,0.0,0.0,AAPL
2026-09-25 09:53:00-04:00,335.9599914550781,336.12750244140625,335.8500061035156,336.0400085449219,50564,0.0,0.0,AAPL
2026-09-25 09:54:00-04:00,336.0398864746094,336.04998779296875,335.6499938964844,335.8599853515625,33913,0.0,0.0,AAPL
2026-09-25 09:55:00-04:00,335.8599853515625,336.2237854003906,335.75,336.2237854003906,41597,0.0,0.0,AAPL
2026-09-25 09:56:00-04:00,336.19000244140625,336.239990234375,335.92999267578125,336.0299987792969,38936,0.0,0.0,AAPL
2026-09-25 09:57:00-04:00,336.0,336.2499084472656,335.7099914550781,335.8450012207031,50203,0.0,0.0,AAPL
2026-09-25 09:58:00-04:00,335.81500244140625,336.1099853515625,335.81500244140625,336.0799865722656,29495,0.0,0.0,AAPL
2026-09-25 09:59:00-04:00,336.0299987792969,336.06988525390625,335.82000732421875,336.04998779296875,31183,0.0,0.0,AAPL
2026-09-25 10:00:00-04:00,335.9700012207031,336.0299987792969,335.7101135253906,335.760009765625,36606,0.0,0.0,AAPL
2026-09-25 10:01:00-04:00,335.7699890136719,335.9100036621094,335.5799865722656,335.68499755859375,61139,0.0,0.0,AAPL
2026-09-25 10:02:00-04:00,335.6600036621094,335.7099914550781,335.3999938964844,335.5198974609375,47644,0.0,0.0,AAPL
2026-09-25 10:03:00-04:00,335.4599914550781,335.82501220703125,335.4540100097656,335.7799987792969,46007,0.0,0.0,AAPL
2026-09-25 10:04:00-04:00,335.7650146484375,335.8221130371094,335.4700012207031,335.4700012207031,40718,0.0,0.0,AAPL
2026-09-25 10:05:00-04:00,335.42999267578125,335.489990234375,335.0,335.0155029296875,76806,0.0,0.0,AAPL
2026-09-25 10:06:00-04:00,335.0400085449219,335.2950134277344,334.9700012207031,335.1700134277344,66500,0.0,0.0,AAPL
2026-09-25 10:07:00-04:00,335.17498779296875,335.42999267578125,335.1449890136719,335.2799987792969,46408,0.0,0.0,AAPL
2026-09-25 10:08:00-04:00,335.25,335.45001220703125,335.25,335.44000244140625,26072,0.0,0.0,AAPL
2026-09-25 10:09:00-04:00,335.4599914550781,335.4599914550781,335.2200012207031,335.45001220703125,29740,0.0,0.0,AAPL
2026-09-25 10:10:00-04:00,335.4800109863281,335.5,335.0299987792969,335.0299987792969,40003,0.0,0.0,AAPL
2026-09-25 10:11:00-04:00,335.0799865722656,335.11920166015625,334.75,334.989990234375,62670,0.0,0.0,AAPL
2026-09-25 10:12:00-04:00,334.9800109863281,335.0299987792969,334.7799987792969,335.010009765625,36271,0.0,0.0,AAPL
2026-09-25 10:13:00-04:00,335.0,335.0799865722656,334.7860107421875,335.0,60440,0.0,0.0,AAPL
2026-09-25 10:14:00-04:00,335.010009765625,335.1000061035156,334.8700866699219,334.9800109863281,55377,0.0,0.0,AAPL
2026-09-25 10:15:00-04:00,335.0057067871094,335.3399963378906,334.6199951171875,335.32000732421875,76515,0.0,0.0,AAPL
2026-09-25 10:16:00-04:00,335.31500244140625,335.4164123535156,335.1700134277344,335.239990234375,54286,0.0,0.0,AAPL
2026-09-25 10:17:00-04:00,335.2250061035156,335.45001220703125,335.1899108886719,335.3900146484375,53049,0.0,0.0,AAPL
2026-09-25 10:18:00-04:00,335.42498779296875,335.4549865722656,335.05999755859375,335.19000244140625,44147,0.0,0.0,AAPL
2026-09-25 10:19:00-04:00,335.1700134277344,335.45989990234375,335.1099853515625,335.3800048828125,32506,0.0,0.0,AAPL
2026-09-25 10:20:00-04:00,335.389892578125,335.489990234375,335.1700134277344,335.4800109863281,37450,0.0,0.0,AAPL
2026-09-25 10:21:00-04:00,335.44000244140625,335.6700134277344,335.4150085449219,335.4549865722656,32271,0.0,0.0,AAPL
2026-09-25 10:22:00-04:00,335.45001220703125,335.4700012207031,335.2200012207031,335.3299865722656,32594,0.0,0.0,AAPL
2026-09-25 10:23:00-04:00,335.3399963378906,335.5,335.2101135253906,335.3299865722656,44241,0.0,0.0,AAPL
2026-09-25 10:24:00-04:00,335.2749938964844,335.3999938964844,335.239990234375,335.3800048828125,35708,0.0,0.0,AAPL
2026-09-25 10:25:00-04:00,335.42999267578125,335.8999938964844,335.3900146484375,335.8999938964844,59348,0.0,0.0,AAPL
2026-09-25 10:26:00-04:00,335.92999267578125,336.25,335.92999267578125,336.0050048828125,56867,0.0,0.0,AAPL
2026-09-25 10:27:00-04:00,336.0299987792969,336.1600036621094,335.92999267578125,336.04998779296875,31687,0.0,0.0,AAPL
2026-09-25 10:28:00-04:00,336.0799865722656,336.3999938964844,336.0299987792969,336.30999755859375,72229,0.0,0.0,AAPL
2026-09-25 10:29:00-04:00,336.3299865722656,336.5050048828125,336.2749938964844,336.3599853515625,52747,0.0,0.0,AAPL
2026-09-25 10:30:00-04:00,336.3550109863281,336.5889892578125,336.2025146484375,336.3550109863281,71235,0.0,0.0,AAPL
2026-09-25 10:31:00-04:00,336.3794860839844,336.55499267578125,336.260009765625,336.55499267578125,78645,0.0,0.0,AAPL
2026-09-25 10:32:00-04:00,336.55499267578125,336.989990234375,336.5400085449219,336.94000244140625,84801,0.0,0.0,AAPL
2026-09-25 10:33:00-04:00,336.9150085449219,336.9700012207031,336.7701110839844,336.7701110839844,69570,0.0,0.0,AAPL
2026-09-25 10:34:00-04:00,336.7900085449219,336.7900085449219,336.3999938964844,336.57000732421875,76590,0.0,0.0,AAPL
2026-09-25 10:35:00-04:00,336.5849914550781,336.9800109863281,336.54998779296875,336.80999755859375,61361,0.0,0.0,AAPL
2026-09-25 10:36:00-04:00,336.79998779296875,337.0,336.6700134277344,336.9100036621094,52668,0.0,0.0,AAPL
2026-09-25 10:37:00-04:00,336.885009765625,337.19000244140625,336.8544006347656,337.1394958496094,92710,0.0,0.0,AAPL
2026-09-25 10:38:00-04:00,337.1400146484375,337.34991455078125,337.07000732421875,337.125,68552,0.0,0.0,AAPL
2026-09-25 10:39:00-04:00,337.1000061035156,337.34979248046875,337.0899963378906,337.3399963378906,38335,0.0,0.0,AAPL
2026-09-25 10:40:00-04:00,337.3299865722656,337.42999267578125,337.2099914550781,337.30010986328125,63717,0.0,0.0,AAPL
2026-09-25 10:41:00-04:00,337.2937927246094,337.4700012207031,336.7200012207031,336.739990234375,128026,0.0,0.0,AAPL
2026-09-25 10:42:00-04:00,336.85418701171875,336.8800048828125,336.6000061035156,336.8399963378906,69331,0.0,0.0,AAPL
2026-09-25 10:43:00-04:00,336.82000732421875,336.8399963378906,336.57000732421875,336.6400146484375,50821,0.0,0.0,AAPL
2026-09-25 10:44:00-04:00,336.635009765625,336.8299865722656,336.510498046875,336.81500244140625,53493,0.0,0.0,AAPL
2026-09-25 10:45:00-04:00,336.80999755859375,336.9800109863281,336.67999267578125,336.9800109863281,69503,0.0,0.0,AAPL
2026-09-25 10:46:00-04:00,336.9700012207031,336.9700012207031,336.7099914550781,336.9049987792969,35524,0.0,0.0,AAPL
2026-09-25 10:47:00-04:00,336.8800048828125,337.1300048828125,336.8550109863281,337.07000732421875,50356,0.0,0.0,AAPL
2026-09-25 10:48:00-04:00,337.0400085449219,337.19500732421875,336.9700012207031,337.1099853515625,42664,0.0,0.0,AAPL
2026-09-25 10:49:00-04:00,337.0799865722656,337.59991455078125,337.04998779296875,337.43499755859375,63848,0.0,0.0,AAPL
2026-09-25 10:50:00-04:00,337.4599914550781,337.57000732421875,337.2958984375,337.39849853515625,64212,0.0,0.0,AAPL
2026-09-25 10:51:00-04:00,337.4200134277344,337.6300048828125,337.3900146484375,337.4100036621094,46226,0.0,0.0,AAPL
2026-09-25 10:52:00-04:00,337.3800048828125,337.489990234375,337.29998779296875,337.3399963378906,34972,0.0,0.0,AAPL
2026-09-25 10:53:00-04:00,337.33209228515625,337.7294921875,337.2701110839844,337.5450134277344,33762,0.0,0.0,AAPL
2026-09-25 10:54:00-04:00,337.53509521484375,337.6400146484375,337.47100830078125,337.4949951171875,31804,0.0,0.0,AAPL
2026-09-25 10:55:00-04:00,337.5,337.7200012207031,337.0950012207031,337.32501220703125,108148,0.0,0.0,AAPL
2026-09-25 10:56:00-04:00,337.32000732421875,337.5,337.2860107421875,337.2900085449219,36583,0.0,0.0,AAPL
2026-09-25 10:57:00-04:00,337.31500244140625,337.5799865722656,337.2799987792969,337.375,48429,0.0,0.0,AAPL
2026-09-25 10:58:00-04:00,337.3399963378906,337.385986328125,337.1318054199219,337.3800048828125,34342,0.0,0.0,AAPL
2026-09-25 10:59:00-04:00,337.375,337.6239929199219,337.29998779296875,337.55999755859375,64248,0.0,0.0,AAPL
2026-09-25 11:00:00-04:00,337.5400085449219,337.5799865722656,337.32000732421875,337.43499755859375,63851,0.0,0.0,AAPL
2026-09-25 11:01:00-04:00,337.4100036621094,337.70001220703125,337.3699951171875,337.5400085449219,46652,0.0,0.0,AAPL
2026-09-25 11:02:00-04:00,337.5350036621094,337.6600036621094,337.5,337.57000732421875,49152,0.0,0.0,AAPL
2026-09-25 11:03:00-04:00,337.6099853515625,337.7300109863281,337.385009765625,337.385009765625,30005,0.0,0.0,AAPL
2026-09-25 11:04:00-04:00,337.4100036621094,337.6199951171875,337.3800048828125,337.3800048828125,37233,0.0,0.0,AAPL
2026-09-25 11:05:00-04:00,337.364990234375,337.6099853515625,337.364990234375,337.55999755859375,25184,0.0,0.0,AAPL
2026-09-25 11:06:00-04:00,337.56500244140625,337.67999267578125,337.5199890136719,337.6400146484375,36877,0.0,0.0,AAPL
2026-09-25 11:07:00-04:00,337.6050109863281,337.760009765625,337.57000732421875,337.75,35136,0.0,0.0,AAPL
2026-09-25 11:08:00-04:00,337.7300109863281,337.8500061035156,337.6900939941406,337.7099914550781,52839,0.0,0.0,AAPL
2026-09-25 11:09:00-04:00,337.7398986816406,337.80999755859375,337.5199890136719,337.5199890136719,33691,0.0,0.0,AAPL
2026-09-25 11:10:00-04:00,337.5199890136719,337.6000061035156,337.34698486328125,337.4049987792969,42311,0.0,0.0,AAPL
2026-09-25 11:11:00-04:00,337.4100036621094,337.42999267578125,337.0,337.07550048828125,44339,0.0,0.0,AAPL
2026-09-25 11:12:00-04:00,337.1000061035156,337.4100036621094,337.07000732421875,337.3359069824219,40866,0.0,0.0,AAPL
2026-09-25 11:13:00-04:00,337.3500061035156,337.5895080566406,337.3200988769531,337.552490234375,46649,0.0,0.0,AAPL
2026-09-25 11:14:00-04:00,337.55450439453125,337.8599853515625,337.53509521484375,337.82000732421875,79185,0.0,0.0,AAPL
2026-09-25 11:15:00-04:00,337.8399963378906,337.9649963378906,337.6300048828125,337.75,40513,0.0,0.0,AAPL
2026-09-25 11:16:00-04:00,337.7349853515625,337.95001220703125,337.68011474609375,337.95001220703125,25413,0.0,0.0,AAPL
2026-09-25 11:17:00-04:00,337.95001220703125,338.21990966796875,337.92999267578125,338.0950012207031,92380,0.0,0.0,AAPL
2026-09-25 11:18:00-04:00,338.0950012207031,338.1400146484375,337.8599853515625,338.1199951171875,46185,0.0,0.0,AAPL
2026-09-25 11:19:00-04:00,338.125,338.125,337.68359375,337.8192138671875,42128,0.0,0.0,AAPL
2026-09-25 11:20:00-04:00,337.80999755859375,338.42999267578125,337.80999755859375,338.3909912109375,93741,0.0,0.0,AAPL
2026-09-25 11:21:00-04:00,338.4049987792969,338.4700012207031,338.20001220703125,338.3599853515625,48956,0.0,0.0,AAPL
2026-09-25 11:22:00-04:00,338.3550109863281,338.44000244140625,338.27099609375,338.3399963378906,53180,0.0,0.0,AAPL
2026-09-25 11:23:00-04:00,338.3699951171875,338.4649963378906,338.1499938964844,338.19000244140625,38661,0.0,0.0,AAPL
2026-09-25 11:24:00-04:00,338.1700134277344,338.260009765625,337.9700012207031,338.0299987792969,49676,0.0,0.0,AAPL
2026-09-25 11:25:00-04:00,338.0199890136719,338.3099060058594,338.0199890136719,338.2850036621094,63301,0.0,0.0,AAPL
2026-09-25 11:26:00-04:00,338.2749938964844,338.6400146484375,338.1802978515625,338.45001220703125,98914,0.0,0.0,AAPL
2026-09-25 11:27:00-04:00,338.4599914550781,338.5299072265625,338.3999938964844,338.45001220703125,41467,0.0,0.0,AAPL
2026-09-25 11:28:00-04:00,338.4549865722656,338.5199890136719,338.375,338.42999267578125,38869,0.0,0.0,AAPL
2026-09-25 11:29:00-04:00,338.45001220703125,338.6300048828125,338.4150085449219,338.4150085449219,53883,0.0,0.0,AAPL
2026-09-25 11:30:00-04:00,338.45001220703125,338.6300048828125,338.2850036621094,338.3800048828125,136268,0.0,0.0,AAPL
2026-09-25 11:31:00-04:00,338.3599853515625,338.57000732421875,338.3500061035156,338.55999755859375,76132,0.0,0.0,AAPL
2026-09-25 11:32:00-04:00,338.54998779296875,338.80999755859375,338.5299987792969,338.7658996582031,49045,0.0,0.0,AAPL
2026-09-25 11:33:00-04:00,338.7449951171875,339.0299987792969,338.7449951171875,339.0,93205,0.0,0.0,AAPL
2026-09-25 11:34:00-04:00,339.0,339.07000732421875,338.6300048828125,338.7650146484375,103501,0.0,0.0,AAPL
2026-09-25 11:35:00-04:00,338.7850036621094,338.79998779296875,338.5199890136719,338.6650085449219,48605,0.0,0.0,AAPL
2026-09-25 11:36:00-04:00,338.6499938964844,338.67999267578125,338.360107421875,338.3949890136719,44066,0.0,0.0,AAPL
2026-09-25 11:37:00-04:00,338.4100036621094,338.55999755859375,338.32049560546875,338.5400085449219,61324,0.0,0.0,AAPL
2026-09-25 11:38:00-04:00,338.5199890136719,338.5299987792969,338.18011474609375,338.3500061035156,40760,0.0,0.0,AAPL
2026-09-25 11:39:00-04:00,338.3349914550781,338.44000244140625,338.25030517578125,338.364990234375,42786,0.0,0.0,AAPL
2026-09-25 11:40:00-04:00,338.3800048828125,338.489990234375,338.3299865722656,338.43499755859375,41882,0.0,0.0,AAPL
2026-09-25 11:41:00-04:00,338.43499755859375,338.489990234375,338.3900146484375,338.4700012207031,26933,0.0,0.0,AAPL
2026-09-25 11:42:00-04:00,338.4849853515625,338.5799865722656,338.3399963378906,338.42999267578125,49959,0.0,0.0,AAPL
2026-09-25 11:43:00-04:00,338.3900146484375,338.4599914550781,338.20001220703125,338.2200012207031,34724,0.0,0.0,AAPL
2026-09-25 11:44:00-04:00,338.20001220703125,338.3450012207031,338.1400146484375,338.33929443359375,43032,0.0,0.0,AAPL
2026-09-25 11:45:00-04:00,338.3349914550781,338.6199951171875,338.3200988769531,338.3500061035156,53568,0.0,0.0,AAPL
2026-09-25 11:46:00-04:00,338.3544006347656,338.4898986816406,338.20001220703125,338.42010498046875,40470,0.0,0.0,AAPL
2026-09-25 11:47:00-04:00,338.4599914550781,338.5199890136719,338.3599853515625,338.4599914550781,31557,0.0,0.0,AAPL
2026-09-25 11:48:00-04:00,338.4100036621094,338.489990234375,338.2892150878906,338.45001220703125,27873,0.0,0.0,AAPL
2026-09-25 11:49:00-04:00,338.44000244140625,338.4599914550781,338.25,338.42999267578125,31559,0.0,0.0,AAPL
2026-09-25 11:50:00-04:00,338.45001220703125,338.57501220703125,338.45001220703125,338.5199890136719,22829,0.0,0.0,AAPL
2026-09-25 11:51:00-04:00,338.5199890136719,338.54998779296875,338.30999755859375,338.30999755859375,32638,0.0,0.0,AAPL
2026-09-25 11:52:00-04:00,338.29998779296875,338.3500061035156,338.1499938964844,338.2449951171875,64052,0.0,0.0,AAPL
2026-09-25 11:53:00-04:00,338.2699890136719,338.31500244140625,338.17999267578125,338.29998779296875,36070,0.0,0.0,AAPL
2026-09-25 11:54:00-04:00,338.32000732421875,338.6299133300781,338.29998779296875,338.5400085449219,49616,0.0,0.0,AAPL
2026-09-25 11:55:00-04:00,338.55999755859375,338.7587890625,338.510009765625,338.75,27952,0.0,0.0,AAPL
2026-09-25 11:56:00-04:00,338.75,339.1239929199219,338.739990234375,339.0400085449219,68185,0.0,0.0,AAPL
2026-09-25 11:57:00-04:00,339.05499267578125,339.29998779296875,338.9901123046875,339.27740478515625,80877,0.0,0.0,AAPL
2026-09-25 11:58:00-04:00,339.30499267578125,339.377197265625,339.2099914550781,339.2099914550781,68975,0.0,0.0,AAPL
2026-09-25 11:59:00-04:00,339.2200012207031,339.5159912109375,339.1400146484375,339.510009765625,89453,0.0,0.0,AAPL
2026-09-25 12:00:00-04:00,339.4849853515625,339.75,339.3900146484375,339.69000244140625,123886,0.0,0.0,AAPL
2026-09-25 12:01:00-04:00,339.69000244140625,339.7900085449219,339.5899963378906,339.7250061035156,79360,0.0,0.0,AAPL
2026-09-25 12:02:00-04:00,339.7598876953125,340.093994140625,339.7550048828125,339.9585876464844,217354,0.0,0.0,AAPL
2026-09-25 12:03:00-04:00,339.9750061035156,340.239990234375,339.94000244140625,340.1700134277344,118760,0.0,0.0,AAPL
2026-09-25 12:04:00-04:00,340.1700134277344,340.18011474609375,339.7900085449219,339.8599853515625,68760,0.0,0.0,AAPL
2026-09-25 12:05:00-04:00,339.8399963378906,340.1117858886719,339.83709716796875,340.010009765625,57736,0.0,0.0,AAPL
2026-09-25 12:06:00-04:00,340.010009765625,340.0199890136719,339.760009765625,339.8450012207031,43725,0.0,0.0,AAPL
2026-09-25 12:07:00-04:00,339.8500061035156,339.9100036621094,339.4700012207031,339.4700012207031,72208,0.0,0.0,AAPL
2026-09-25 12:08:00-04:00,339.489990234375,339.6000061035156,339.42999267578125,339.5400085449219,35003,0.0,0.0,AAPL
2026-09-25 12:09:00-04:00,339.5,339.5299987792969,339.375,339.45001220703125,31229,0.0,0.0,AAPL
2026-09-25 12:10:00-04:00,339.4700012207031,339.67999267578125,339.4200134277344,339.489990234375,38928,0.0,0.0,AAPL
2026-09-25 12:11:00-04:00,339.4949951171875,339.889404296875,339.4949951171875,339.889404296875,35596,0.0,0.0,AAPL
2026-09-25 12:12:00-04:00,339.8599853515625,340.03009033203125,339.760009765625,339.7900085449219,44123,0.0,0.0,AAPL
2026-09-25 12:13:00-04:00,339.81500244140625,339.82598876953125,339.69000244140625,339.7300109863281,19758,0.0,0.0,AAPL
2026-09-25 12:14:00-04:00,339.7300109863281,339.75,339.6099853515625,339.7250061035156,20817,0.0,0.0,AAPL
2026-09-25 12:15:00-04:00,339.7200012207031,339.739990234375,339.6199951171875,339.67999267578125,25200,0.0,0.0,AAPL
2026-09-25 12:16:00-04:00,339.67498779296875,339.760009765625,339.57000732421875,339.63189697265625,18269,0.0,0.0,AAPL
2026-09-25 12:17:00-04:00,339.6449890136719,339.67999267578125,339.4200134277344,339.44000244140625,32736,0.0,0.0,AAPL
2026-09-25 12:18:00-04:00,339.4476013183594,339.45989990234375,339.2300109863281,339.32000732421875,45445,0.0,0.0,AAPL
2026-09-25 12:19:00-04:00,339.3349914550781,339.44000244140625,339.2699890136719,339.30499267578125,42938,0.0,0.0,AAPL
2026-09-25 12:20:00-04:00,339.30999755859375,339.4269104003906,339.260009765625,339.29510498046875,40771,0.0,0.0,AAPL
2026-09-25 12:21:00-04:00,339.29998779296875,339.34991455078125,339.20599365234375,339.2900085449219,26582,0.0,0.0,AAPL
2026-09-25 12:22:00-04:00,339.2810974121094,339.4599914550781,339.19000244140625,339.3800048828125,63833,0.0,0.0,AAPL
2026-09-25 12:23:00-04:00,339.3699951171875,339.489990234375,339.1700134277344,339.260009765625,55667,0.0,0.0,AAPL
2026-09-25 12:24:00-04:00,339.27288818359375,339.375,339.18499755859375,339.3599853515625,25267,0.0,0.0,AAPL
2026-09-25 12:25:00-04:00,339.3800048828125,339.4898986816406,339.29998779296875,339.3500061035156,30147,0.0,0.0,AAPL
2026-09-25 12:26:00-04:00,339.3399963378906,339.5899963378906,339.30999755859375,339.56500244140625,47003,0.0,0.0,AAPL
2026-09-25 12:27:00-04:00,339.55999755859375,339.8299865722656,339.54998779296875,339.7300109863281,44073,0.0,0.0,AAPL
2026-09-25 12:28:00-04:00,339.7300109863281,339.8550109863281,339.69000244140625,339.80010986328125,38926,0.0,0.0,AAPL
2026-09-25 12:29:00-04:00,339.82000732421875,340.1023864746094,339.8100891113281,340.07159423828125,80077,0.0,0.0,AAPL
2026-09-25 12:30:00-04:00,340.0400085449219,340.1199951171875,339.9100036621094,339.96990966796875,65707,0.0,0.0,AAPL
2026-09-25 12:31:00-04:00,339.94000244140625,340.1400146484375,339.94000244140625,340.0450134277344,36258,0.0,0.0,AAPL
2026-09-25 12:32:00-04:00,340.05499267578125,340.20001220703125,340.0299987792969,340.0589904785156,50601,0.0,0.0,AAPL
2026-09-25 12:33:00-04:00,340.0450134277344,340.1199951171875,340.0299987792969,340.1050109863281,23418,0.0,0.0,AAPL
2026-09-25 12:34:00-04:00,340.0899963378906,340.1000061035156,339.45001220703125,339.6650085449219,134577,0.0,0.0,AAPL
2026-09-25 12:35:00-04:00,339.697998046875,339.7200012207031,339.489990234375,339.6700134277344,25072,0.0,0.0,AAPL
2026-09-25 12:36:00-04:00,339.67498779296875,339.67498779296875,339.3500061035156,339.4100036621094,39678,0.0,0.0,AAPL
2026-09-25 12:37:00-04:00,339.4100036621094,339.6581115722656,339.4100036621094,339.55499267578125,30192,0.0,0.0,AAPL
2026-09-25 12:38:00-04:00,339.5400085449219,339.7669982910156,339.5400085449219,339.74810791015625,30457,0.0,0.0,AAPL
2026-09-25 12:39:00-04:00,339.7650146484375,339.81988525390625,339.4599914550781,339.510009765625,33854,0.0,0.0,AAPL
2026-09-25 12:40:00-04:00,339.5,339.5762939453125,339.42010498046875,339.42010498046875,23087,0.0,0.0,AAPL
2026-09-25 12:41:00-04:00,339.4599914550781,339.6000061035156,339.3699951171875,339.44000244140625,32572,0.0,0.0,AAPL
2026-09-25 12:42:00-04:00,339.4798889160156,339.6700134277344,339.3800048828125,339.44500732421875,42277,0.0,0.0,AAPL
2026-09-25 12:43:00-04:00,339.4200134277344,339.6499938964844,339.4100036621094,339.6400146484375,24273,0.0,0.0,AAPL
2026-09-25 12:44:00-04:00,339.6449890136719,339.7698974609375,339.3599853515625,339.360107421875,36495,0.0,0.0,AAPL
2026-09-25 12:45:00-04:00,339.375,339.39990234375,339.1700134277344,339.2049865722656,30446,0.0,0.0,AAPL
2026-09-25 12:46:00-04:00,339.19000244140625,339.3695068359375,339.0899963378906,339.1698913574219,65498,0.0,0.0,AAPL
2026-09-25 12:47:00-04:00,339.1600036621094,339.1650085449219,339.04998779296875,339.076904296875,38507,0.0,0.0,AAPL
2026-09-25 12:48:00-04:00,339.0799865722656,339.1600036621094,338.96099853515625,338.9949951171875,29858,0.0,0.0,AAPL
2026-09-25 12:49:00-04:00,338.9949951171875,339.2200012207031,338.9100036621094,339.2200012207031,32299,0.0,0.0,AAPL
2026-09-25 12:50:00-04:00,339.2200012207031,339.2200012207031,339.0,339.1050109863281,23950,0.0,0.0,AAPL
2026-09-25 12:51:00-04:00,339.1099853515625,339.3500061035156,339.1099853515625,339.29998779296875,38369,0.0,0.0,AAPL
2026-09-25 12:52:00-04:00,339.2900085449219,339.3599853515625,339.19000244140625,339.2900085449219,20122,0.0,0.0,AAPL
2026-09-25 12:53:00-04:00,339.2701110839844,339.3599853515625,339.1050109863281,339.1050109863281,18263,0.0,0.0,AAPL
2026-09-25 12:54:00-04:00,339.1000061035156,339.206787109375,339.03009033203125,339.20001220703125,18464,0.0,0.0,AAPL
2026-09-25 12:55:00-04:00,339.1600036621094,339.2300109863281,339.095703125,339.2300109863281,28714,0.0,0.0,AAPL
2026-09-25 12:56:00-04:00,339.2284851074219,339.30999755859375,339.2099914550781,339.2799987792969,18683,0.0,0.0,AAPL
2026-09-25 12:57:00-04:00,339.2650146484375,339.2749938964844,339.1379089355469,339.2099914550781,20192,0.0,0.0,AAPL
2026-09-25 12:58:00-04:00,339.2200012207031,339.25,339.0899963378906,339.1000061035156,16602,0.0,0.0,AAPL
2026-09-25 12:59:00-04:00,339.0799865722656,339.3299865722656,338.8999938964844,339.2449951171875,42977,0.0,0.0,AAPL
2026-09-25 13:00:00-04:00,339.239990234375,339.3949890136719,339.2200927734375,339.2950134277344,65757,0.0,0.0,AAPL
2026-09-25 13:01:00-04:00,339.30499267578125,339.57000732421875,339.2900085449219,339.43499755859375,32749,0.0,0.0,AAPL
2026-09-25 13:02:00-04:00,339.44000244140625,339.69500732421875,339.3999938964844,339.6300048828125,28177,0.0,0.0,AAPL
2026-09-25 13:03:00-04:00,339.6400146484375,339.6499938964844,339.4599914550781,339.4599914550781,42414,0.0,0.0,AAPL
2026-09-25 13:04:00-04:00,339.4800109863281,339.6600036621094,339.44000244140625,339.57000732421875,19556,0.0,0.0,AAPL
2026-09-25 13:05:00-04:00,339.5740051269531,339.69500732421875,339.5,339.69500732421875,25435,0.0,0.0,AAPL
2026-09-25 13:06:00-04:00,339.6600036621094,339.7200012207031,339.55999755859375,339.7049865722656,17065,0.0,0.0,AAPL
2026-09-25 13:07:00-04:00,339.7049865722656,339.760009765625,339.5899963378906,339.6991882324219,23435,0.0,0.0,AAPL
2026-09-25 13:08:00-04:00,339.70001220703125,339.7398986816406,339.4906921386719,339.6300048828125,26681,0.0,0.0,AAPL
2026-09-25 13:09:00-04:00,339.6188049316406,339.8299865722656,339.6188049316406,339.80999755859375,54502,0.0,0.0,AAPL
2026-09-25 13:10:00-04:00,339.80999755859375,339.8922119140625,339.75,339.7915954589844,36276,0.0,0.0,AAPL
2026-09-25 13:11:00-04:00,339.79998779296875,339.79998779296875,339.6000061035156,339.6300048828125,33927,0.0,0.0,AAPL
2026-09-25 13:12:00-04:00,339.6700134277344,339.7699890136719,339.54998779296875,339.6700134277344,14901,0.0,0.0,AAPL
2026-09-25 13:13:00-04:00,339.70001220703125,339.79998779296875,339.6400146484375,339.7149963378906,23519,0.0,0.0,AAPL
2026-09-25 13:14:00-04:00,339.70001220703125,339.80999755859375,339.68011474609375,339.7860107421875,21507,0.0,0.0,AAPL
2026-09-25 13:15:00-04:00,339.7900085449219,339.80999755859375,339.69000244140625,339.739990234375,18234,0.0,0.0,AAPL
2026-09-25 13:16:00-04:00,339.75,339.80999755859375,339.68011474609375,339.68011474609375,17277,0.0,0.0,AAPL
2026-09-25 13:17:00-04:00,339.69000244140625,339.80999755859375,339.6600036621094,339.6600036621094,26161,0.0,0.0,AAPL
2026-09-25 13:18:00-04:00,339.6549987792969,339.69989013671875,339.6199951171875,339.6499938964844,13984,0.0,0.0,AAPL
2026-09-25 13:19:00-04:00,339.6600036621094,339.7300109863281,339.5799865722656,339.69000244140625,21417,0.0,0.0,AAPL
2026-09-25 13:20:00-04:00,339.7200012207031,339.7300109863281,339.6116027832031,339.7080078125,20766,0.0,0.0,AAPL
2026-09-25 13:21:00-04:00,339.7049865722656,339.8500061035156,339.6600036621094,339.7799987792969,27471,0.0,0.0,AAPL
2026-09-25 13:22:00-04:00,339.7749938964844,339.7900085449219,339.6400146484375,339.6449890136719,18905,0.0,0.0,AAPL
2026-09-25 13:23:00-04:00,339.6449890136719,339.7898864746094,339.63018798828125,339.7799987792969,31952,0.0,0.0,AAPL
2026-09-25 13:24:00-04:00,339.7799987792969,339.9100036621094,339.7699890136719,339.90008544921875,32600,0.0,0.0,AAPL
2026-09-25 13:25:00-04:00,339.9100036621094,339.9700012207031,339.8599853515625,339.875,35282,0.0,0.0,AAPL
2026-09-25 13:26:00-04:00,339.86480712890625,339.9800109863281,339.86480712890625,339.9700012207031,36210,0.0,0.0,AAPL
2026-09-25 13:27:00-04:00,339.989990234375,340.04998779296875,339.9100036621094,339.93499755859375,45412,0.0,0.0,AAPL
2026-09-25 13:28:00-04:00,339.93499755859375,340.0299987792969,339.90008544921875,340.0150146484375,23747,0.0,0.0,AAPL
2026-09-25 13:29:00-04:00,340.010009765625,340.1099853515625,339.94000244140625,340.1099853515625,59813,0.0,0.0,AAPL
2026-09-25 13:30:00-04:00,340.1099853515625,340.1600036621094,340.0299987792969,340.05999755859375,44036,0.0,0.0,AAPL
2026-09-25 13:31:00-04:00,340.05999755859375,340.07000732421875,339.8100891113281,339.93499755859375,53604,0.0,0.0,AAPL
2026-09-25 13:32:00-04:00,339.94000244140625,340.4599914550781,339.8999938964844,340.3800048828125,102592,0.0,0.0,AAPL
2026-09-25 13:33:00-04:00,340.385009765625,340.409912109375,339.8999938964844,339.9100036621094,57532,0.0,0.0,AAPL
2026-09-25 13:34:00-04:00,339.9200134277344,340.0299987792969,339.8414001464844,340.0050048828125,32727,0.0,0.0,AAPL
2026-09-25 13:35:00-04:00,340.0150146484375,340.05999755859375,339.9206848144531,339.9599914550781,26057,0.0,0.0,AAPL
2026-09-25 13:36:00-04:00,339.9599914550781,339.9905090332031,339.7699890136719,339.8399963378906,28545,0.0,0.0,AAPL
2026-09-25 13:37:00-04:00,339.8500061035156,339.94000244140625,339.82000732421875,339.9200134277344,21725,0.0,0.0,AAPL
2026-09-25 13:38:00-04:00,339.9171142578125,339.9960021972656,339.9171142578125,339.9549865722656,19549,0.0,0.0,AAPL
2026-09-25 13:39:00-04:00,339.9649963378906,340.1400146484375,339.91229248046875,339.9901123046875,44000,0.0,0.0,AAPL
2026-09-25 13:40:00-04:00,340.00299072265625,340.1099853515625,339.9100036621094,339.9700012207031,20764,0.0,0.0,AAPL
2026-09-25 13:41:00-04:00,339.95001220703125,340.1000061035156,339.9299011230469,340.09759521484375,29353,0.0,0.0,AAPL
2026-09-25 13:42:00-04:00,340.1000061035156,340.2298889160156,340.0780029296875,340.21600341796875,30866,0.0,0.0,AAPL
2026-09-25 13:43:00-04:00,340.2099914550781,340.239990234375,340.0799865722656,340.16009521484375,33013,0.0,0.0,AAPL
2026-09-25 13:44:00-04:00,340.1650085449219,340.1650085449219,340.0299987792969,340.0357971191406,15718,0.0,0.0,AAPL
2026-09-25 13:45:00-04:00,340.0400085449219,340.1300048828125,340.0400085449219,340.07000732421875,18408,0.0,0.0,AAPL
2026-09-25 13:46:00-04:00,340.0799865722656,340.1400146484375,340.05999755859375,340.05999755859375,15517,0.0,0.0,AAPL
2026-09-25 13:47:00-04:00,340.0400085449219,340.1199951171875,340.0199890136719,340.04998779296875,19773,0.0,0.0,AAPL
2026-09-25 13:48:00-04:00,340.0450134277344,340.0899963378906,340.0199890136719,340.07000732421875,29378,0.0,0.0,AAPL
2026-09-25 13:49:00-04:00,340.0799865722656,340.1099853515625,340.0085144042969,340.04998779296875,24076,0.0,0.0,AAPL
2026-09-25 13:50:00-04:00,340.0400085449219,340.06500244140625,339.9100036621094,339.94000244140625,43354,0.0,0.0,AAPL
2026-09-25 13:51:00-04:00,339.95001220703125,340.07000732421875,339.94000244140625,339.9949951171875,41153,0.0,0.0,AAPL
2026-09-25 13:52:00-04:00,339.99090576171875,340.0299987792969,339.82000732421875,339.8900146484375,27312,0.0,0.0,AAPL
2026-09-25 13:53:00-04:00,339.9100036621094,339.95001220703125,339.8599853515625,339.95001220703125,25948,0.0,0.0,AAPL
2026-09-25 13:54:00-04:00,339.92498779296875,339.92999267578125,339.8399963378906,339.8949890136719,25681,0.0,0.0,AAPL
2026-09-25 13:55:00-04:00,339.8609924316406,339.92498779296875,339.8450012207031,339.8699951171875,16345,0.0,0.0,AAPL
2026-09-25 13:56:00-04:00,339.8738098144531,339.8999938964844,339.82000732421875,339.8299865722656,16852,0.0,0.0,AAPL
2026-09-25 13:57:00-04:00,339.8450927734375,339.92999267578125,339.8399963378906,339.8500061035156,19339,0.0,0.0,AAPL
2026-09-25 13:58:00-04:00,339.8399963378906,340.0,339.8399963378906,339.9700012207031,26910,0.0,0.0,AAPL
2026-09-25 13:59:00-04:00,339.9599914550781,339.9949951171875,339.8999938964844,339.9599914550781,19453,0.0,0.0,AAPL
2026-09-25 14:00:00-04:00,339.9599914550781,340.0498962402344,339.9200134277344,339.9599914550781,46573,0.0,0.0,AAPL
2026-09-25 14:01:00-04:00,339.9549865722656,340.19500732421875,339.95001220703125,340.1907958984375,33477,0.0,0.0,AAPL
2026-09-25 14:02:00-04:00,340.20001220703125,340.2550048828125,340.1000061035156,340.2049865722656,26881,0.0,0.0,AAPL
2026-09-25 14:03:00-04:00,340.2049865722656,340.2449951171875,340.1400146484375,340.18499755859375,22181,0.0,0.0,AAPL
2026-09-25 14:04:00-04:00,340.18499755859375,340.20001220703125,340.1099853515625,340.1199951171875,18733,0.0,0.0,AAPL
2026-09-25 14:05:00-04:00,340.1300048828125,340.1499938964844,340.0400085449219,340.0799865722656,23982,0.0,0.0,AAPL
2026-09-25 14:06:00-04:00,340.0851135253906,340.1449890136719,340.0,340.0450134277344,22575,0.0,0.0,AAPL
2026-09-25 14:07:00-04:00,340.0400085449219,340.0801086425781,340.0101013183594,340.07501220703125,18368,0.0,0.0,AAPL
2026-09-25 14:08:00-04:00,340.0799865722656,340.1700134277344,340.07000732421875,340.0899963378906,26483,0.0,0.0,AAPL
2026-09-25 14:09:00-04:00,340.1000061035156,340.20001220703125,340.04998779296875,340.04998779296875,24137,0.0,0.0,AAPL
2026-09-25 14:10:00-04:00,340.0400085449219,340.17999267578125,340.0199890136719,340.1549987792969,25797,0.0,0.0,AAPL
2026-09-25 14:11:00-04:00,340.1499938964844,340.1499938964844,339.93011474609375,339.9700012207031,17827,0.0,0.0,AAPL
2026-09-25 14:12:00-04:00,339.9599914550781,339.98651123046875,339.8599853515625,339.93499755859375,34981,0.0,0.0,AAPL
2026-09-25 14:13:00-04:00,339.92498779296875,340.05999755859375,339.8900146484375,340.04998779296875,21433,0.0,0.0,AAPL
2026-09-25 14:14:00-04:00,340.04010009765625,340.1199951171875,340.010009765625,340.1099853515625,28790,0.0,0.0,AAPL
2026-09-25 14:15:00-04:00,340.114990234375,340.1600036621094,340.04998779296875,340.1400146484375,30549,0.0,0.0,AAPL
2026-09-25 14:16:00-04:00,340.1499938964844,340.1700134277344,340.110595703125,340.1427001953125,24493,0.0,0.0,AAPL
2026-09-25 14:17:00-04:00,340.1400146484375,340.2300109863281,340.1400146484375,340.17999267578125,32492,0.0,0.0,AAPL
2026-09-25 14:18:00-04:00,340.1600036621094,340.2200012207031,340.1199951171875,340.1300048828125,18643,0.0,0.0,AAPL
2026-09-25 14:19:00-04:00,340.1199951171875,340.1199951171875,339.95001220703125,340.0,28368,0.0,0.0,AAPL
2026-09-25 14:20:00-04:00,340.0050048828125,340.0199890136719,339.9200134277344,339.9949951171875,34123,0.0,0.0,AAPL
2026-09-25 14:21:00-04:00,340.0,340.1099853515625,340.0,340.010009765625,29545,0.0,0.0,AAPL
2026-09-25 14:22:00-04:00,339.9800109863281,339.9949951171875,339.8999938964844,339.92999267578125,20689,0.0,0.0,AAPL
2026-09-25 14:23:00-04:00,339.9100036621094,340.0199890136719,339.8399963378906,340.0199890136719,42009,0.0,0.0,AAPL
2026-09-25 14:24:00-04:00,340.0299987792969,340.15948486328125,340.0299987792969,340.1000061035156,39787,0.0,0.0,AAPL
2026-09-25 14:25:00-04:00,340.1000061035156,340.20001220703125,340.0799865722656,340.0801086425781,26655,0.0,0.0,AAPL
2026-09-25 14:26:00-04:00,340.0841979980469,340.0899963378906,339.7300109863281,339.89990234375,43790,0.0,0.0,AAPL
2026-09-25 14:27:00-04:00,339.89990234375,339.95989990234375,339.7200012207031,339.7799987792969,32887,0.0,0.0,AAPL
2026-09-25 14:28:00-04:00,339.79998779296875,339.8599853515625,339.7099914550781,339.7699890136719,28256,0.0,0.0,AAPL
2026-09-25 14:29:00-04:00,339.7749938964844,339.8598937988281,339.6000061035156,339.8598937988281,56573,0.0,0.0,AAPL
2026-09-25 14:30:00-04:00,339.8399963378906,340.010009765625,339.80999755859375,339.9599914550781,38829,0.0,0.0,AAPL
2026-09-25 14:31:00-04:00,339.9800109863281,340.2099914550781,339.9700012207031,340.2099914550781,39995,0.0,0.0,AAPL
2026-09-25 14:32:00-04:00,340.2200012207031,340.4150085449219,340.2200012207031,340.2650146484375,76439,0.0,0.0,AAPL
2026-09-25 14:33:00-04:00,340.2699890136719,340.3399963378906,340.2200012207031,340.3349914550781,36087,0.0,0.0,AAPL
2026-09-25 14:34:00-04:00,340.3349914550781,340.3349914550781,340.2200012207031,340.2449951171875,40468,0.0,0.0,AAPL
2026-09-25 14:35:00-04:00,340.2449951171875,340.2449951171875,340.1199951171875,340.1499938964844,38834,0.0,0.0,AAPL
2026-09-25 14:36:00-04:00,340.19000244140625,340.2300109863281,340.0902099609375,340.125,28480,0.0,0.0,AAPL
2026-09-25 14:37:00-04:00,340.1400146484375,340.19000244140625,340.010009765625,340.06500244140625,45473,0.0,0.0,AAPL
2026-09-25 14:38:00-04:00,340.07989501953125,340.07989501953125,339.9200134277344,340.0,41228,0.0,0.0,AAPL
2026-09-25 14:39:00-04:00,340.0094909667969,340.13800048828125,339.92999267578125,340.0450134277344,25045,0.0,0.0,AAPL
2026-09-25 14:40:00-04:00,340.0450134277344,340.139892578125,339.9849853515625,340.139892578125,48573,0.0,0.0,AAPL
2026-09-25 14:41:00-04:00,340.135009765625,340.2049865722656,340.090087890625,340.114990234375,45179,0.0,0.0,AAPL
2026-09-25 14:42:00-04:00,340.1199951171875,340.2900085449219,340.1199951171875,340.239990234375,45476,0.0,0.0,AAPL
2026-09-25 14:43:00-04:00,340.2449951171875,340.2799987792969,340.20001220703125,340.2200012207031,21984,0.0,0.0,AAPL
2026-09-25 14:44:00-04:00,340.2200012207031,340.3399963378906,340.17999267578125,340.2950134277344,50400,0.0,0.0,AAPL
2026-09-25 14:45:00-04:00,340.29998779296875,340.31500244140625,340.2300109863281,340.2449951171875,32666,0.0,0.0,AAPL
2026-09-25 14:46:00-04:00,340.2449951171875,340.25,340.1600036621094,340.18499755859375,39094,0.0,0.0,AAPL
2026-09-25 14:47:00-04:00,340.19000244140625,340.2900085449219,340.1700134277344,340.20001220703125,43133,0.0,0.0,AAPL
2026-09-25 14:48:00-04:00,340.2099914550781,340.2099914550781,340.0150146484375,340.0400085449219,54603,0.0,0.0,AAPL
2026-09-25 14:49:00-04:00,340.0299987792969,340.1700134277344,340.010009765625,340.1199951171875,47619,0.0,0.0,AAPL
2026-09-25 14:50:00-04:00,340.1300048828125,340.19000244140625,340.0801086425781,340.1615905761719,28743,0.0,0.0,AAPL
2026-09-25 14:51:00-04:00,340.1700134277344,340.2749938964844,340.1499938964844,340.2550048828125,533231,0.0,0.0,AAPL
2026-09-25 14:52:00-04:00,340.2601013183594,340.3900146484375,340.25,340.3705139160156,47956,0.0,0.0,AAPL
2026-09-25 14:53:00-04:00,340.375,340.3999938964844,340.2200012207031,340.2200012207031,49131,0.0,0.0,AAPL
2026-09-25 14:54:00-04:00,340.2300109863281,340.2699890136719,340.17999267578125,340.19000244140625,28507,0.0,0.0,AAPL
2026-09-25 14:55:00-04:00,340.19500732421875,340.260009765625,340.1099853515625,340.1499938964844,15984,0.0,0.0,AAPL
2026-09-25 14:56:00-04:00,340.19000244140625,340.2222900390625,340.1700134277344,340.1700134277344,1175387,0.0,0.0,AAPL
2026-09-25 14:57:00-04:00,340.16009521484375,340.260009765625,340.1300048828125,340.2550048828125,125572,0.0,0.0,AAPL
2026-09-25 14:58:00-04:00,340.2550048828125,340.32000732421875,340.2300109863281,340.2300109863281,24750,0.0,0.0,AAPL
2026-09-25 14:59:00-04:00,340.239990234375,340.2699890136719,340.1600036621094,340.2200012207031,50192,0.0,0.0,AAPL
2026-09-25 15:00:00-04:00,340.2200012207031,340.4375,340.21051025390625,340.4200134277344,59521,0.0,0.0,AAPL
2026-09-25 15:01:00-04:00,340.4100036621094,340.4800109863281,340.30999755859375,340.3900146484375,53575,0.0,0.0,AAPL
2026-09-25 15:02:00-04:00,340.3999938964844,340.4700012207031,340.3399963378906,340.4399108886719,46810,0.0,0.0,AAPL
2026-09-25 15:03:00-04:00,340.41729736328125,340.4599914550781,340.31500244140625,340.3500061035156,33856,0.0,0.0,AAPL
2026-09-25 15:04:00-04:00,340.3399963378906,340.3699951171875,340.239990234375,340.2799987792969,33421,0.0,0.0,AAPL
2026-09-25 15:05:00-04:00,340.2900085449219,340.3900146484375,340.1099853515625,340.375,55739,0.0,0.0,AAPL
2026-09-25 15:06:00-04:00,340.3500061035156,340.3699951171875,340.2349853515625,340.25,19875,0.0,0.0,AAPL
2026-09-25 15:07:00-04:00,340.260009765625,340.3900146484375,340.2550048828125,340.31500244140625,35845,0.0,0.0,AAPL
2026-09-25 15:08:00-04:00,340.30499267578125,340.4100036621094,340.2699890136719,340.364990234375,36669,0.0,0.0,AAPL
2026-09-25 15:09:00-04:00,340.364990234375,340.45001220703125,340.30999755859375,340.3900146484375,25728,0.0,0.0,AAPL
2026-09-25 15:10:00-04:00,340.3800048828125,340.3900146484375,340.2900085449219,340.3500061035156,35367,0.0,0.0,AAPL
2026-09-25 15:11:00-04:00,340.3500061035156,340.3500061035156,340.1199951171875,340.2300109863281,62060,0.0,0.0,AAPL
2026-09-25 15:12:00-04:00,340.2300109863281,340.32000732421875,340.2099914550781,340.2850036621094,28711,0.0,0.0,AAPL
2026-09-25 15:13:00-04:00,340.29998779296875,340.32989501953125,340.2250061035156,340.30499267578125,23697,0.0,0.0,AAPL
2026-09-25 15:14:00-04:00,340.29998779296875,340.4100036621094,340.2799987792969,340.3999938964844,46528,0.0,0.0,AAPL
2026-09-25 15:15:00-04:00,340.4049987792969,340.45001220703125,340.3599853515625,340.43011474609375,50539,0.0,0.0,AAPL
2026-09-25 15:16:00-04:00,340.43499755859375,340.44049072265625,340.239990234375,340.2799987792969,38297,0.0,0.0,AAPL
2026-09-25 15:17:00-04:00,340.2699890136719,340.30999755859375,340.19000244140625,340.276611328125,37800,0.0,0.0,AAPL
2026-09-25 15:18:00-04:00,340.2502136230469,340.32501220703125,340.1300048828125,340.25,28336,0.0,0.0,AAPL
2026-09-25 15:19:00-04:00,340.25,340.25,340.1099853515625,340.114990234375,28810,0.0,0.0,AAPL
2026-09-25 15:20:00-04:00,340.1199951171875,340.17999267578125,339.94000244140625,339.9649963378906,87292,0.0,0.0,AAPL
2026-09-25 15:21:00-04:00,339.9649963378906,340.135009765625,339.94110107421875,340.0400085449219,58062,0.0,0.0,AAPL
2026-09-25 15:22:00-04:00,340.0400085449219,340.04998779296875,339.9230041503906,339.9599914550781,56109,0.0,0.0,AAPL
2026-09-25 15:23:00-04:00,339.9587097167969,339.989990234375,339.8999938964844,339.9800109863281,30136,0.0,0.0,AAPL
2026-09-25 15:24:00-04:00,339.9800109863281,340.0450134277344,339.94000244140625,339.9549865722656,45407,0.0,0.0,AAPL
2026-09-25 15:25:00-04:00,339.9599914550781,340.0199890136719,339.8999938964844,339.9649963378906,39699,0.0,0.0,AAPL
2026-09-25 15:26:00-04:00,339.9700012207031,340.0400085449219,339.8800048828125,339.94500732421875,74343,0.0,0.0,AAPL
2026-09-25 15:27:00-04:00,339.9599914550781,340.05999755859375,339.9599914550781,340.0050048828125,52598,0.0,0.0,AAPL
2026-09-25 15:28:00-04:00,340.0050048828125,340.19989013671875,339.9750061035156,340.17401123046875,125923,0.0,0.0,AAPL
2026-09-25 15:29:00-04:00,340.1700134277344,340.19000244140625,339.9599914550781,340.0199890136719,36637,0.0,0.0,AAPL
2026-09-25 15:30:00-04:00,340.010009765625,340.07000732421875,339.8999938964844,340.0299987792969,53531,0.0,0.0,AAPL
2026-09-25 15:31:00-04:00,340.010009765625,340.1099853515625,339.9700012207031,340.1099853515625,35219,0.0,0.0,AAPL
2026-09-25 15:32:00-04:00,340.0899963378906,340.20001220703125,339.989990234375,340.20001220703125,33451,0.0,0.0,AAPL
2026-09-25 15:33:00-04:00,340.19000244140625,340.2200012207031,340.1400146484375,340.2063903808594,32566,0.0,0.0,AAPL
2026-09-25 15:34:00-04:00,340.19000244140625,340.3059997558594,340.18499755859375,340.2401123046875,62540,0.0,0.0,AAPL
2026-09-25 15:35:00-04:00,340.25,340.2699890136719,340.1499938964844,340.239990234375,41559,0.0,0.0,AAPL
2026-09-25 15:36:00-04:00,340.2149963378906,340.2699890136719,340.0071105957031,340.0299987792969,60224,0.0,0.0,AAPL
2026-09-25 15:37:00-04:00,340.0450134277344,340.2900085449219,340.0199890136719,340.2367858886719,108935,0.0,0.0,AAPL
2026-09-25 15:38:00-04:00,340.2250061035156,340.4700012207031,340.2250061035156,340.4599914550781,66740,0.0,0.0,AAPL
2026-09-25 15:39:00-04:00,340.45599365234375,340.6099853515625,340.4549865722656,340.6050109863281,549270,0.0,0.0,AAPL
2026-09-25 15:40:00-04:00,340.6050109863281,340.80999755859375,340.57000732421875,340.7699890136719,146319,0.0,0.0,AAPL
2026-09-25 15:41:00-04:00,340.7638854980469,340.8424072265625,340.67999267578125,340.7300109863281,71286,0.0,0.0,AAPL
2026-09-25 15:42:00-04:00,340.7300109863281,340.7900085449219,340.68499755859375,340.7300109863281,74499,0.0,0.0,AAPL
2026-09-25 15:43:00-04:00,340.7349853515625,340.79998779296875,340.7300109863281,340.760009765625,60575,0.0,0.0,AAPL
2026-09-25 15:44:00-04:00,340.7898864746094,340.94000244140625,340.7898864746094,340.8500061035156,89648,0.0,0.0,AAPL
2026-09-25 15:45:00-04:00,340.8500061035156,341.20001220703125,340.8450012207031,341.05999755859375,257801,0.0,0.0,AAPL
2026-09-25 15:46:00-04:00,341.0450134277344,341.2149963378906,340.95001220703125,341.2049865722656,106854,0.0,0.0,AAPL
2026-09-25 15:47:00-04:00,341.20001220703125,341.29998779296875,341.05999755859375,341.18499755859375,123813,0.0,0.0,AAPL
2026-09-25 15:48:00-04:00,341.1700134277344,341.25,341.04998779296875,341.19000244140625,122487,0.0,0.0,AAPL
2026-09-25 15:49:00-04:00,341.20001220703125,341.3550109863281,341.1600036621094,341.2200012207031,89493,0.0,0.0,AAPL
2026-09-25 15:50:00-04:00,341.2300109863281,341.6650085449219,341.2221984863281,341.6449890136719,205975,0.0,0.0,AAPL
2026-09-25 15:51:00-04:00,341.6449890136719,341.6700134277344,341.3299865722656,341.5,137698,0.0,0.0,AAPL
2026-09-25 15:52:00-04:00,341.510009765625,341.5400085449219,341.37030029296875,341.42999267578125,65730,0.0,0.0,AAPL
2026-09-25 15:53:00-04:00,341.4200134277344,341.4200134277344,341.1164855957031,341.25,91981,0.0,0.0,AAPL
2026-09-25 15:54:00-04:00,341.2300109863281,341.2300109863281,341.0199890136719,341.0450134277344,149121,0.0,0.0,AAPL
2026-09-25 15:55:00-04:00,341.05999755859375,341.05999755859375,340.68499755859375,340.70819091796875,174946,0.0,0.0,AAPL
2026-09-25 15:56:00-04:00,340.7099914550781,340.8999938964844,340.7099914550781,340.8500061035156,126096,0.0,0.0,AAPL
2026-09-25 15:57:00-04:00,340.8500061035156,340.8900146484375,340.6300048828125,340.81500244140625,144835,0.0,0.0,AAPL
2026-09-25 15:58:00-04:00,340.8299865722656,340.96990966796875,340.79998779296875,340.95001220703125,184949,0.0,0.0,AAPL
2026-09-25 15:59:00-04:00,340.95001220703125,341.1000061035156,340.8999938964844,341.0400085449219,443540,0.0,0.0,AAPL
2026-09-28 09:30:00-04:00,340.3699951171875,342.44000244140625,340.1700134277344,341.6650085449219,2389712,0.0,0.0,AAPL
2026-09-28 09:31:00-04:00,341.5799865722656,341.5799865722656,340.3699951171875,341.1400146484375,574840,0.0,0.0,AAPL
2026-09-28 09:32:00-04:00,341.0899963378906,341.8800048828125,340.67999267578125,341.7300109863281,118955,0.0,0.0,AAPL
2026-09-28 09:33:00-04:00,341.7300109863281,342.260009765625,340.6600036621094,341.17498779296875,201972,0.0,0.0,AAPL
2026-09-28 09:34:00-04:00,341.17498779296875,342.06500244140625,340.760009765625,341.7200012207031,170464,0.0,0.0,AAPL
2026-09-28 09:35:00-04:00,341.7099914550781,341.8599853515625,341.1300048828125,341.7898864746094,144187,0.0,0.0,AAPL
2026-09-28 09:36:00-04:00,341.7550048828125,342.0299987792969,341.32501220703125,341.989990234375,98938,0.0,0.0,AAPL
2026-09-28 09:37:00-04:00,341.989990234375,342.3299865722656,341.5799865722656,341.5799865722656,165484,0.0,0.0,AAPL
2026-09-28 09:38:00-04:00,341.6000061035156,342.7349853515625,341.3800048828125,342.7349853515625,160709,0.0,0.0,AAPL
2026-09-28 09:39:00-04:00,342.7466125488281,342.8900146484375,342.3599853515625,342.6000061035156,155697,0.0,0.0,AAPL
2026-09-28 09:40:00-04:00,342.6199951171875,342.6199951171875,342.0899963378906,342.1700134277344,165708,0.0,0.0,AAPL
2026-09-28 09:41:00-04:00,342.2013854980469,342.6199951171875,341.9100036621094,342.5,101345,0.0,0.0,AAPL
2026-09-28 09:42:00-04:00,342.5050048828125,342.6700134277344,342.2699890136719,342.4700012207031,142103,0.0,0.0,AAPL
2026-09-28 09:43:00-04:00,342.4700012207031,342.510009765625,341.8612060546875,341.95001220703125,99861,0.0,0.0,AAPL
2026-09-28 09:44:00-04:00,341.9700012207031,342.2799987792969,341.7500915527344,341.8489990234375,126531,0.0,0.0,AAPL
2026-09-28 09:45:00-04:00,341.8299865722656,342.235107421875,341.3599853515625,341.5199890136719,151584,0.0,0.0,AAPL
2026-09-28 09:46:00-04:00,341.5299987792969,342.4700012207031,341.4462890625,342.4700012207031,123999,0.0,0.0,AAPL
2026-09-28 09:47:00-04:00,342.4827880859375,342.4827880859375,341.9901123046875,342.135009765625,104981,0.0,0.0,AAPL
2026-09-28 09:48:00-04:00,342.1099853515625,342.25,341.8599853515625,342.20001220703125,109768,0.0,0.0,AAPL
2026-09-28 09:49:00-04:00,342.1600036621094,342.3913879394531,342.0299987792969,342.114990234375,76731,0.0,0.0,AAPL
2026-09-28 09:50:00-04:00,342.1050109863281,342.55999755859375,342.0968017578125,342.3399963378906,84163,0.0,0.0,AAPL
2026-09-28 09:51:00-04:00,342.3599853515625,342.668212890625,342.29998779296875,342.4150085449219,73561,0.0,0.0,AAPL
2026-09-28 09:52:00-04:00,342.4150085449219,342.70001220703125,342.4150085449219,342.6199951171875,64450,0.0,0.0,AAPL
2026-09-28 09:53:00-04:00,342.6473083496094,342.9880065917969,342.5799865722656,342.7699890136719,136997,0.0,0.0,AAPL
2026-09-28 09:54:00-04:00,342.7650146484375,342.9100036621094,342.3999938964844,342.4649963378906,87564,0.0,0.0,AAPL
2026-09-28 09:55:00-04:00,342.5271911621094,342.7200012207031,342.2944030761719,342.42999267578125,91971,0.0,0.0,AAPL
2026-09-28 09:56:00-04:00,342.4100036621094,342.4100036621094,342.1099853515625,342.2200012207031,65328,0.0,0.0,AAPL
2026-09-28 09:57:00-04:00,342.2598876953125,342.2699890136719,342.0400085449219,342.2300109863281,47150,0.0,0.0,AAPL
2026-09-28 09:58:00-04:00,342.19000244140625,342.3800048828125,342.1400146484375,342.17999267578125,50356,0.0,0.0,AAPL
2026-09-28 09:59:00-04:00,342.1499938964844,342.3652038574219,342.1000061035156,342.2200012207031,64783,0.0,0.0,AAPL
2026-09-28 10:00:00-04:00,342.1600036621094,342.5722961425781,342.1600036621094,342.3999938964844,118424,0.0,0.0,AAPL
2026-09-28 10:01:00-04:00,342.3999938964844,342.7778015136719,342.3299865722656,342.4750061035156,78850,0.0,0.0,AAPL
2026-09-28 10:02:00-04:00,342.4750061035156,342.5599060058594,342.260009765625,342.30999755859375,56638,0.0,0.0,AAPL
2026-09-28 10:03:00-04:00,342.2950134277344,342.2950134277344,341.8900146484375,341.92999267578125,101340,0.0,0.0,AAPL
2026-09-28 10:04:00-04:00,341.95989990234375,342.2132873535156,341.860107421875,342.135009765625,48191,0.0,0.0,AAPL
2026-09-28 10:05:00-04:00,342.0799865722656,342.5400085449219,342.0700988769531,342.3399963378906,55549,0.0,0.0,AAPL
2026-09-28 10:06:00-04:00,342.32000732421875,342.3699951171875,342.05999755859375,342.2900085449219,66052,0.0,0.0,AAPL
2026-09-28 10:07:00-04:00,342.29998779296875,342.32000732421875,341.94000244140625,341.9700012207031,58012,0.0,0.0,AAPL
2026-09-28 10:08:00-04:00,341.9750061035156,342.1700134277344,341.8200988769531,342.0849914550781,57373,0.0,0.0,AAPL
2026-09-28 10:09:00-04:00,342.0899963378906,342.0899963378906,341.7449951171875,341.8399963378906,55946,0.0,0.0,AAPL
2026-09-28 10:10:00-04:00,341.8558044433594,341.94000244140625,341.7250061035156,341.94000244140625,57235,0.0,0.0,AAPL
2026-09-28 10:11:00-04:00,341.92999267578125,342.1600036621094,341.82000732421875,342.1600036621094,51347,0.0,0.0,AAPL
2026-09-28 10:12:00-04:00,342.1400146484375,342.4725036621094,342.1000061035156,342.4100036621094,80853,0.0,0.0,AAPL
2026-09-28 10:13:00-04:00,342.3699951171875,342.739990234375,342.3299865722656,342.6050109863281,90796,0.0,0.0,AAPL
2026-09-28 10:14:00-04:00,342.6000061035156,342.6600036621094,342.19000244140625,342.2900085449219,84982,0.0,0.0,AAPL
2026-09-28 10:15:00-04:00,342.2900085449219,342.3890075683594,342.05010986328125,342.2250061035156,94044,0.0,0.0,AAPL
2026-09-28 10:16:00-04:00,342.2489929199219,342.2489929199219,341.7200012207031,341.760009765625,84911,0.0,0.0,AAPL
2026-09-28 10:17:00-04:00,341.760009765625,341.8841857910156,341.37200927734375,341.8399963378906,83384,0.0,0.0,AAPL
2026-09-28 10:18:00-04:00,341.8599853515625,341.9289855957031,341.70001220703125,341.9197998046875,38325,0.0,0.0,AAPL
2026-09-28 10:19:00-04:00,341.9100036621094,341.9905090332031,341.68499755859375,341.7699890136719,50472,0.0,0.0,AAPL
2026-09-28 10:20:00-04:00,341.7900085449219,341.8399963378906,341.6300048828125,341.7550048828125,56875,0.0,0.0,AAPL
2026-09-28 10:21:00-04:00,341.7300109863281,341.7799072265625,341.57000732421875,341.67999267578125,61572,0.0,0.0,AAPL
2026-09-28 10:22:00-04:00,341.68499755859375,341.95001220703125,341.6300048828125,341.9100036621094,56073,0.0,0.0,AAPL
2026-09-28 10:23:00-04:00,341.8900146484375,341.95001220703125,341.760009765625,341.7688903808594,43974,0.0,0.0,AAPL
2026-09-28 10:24:00-04:00,341.7799987792969,341.8699951171875,341.4100036621094,341.4700012207031,53403,0.0,0.0,AAPL
2026-09-28 10:25:00-04:00,341.4700012207031,341.7699890136719,341.4649963378906,341.6600036621094,46002,0.0,0.0,AAPL
2026-09-28 10:26:00-04:00,341.6400146484375,341.8349914550781,341.6400146484375,341.739990234375,48200,0.0,0.0,AAPL
2026-09-28 10:27:00-04:00,341.739990234375,341.7749938964844,341.5799865722656,341.6549987792969,47393,0.0,0.0,AAPL
2026-09-28 10:28:00-04:00,341.6499938964844,341.6600036621094,341.25,341.30499267578125,86387,0.0,0.0,AAPL
2026-09-28 10:29:00-04:00,341.29998779296875,341.30999755859375,340.7200012207031,340.8699951171875,86933,0.0,0.0,AAPL
2026-09-28 10:30:00-04:00,340.8642883300781,341.05999755859375,340.7543029785156,340.94500732421875,81299,0.0,0.0,AAPL
2026-09-28 10:31:00-04:00,340.9200134277344,341.3699951171875,340.9200134277344,341.2699890136719,101798,0.0,0.0,AAPL
2026-09-28 10:32:00-04:00,341.25,341.3799133300781,341.1300048828125,341.2850036621094,33958,0.0,0.0,AAPL
2026-09-28 10:33:00-04:00,341.2850036621094,341.3399963378906,341.010009765625,341.0799865722656,44719,0.0,0.0,AAPL
2026-09-28 10:34:00-04:00,341.0799865722656,341.17999267578125,340.8399963378906,340.8599853515625,51664,0.0,0.0,AAPL
2026-09-28 10:35:00-04:00,340.875,341.0400085449219,340.7616882324219,340.8399963378906,37685,0.0,0.0,AAPL
2026-09-28 10:36:00-04:00,340.9049987792969,341.0,340.82000732421875,341.0,55038,0.0,0.0,AAPL
2026-09-28 10:37:00-04:00,340.9949951171875,341.17999267578125,340.8800048828125,340.92999267578125,59672,0.0,0.0,AAPL
2026-09-28 10:38:00-04:00,340.9100036621094,341.1628112792969,340.9100036621094,341.0199890136719,45532,0.0,0.0,AAPL
2026-09-28 10:39:00-04:00,341.0199890136719,341.07000732421875,340.57000732421875,340.6600036621094,249586,0.0,0.0,AAPL
2026-09-28 10:40:00-04:00,340.6106872558594,340.9800109863281,340.6000061035156,340.8999938964844,60434,0.0,0.0,AAPL
2026-09-28 10:41:00-04:00,340.9200134277344,340.92999267578125,340.6700134277344,340.70001220703125,44071,0.0,0.0,AAPL
2026-09-28 10:42:00-04:00,340.69000244140625,340.8999938964844,340.55010986328125,340.8599853515625,49020,0.0,0.0,AAPL
2026-09-28 10:43:00-04:00,340.8599853515625,340.8599853515625,340.42999267578125,340.4750061035156,67221,0.0,0.0,AAPL
2026-09-28 10:44:00-04:00,340.4750061035156,340.55499267578125,340.29998779296875,340.3399963378906,98295,0.0,0.0,AAPL
2026-09-28 10:45:00-04:00,340.3399963378906,340.3599853515625,340.08099365234375,340.1400146484375,69896,0.0,0.0,AAPL
2026-09-28 10:46:00-04:00,340.1400146484375,340.239990234375,339.8599853515625,340.2001037597656,144264,0.0,0.0,AAPL
2026-09-28 10:47:00-04:00,340.20001220703125,340.20001220703125,339.8599853515625,339.8699951171875,95290,0.0,0.0,AAPL
2026-09-28 10:48:00-04:00,339.8999938964844,339.9700012207031,339.7300109863281,339.760009765625,76674,0.0,0.0,AAPL
2026-09-28 10:49:00-04:00,339.7699890136719,339.8044128417969,339.5899963378906,339.6606140136719,70520,0.0,0.0,AAPL
2026-09-28 10:50:00-04:00,339.6600036621094,340.2099914550781,339.6549987792969,340.0899963378906,100079,0.0,0.0,AAPL
2026-09-28 10:51:00-04:00,340.05999755859375,340.1000061035156,339.8450012207031,339.8450012207031,57694,0.0,0.0,AAPL
2026-09-28 10:52:00-04:00,339.8598937988281,339.92999267578125,339.760009765625,339.9100036621094,68363,0.0,0.0,AAPL
2026-09-28 10:53:00-04:00,339.9100036621094,339.9100036621094,339.7300109863281,339.82501220703125,56818,0.0,0.0,AAPL
2026-09-28 10:54:00-04:00,339.82000732421875,339.8500061035156,339.6300048828125,339.6400146484375,70028,0.0,0.0,AAPL
2026-09-28 10:55:00-04:00,339.6499938964844,339.72900390625,339.51800537109375,339.54998779296875,67844,0.0,0.0,AAPL
2026-09-28 10:56:00-04:00,339.5299987792969,339.6499938964844,339.4700012207031,339.4700927734375,73200,0.0,0.0,AAPL
2026-09-28 10:57:00-04:00,339.489990234375,339.489990234375,339.3326110839844,339.3599853515625,57296,0.0,0.0,AAPL
2026-09-28 10:58:00-04:00,339.3599853515625,339.56988525390625,339.3200988769531,339.5400085449219,55750,0.0,0.0,AAPL
2026-09-28 10:59:00-04:00,339.5201110839844,339.5224914550781,339.32000732421875,339.489990234375,45777,0.0,0.0,AAPL
2026-09-28 11:00:00-04:00,339.4599914550781,339.8500061035156,339.44000244140625,339.80499267578125,115405,0.0,0.0,AAPL
2026-09-28 11:01:00-04:00,339.7889099121094,340.05999755859375,339.69000244140625,339.81500244140625,84788,0.0,0.0,AAPL
2026-09-28 11:02:00-04:00,339.80999755859375,339.8299865722656,339.5799865722656,339.7099914550781,64537,0.0,0.0,AAPL
2026-09-28 11:03:00-04:00,339.739990234375,339.7699890136719,339.6099853515625,339.7300109863281,54533,0.0,0.0,AAPL
2026-09-28 11:04:00-04:00,339.7200012207031,339.7200012207031,339.4200134277344,339.69000244140625,41410,0.0,0.0,AAPL
2026-09-28 11:05:00-04:00,339.70001220703125,339.8599853515625,339.6199951171875,339.727294921875,57301,0.0,0.0,AAPL
2026-09-28 11:06:00-04:00,339.7200012207031,339.9721984863281,339.5799865722656,339.9328918457031,75035,0.0,0.0,AAPL
2026-09-28 11:07:00-04:00,339.94000244140625,340.18499755859375,339.92999267578125,339.9949951171875,143905,0.0,0.0,AAPL
2026-09-28 11:08:00-04:00,339.9949951171875,340.2200012207031,339.9849853515625,340.18011474609375,47036,0.0,0.0,AAPL
2026-09-28 11:09:00-04:00,340.17999267578125,340.3900146484375,340.17999267578125,340.2900085449219,48070,0.0,0.0,AAPL
2026-09-28 11:10:00-04:00,340.29998779296875,340.3349914550781,340.1499938964844,340.16009521484375,36400,0.0,0.0,AAPL
2026-09-28 11:11:00-04:00,340.17498779296875,340.30499267578125,340.1499938964844,340.17999267578125,29438,0.0,0.0,AAPL
2026-09-28 11:12:00-04:00,340.20001220703125,340.4599914550781,340.1650085449219,340.4549865722656,46134,0.0,0.0,AAPL
2026-09-28 11:13:00-04:00,340.4599914550781,340.6000061035156,340.3999938964844,340.5799865722656,46278,0.0,0.0,AAPL
2026-09-28 11:14:00-04:00,340.57000732421875,340.6499938964844,340.48199462890625,340.6199951171875,50395,0.0,0.0,AAPL
2026-09-28 11:15:00-04:00,340.6400146484375,340.79998779296875,340.6000061035156,340.6199951171875,64543,0.0,0.0,AAPL
2026-09-28 11:16:00-04:00,340.6300048828125,340.7200012207031,340.6000061035156,340.70001220703125,40824,0.0,0.0,AAPL
2026-09-28 11:17:00-04:00,340.69000244140625,340.75,340.55999755859375,340.6300048828125,32534,0.0,0.0,AAPL
2026-09-28 11:18:00-04:00,340.6300048828125,340.8399963378906,340.6300048828125,340.7200012207031,47343,0.0,0.0,AAPL
2026-09-28 11:19:00-04:00,340.70001220703125,340.8099060058594,340.5450134277344,340.7099914550781,65746,0.0,0.0,AAPL
2026-09-28 11:20:00-04:00,340.67999267578125,340.6868896484375,340.4599914550781,340.6000061035156,37712,0.0,0.0,AAPL
2026-09-28 11:21:00-04:00,340.5790100097656,340.8999938964844,340.4993896484375,340.8800048828125,56885,0.0,0.0,AAPL
2026-09-28 11:22:00-04:00,340.8800048828125,341.2699890136719,340.8800048828125,341.2099914550781,64194,0.0,0.0,AAPL
2026-09-28 11:23:00-04:00,341.239990234375,341.3399963378906,340.8999938964844,340.94000244140625,55531,0.0,0.0,AAPL
2026-09-28 11:24:00-04:00,340.93499755859375,341.0,340.7300109863281,340.864990234375,35474,0.0,0.0,AAPL
2026-09-28 11:25:00-04:00,340.8699951171875,341.02069091796875,340.6300048828125,341.0150146484375,70395,0.0,0.0,AAPL
2026-09-28 11:26:00-04:00,341.0194091796875,341.2550048828125,340.8999938964844,341.2550048828125,55609,0.0,0.0,AAPL
2026-09-28 11:27:00-04:00,341.2550048828125,341.3411865234375,341.1499938964844,341.2099914550781,46732,0.0,0.0,AAPL
2026-09-28 11:28:00-04:00,341.2250061035156,341.45001220703125,341.20001220703125,341.3800048828125,62403,0.0,0.0,AAPL
2026-09-28 11:29:00-04:00,341.3900146484375,341.44000244140625,341.239990234375,341.2699890136719,50800,0.0,0.0,AAPL
2026-09-28 11:30:00-04:00,341.2749938964844,341.3599853515625,341.1499938964844,341.2250061035156,54225,0.0,0.0,AAPL
2026-09-28 11:31:00-04:00,341.2080078125,341.2300109863281,340.9599914550781,341.1130065917969,64653,0.0,0.0,AAPL
2026-09-28 11:32:00-04:00,341.1300048828125,341.1700134277344,341.04998779296875,341.1300048828125,27224,0.0,0.0,AAPL
2026-09-28 11:33:00-04:00,341.1300048828125,341.1300048828125,340.8299865722656,340.875,42905,0.0,0.0,AAPL
2026-09-28 11:34:00-04:00,340.8599853515625,341.2394104003906,340.8599853515625,341.20001220703125,30307,0.0,0.0,AAPL
2026-09-28 11:35:00-04:00,341.2099914550781,341.2611083984375,341.0400085449219,341.1199951171875,37057,0.0,0.0,AAPL
2026-09-28 11:36:00-04:00,341.1000061035156,341.260009765625,341.07000732421875,341.1549987792969,32276,0.0,0.0,AAPL
2026-09-28 11:37:00-04:00,341.1600036621094,341.3139953613281,341.1300048828125,341.2860107421875,25724,0.0,0.0,AAPL
2026-09-28 11:38:00-04:00,341.30499267578125,341.5523986816406,341.30499267578125,341.3800048828125,45615,0.0,0.0,AAPL
2026-09-28 11:39:00-04:00,341.3999938964844,341.45001220703125,341.2401123046875,341.4200134277344,33323,0.0,0.0,AAPL
2026-09-28 11:40:00-04:00,341.4049987792969,341.4200134277344,340.95001220703125,341.010009765625,38000,0.0,0.0,AAPL
2026-09-28 11:41:00-04:00,341.01031494140625,341.0199890136719,340.79998779296875,340.8299865722656,50316,0.0,0.0,AAPL
2026-09-28 11:42:00-04:00,340.8349914550781,341.1499938964844,340.82000732421875,341.04998779296875,27362,0.0,0.0,AAPL
2026-09-28 11:43:00-04:00,341.04998779296875,341.04998779296875,340.8399963378906,340.9100036621094,37111,0.0,0.0,AAPL
2026-09-28 11:44:00-04:00,340.8599853515625,341.07501220703125,340.85009765625,341.07501220703125,27823,0.0,0.0,AAPL
2026-09-28 11:45:00-04:00,341.04998779296875,341.07989501953125,340.94500732421875,341.0450134277344,24724,0.0,0.0,AAPL
2026-09-28 11:46:00-04:00,341.0400085449219,341.2900085449219,341.03009033203125,341.2749938964844,46199,0.0,0.0,AAPL
2026-09-28 11:47:00-04:00,341.29998779296875,341.4200134277344,341.2864074707031,341.3699951171875,39327,0.0,0.0,AAPL
2026-09-28 11:48:00-04:00,341.3800048828125,341.489990234375,341.3599853515625,341.43499755859375,124565,0.0,0.0,AAPL
2026-09-28 11:49:00-04:00,341.43499755859375,341.4661865234375,341.2699890136719,341.2749938964844,39061,0.0,0.0,AAPL
2026-09-28 11:50:00-04:00,341.2699890136719,341.4100036621094,341.2250061035156,341.3500061035156,34557,0.0,0.0,AAPL
2026-09-28 11:51:00-04:00,341.364990234375,341.4599914550781,341.32000732421875,341.40240478515625,43384,0.0,0.0,AAPL
2026-09-28 11:52:00-04:00,341.40008544921875,341.44000244140625,341.29998779296875,341.3349914550781,39834,0.0,0.0,AAPL
2026-09-28 11:53:00-04:00,341.30999755859375,341.30999755859375,341.0899963378906,341.1448974609375,57459,0.0,0.0,AAPL
2026-09-28 11:54:00-04:00,341.1400146484375,341.2200012207031,341.1000061035156,341.1650085449219,33679,0.0,0.0,AAPL
2026-09-28 11:55:00-04:00,341.17999267578125,341.2900085449219,341.1000061035156,341.1549987792969,31150,0.0,0.0,AAPL
2026-09-28 11:56:00-04:00,341.13800048828125,341.20001220703125,341.090087890625,341.125,24835,0.0,0.0,AAPL
2026-09-28 11:57:00-04:00,341.1094970703125,341.3599853515625,341.0504150390625,341.239990234375,30618,0.0,0.0,AAPL
2026-09-28 11:58:00-04:00,341.2300109863281,341.32989501953125,341.20001220703125,341.239990234375,56787,0.0,0.0,AAPL
2026-09-28 11:59:00-04:00,341.2300109863281,341.3399963378906,341.1709899902344,341.18499755859375,30305,0.0,0.0,AAPL
2026-09-28 12:00:00-04:00,341.20001220703125,341.3399963378906,341.1400146484375,341.1401062011719,55033,0.0,0.0,AAPL
2026-09-28 12:01:00-04:00,341.1400146484375,341.1940002441406,340.85009765625,340.85009765625,43412,0.0,0.0,AAPL
2026-09-28 12:02:00-04:00,340.864990234375,341.010009765625,340.7486877441406,340.8599853515625,54955,0.0,0.0,AAPL
2026-09-28 12:03:00-04:00,340.8800048828125,341.07000732421875,340.8800048828125,340.9200134277344,36855,0.0,0.0,AAPL
2026-09-28 12:04:00-04:00,340.9200134277344,340.92999267578125,340.6600036621094,340.739990234375,41001,0.0,0.0,AAPL
2026-09-28 12:05:00-04:00,340.75,340.75,340.5400085449219,340.625,47038,0.0,0.0,AAPL
2026-09-28 12:06:00-04:00,340.6099853515625,340.6300048828125,340.385009765625,340.4200134277344,61212,0.0,0.0,AAPL
2026-09-28 12:07:00-04:00,340.4200134277344,340.54998779296875,340.3500061035156,340.489990234375,60169,0.0,0.0,AAPL
2026-09-28 12:08:00-04:00,340.4700012207031,340.5899963378906,340.4200134277344,340.4725036621094,29776,0.0,0.0,AAPL
2026-09-28 12:09:00-04:00,340.4750061035156,340.5299987792969,340.30999755859375,340.3500061035156,27623,0.0,0.0,AAPL
2026-09-28 12:10:00-04:00,340.3699951171875,340.42999267578125,340.239990234375,340.2900085449219,67896,0.0,0.0,AAPL
2026-09-28 12:11:00-04:00,340.2699890136719,340.42999267578125,340.260009765625,340.3019104003906,40022,0.0,0.0,AAPL
2026-09-28 12:12:00-04:00,340.30499267578125,340.3800048828125,340.25,340.32000732421875,32354,0.0,0.0,AAPL
2026-09-28 12:13:00-04:00,340.29998779296875,340.3299865722656,340.19000244140625,340.2300109863281,28875,0.0,0.0,AAPL
2026-09-28 12:14:00-04:00,340.2250061035156,340.3453063964844,340.17999267578125,340.25,35759,0.0,0.0,AAPL
2026-09-28 12:15:00-04:00,340.25,340.4798889160156,340.19500732421875,340.4599914550781,29544,0.0,0.0,AAPL
2026-09-28 12:16:00-04:00,340.4700012207031,340.7200012207031,340.2300109863281,340.6650085449219,86270,0.0,0.0,AAPL
2026-09-28 12:17:00-04:00,340.6400146484375,340.7699890136719,340.6099853515625,340.7300109863281,38148,0.0,0.0,AAPL
2026-09-28 12:18:00-04:00,340.7099914550781,341.14190673828125,340.7099914550781,341.1300048828125,44686,0.0,0.0,AAPL
2026-09-28 12:19:00-04:00,341.0799865722656,341.0799865722656,340.95098876953125,341.0400085449219,39928,0.0,0.0,AAPL
2026-09-28 12:20:00-04:00,341.0400085449219,341.25,340.8999938964844,341.19000244140625,52634,0.0,0.0,AAPL
2026-09-28 12:21:00-04:00,341.18499755859375,341.5199890136719,341.17999267578125,341.4466857910156,54116,0.0,0.0,AAPL
2026-09-28 12:22:00-04:00,341.4599914550781,341.489990234375,341.2799987792969,341.3500061035156,40910,0.0,0.0,AAPL
2026-09-28 12:23:00-04:00,341.2900085449219,341.3299865722656,341.0,341.2799987792969,47227,0.0,0.0,AAPL
2026-09-28 12:24:00-04:00,341.27899169921875,341.3949890136719,341.18499755859375,341.32000732421875,30888,0.0,0.0,AAPL
2026-09-28 12:25:00-04:00,341.30010986328125,341.30499267578125,341.19000244140625,341.239990234375,20907,0.0,0.0,AAPL
2026-09-28 12:26:00-04:00,341.2300109863281,341.7749938964844,341.1300048828125,341.5801086425781,251040,0.0,0.0,AAPL
2026-09-28 12:27:00-04:00,341.5799865722656,341.7099914550781,341.3550109863281,341.3953857421875,42014,0.0,0.0,AAPL
2026-09-28 12:28:00-04:00,341.3699951171875,341.54998779296875,341.2228088378906,341.30999755859375,33305,0.0,0.0,AAPL
2026-09-28 12:29:00-04:00,341.2738037109375,341.45001220703125,341.25,341.30999755859375,29239,0.0,0.0,AAPL
2026-09-28 12:30:00-04:00,341.2900085449219,341.44500732421875,341.2351989746094,341.239990234375,40999,0.0,0.0,AAPL
2026-09-28 12:31:00-04:00,341.2300109863281,341.42999267578125,341.19000244140625,341.33349609375,21215,0.0,0.0,AAPL
2026-09-28 12:32:00-04:00,341.364990234375,341.3949890136719,341.0299987792969,341.1000061035156,41183,0.0,0.0,AAPL
2026-09-28 12:33:00-04:00,341.0799865722656,341.29998779296875,341.07000732421875,341.2900085449219,39676,0.0,0.0,AAPL
2026-09-28 12:34:00-04:00,341.2699890136719,341.30999755859375,341.19000244140625,341.2300109863281,20694,0.0,0.0,AAPL
2026-09-28 12:35:00-04:00,341.25,341.29998779296875,341.07000732421875,341.07000732421875,16713,0.0,0.0,AAPL
2026-09-28 12:36:00-04:00,341.0798034667969,341.1724853515625,340.9809875488281,341.0986022949219,22470,0.0,0.0,AAPL
2026-09-28 12:37:00-04:00,341.0799865722656,341.1600036621094,340.9800109863281,341.1217956542969,21817,0.0,0.0,AAPL
2026-09-28 12:38:00-04:00,341.1300048828125,341.1499938964844,341.0199890136719,341.04998779296875,22995,0.0,0.0,AAPL
2026-09-28 12:39:00-04:00,341.07000732421875,341.13861083984375,341.010009765625,341.05999755859375,18930,0.0,0.0,AAPL
2026-09-28 12:40:00-04:00,341.07000732421875,341.0899963378906,340.67999267578125,340.70001220703125,50549,0.0,0.0,AAPL
2026-09-28 12:41:00-04:00,340.69000244140625,340.7099914550781,340.55010986328125,340.614990234375,31303,0.0,0.0,AAPL
2026-09-28 12:42:00-04:00,340.6300048828125,340.7318115234375,340.4309997558594,340.44500732421875,37525,0.0,0.0,AAPL
2026-09-28 12:43:00-04:00,340.43499755859375,340.5400085449219,340.3699951171875,340.5199890136719,19913,0.0,0.0,AAPL
2026-09-28 12:44:00-04:00,340.5249938964844,340.5400085449219,340.45001220703125,340.5299987792969,28934,0.0,0.0,AAPL
2026-09-28 12:45:00-04:00,340.5150146484375,340.6499938964844,340.45001220703125,340.4801025390625,35043,0.0,0.0,AAPL
2026-09-28 12:46:00-04:00,340.5,340.6000061035156,340.3599853515625,340.55999755859375,37123,0.0,0.0,AAPL
2026-09-28 12:47:00-04:00,340.510009765625,340.6600036621094,340.489990234375,340.5299072265625,33194,0.0,0.0,AAPL
2026-09-28 12:48:00-04:00,340.510009765625,340.6000061035156,340.44000244140625,340.56829833984375,39617,0.0,0.0,AAPL
2026-09-28 12:49:00-04:00,340.55999755859375,340.80999755859375,340.55999755859375,340.80999755859375,31376,0.0,0.0,AAPL
2026-09-28 12:50:00-04:00,340.82000732421875,340.8758850097656,340.739990234375,340.864990234375,30106,0.0,0.0,AAPL
2026-09-28 12:51:00-04:00,340.864990234375,340.8800048828125,340.7699890136719,340.8500061035156,28916,0.0,0.0,AAPL
2026-09-28 12:52:00-04:00,340.8399963378906,340.8500061035156,340.760009765625,340.82000732421875,15712,0.0,0.0,AAPL
2026-09-28 12:53:00-04:00,340.8349914550781,340.92999267578125,340.760009765625,340.92999267578125,24919,0.0,0.0,AAPL
2026-09-28 12:54:00-04:00,340.92999267578125,340.95001220703125,340.80999755859375,340.8299865722656,31766,0.0,0.0,AAPL
2026-09-28 12:55:00-04:00,340.8399963378906,340.8900146484375,340.79998779296875,340.8900146484375,15173,0.0,0.0,AAPL
2026-09-28 12:56:00-04:00,340.8999938964844,341.010009765625,340.8403015136719,340.8550109863281,34317,0.0,0.0,AAPL
2026-09-28 12:57:00-04:00,340.8699951171875,340.9700012207031,340.8399963378906,340.93499755859375,20033,0.0,0.0,AAPL
2026-09-28 12:58:00-04:00,340.94000244140625,340.9599914550781,340.760009765625,340.7806091308594,39293,0.0,0.0,AAPL
2026-09-28 12:59:00-04:00,340.7900085449219,340.8900146484375,340.7799987792969,340.8599853515625,21859,0.0,0.0,AAPL
2026-09-28 13:00:00-04:00,340.8500061035156,340.8699951171875,340.6300048828125,340.6549987792969,27802,0.0,0.0,AAPL
2026-09-28 13:01:00-04:00,340.6700134277344,340.67999267578125,340.5799865722656,340.6050109863281,31217,0.0,0.0,AAPL
2026-09-28 13:02:00-04:00,340.6000061035156,340.6199951171875,340.44000244140625,340.5,26408,0.0,0.0,AAPL
2026-09-28 13:03:00-04:00,340.489990234375,340.55999755859375,340.45001220703125,340.45001220703125,20163,0.0,0.0,AAPL
2026-09-28 13:04:00-04:00,340.4549865722656,340.4599914550781,340.3599853515625,340.4100036621094,30604,0.0,0.0,AAPL
2026-09-28 13:05:00-04:00,340.4100036621094,340.54998779296875,340.3500061035156,340.3999938964844,29912,0.0,0.0,AAPL
2026-09-28 13:06:00-04:00,340.3999938964844,340.3999938964844,340.260009765625,340.260009765625,33893,0.0,0.0,AAPL
2026-09-28 13:07:00-04:00,340.2699890136719,340.3399963378906,340.19000244140625,340.2200012207031,27517,0.0,0.0,AAPL
2026-09-28 13:08:00-04:00,340.2099914550781,340.23388671875,340.1050109863281,340.2250061035156,27504,0.0,0.0,AAPL
2026-09-28 13:09:00-04:00,340.2250061035156,340.3299865722656,340.18011474609375,340.20001220703125,27017,0.0,0.0,AAPL
2026-09-28 13:10:00-04:00,340.18701171875,340.2200012207031,340.0799865722656,340.1000061035156,31190,0.0,0.0,AAPL
2026-09-28 13:11:00-04:00,340.0950012207031,340.75,340.0199890136719,340.614990234375,265269,0.0,0.0,AAPL
2026-09-28 13:12:00-04:00,340.614990234375,340.6986999511719,340.45001220703125,340.635009765625,43526,0.0,0.0,AAPL
2026-09-28 13:13:00-04:00,340.6400146484375,340.92999267578125,340.5950012207031,340.9100036621094,54471,0.0,0.0,AAPL
2026-09-28 13:14:00-04:00,340.9298095703125,340.92999267578125,340.5899963378906,340.760009765625,53147,0.0,0.0,AAPL
2026-09-28 13:15:00-04:00,340.760009765625,340.760009765625,340.3714904785156,340.6300048828125,26963,0.0,0.0,AAPL
2026-09-28 13:16:00-04:00,340.6199951171875,340.6400146484375,340.3999938964844,340.3999938964844,31861,0.0,0.0,AAPL
2026-09-28 13:17:00-04:00,340.4200134277344,340.42999267578125,340.04998779296875,340.15008544921875,50036,0.0,0.0,AAPL
2026-09-28 13:18:00-04:00,340.1700134277344,340.3399963378906,340.07000732421875,340.0899963378906,30153,0.0,0.0,AAPL
2026-09-28 13:19:00-04:00,340.0849914550781,340.1300048828125,339.89190673828125,339.9049987792969,95840,0.0,0.0,AAPL
2026-09-28 13:20:00-04:00,339.8699951171875,339.9599914550781,339.7699890136719,339.94000244140625,31267,0.0,0.0,AAPL
2026-09-28 13:21:00-04:00,339.9599914550781,340.1050109863281,339.9200134277344,340.010009765625,25104,0.0,0.0,AAPL
2026-09-28 13:22:00-04:00,340.0075988769531,340.1499938964844,340.0,340.0902099609375,36074,0.0,0.0,AAPL
2026-09-28 13:23:00-04:00,340.1050109863281,340.1700134277344,340.0,340.010009765625,31549,0.0,0.0,AAPL
2026-09-28 13:24:00-04:00,339.989990234375,340.17999267578125,339.989990234375,340.0899963378906,42548,0.0,0.0,AAPL
2026-09-28 13:25:00-04:00,340.0899963378906,340.2099914550781,340.07000732421875,340.0950012207031,24402,0.0,0.0,AAPL
2026-09-28 13:26:00-04:00,340.1000061035156,340.1050109863281,339.8599853515625,339.875,39036,0.0,0.0,AAPL
2026-09-28 13:27:00-04:00,339.8699951171875,340.010009765625,339.8699951171875,339.9549865722656,21763,0.0,0.0,AAPL
2026-09-28 13:28:00-04:00,339.9549865722656,340.0299987792969,339.9100036621094,340.0296936035156,28145,0.0,0.0,AAPL
2026-09-28 13:29:00-04:00,340.0249938964844,340.06988525390625,339.94000244140625,339.9700012207031,21999,0.0,0.0,AAPL
2026-09-28 13:30:00-04:00,339.9849853515625,340.0799865722656,339.9800109863281,340.06500244140625,34216,0.0,0.0,AAPL
2026-09-28 13:31:00-04:00,340.07000732421875,340.23590087890625,340.0450134277344,340.1300048828125,41009,0.0,0.0,AAPL
2026-09-28 13:32:00-04:00,340.1199951171875,340.20001220703125,340.1000061035156,340.1400146484375,35447,0.0,0.0,AAPL
2026-09-28 13:33:00-04:00,340.1400146484375,340.17999267578125,340.0899963378906,340.125,23999,0.0,0.0,AAPL
2026-09-28 13:34:00-04:00,340.1400146484375,340.1400146484375,340.04998779296875,340.1000061035156,29663,0.0,0.0,AAPL
2026-09-28 13:35:00-04:00,340.0899963378906,340.1300048828125,340.0199890136719,340.1300048828125,38582,0.0,0.0,AAPL
2026-09-28 13:36:00-04:00,340.1499938964844,340.20001220703125,340.1000061035156,340.1400146484375,18278,0.0,0.0,AAPL
2026-09-28 13:37:00-04:00,340.15509033203125,340.239990234375,339.9700012207031,340.010009765625,28668,0.0,0.0,AAPL
2026-09-28 13:38:00-04:00,340.010009765625,340.1000061035156,339.98199462890625,340.0711975097656,18841,0.0,0.0,AAPL
2026-09-28 13:39:00-04:00,340.0751037597656,340.1300048828125,340.0299987792969,340.04998779296875,23357,0.0,0.0,AAPL
2026-09-28 13:40:00-04:00,340.04998779296875,340.1400146484375,340.0201110839844,340.07501220703125,22292,0.0,0.0,AAPL
2026-09-28 13:41:00-04:00,340.07501220703125,340.0899963378906,339.95709228515625,340.0201110839844,17002,0.0,0.0,AAPL
2026-09-28 13:42:00-04:00,340.0150146484375,340.0150146484375,339.8999938964844,339.989990234375,27359,0.0,0.0,AAPL
2026-09-28 13:43:00-04:00,340.010009765625,340.0799865722656,339.9599914550781,339.989990234375,27689,0.0,0.0,AAPL
2026-09-28 13:44:00-04:00,339.989990234375,339.989990234375,339.82000732421875,339.82000732421875,22906,0.0,0.0,AAPL
2026-09-28 13:45:00-04:00,339.80999755859375,339.8699951171875,339.7799987792969,339.8599853515625,37569,0.0,0.0,AAPL
2026-09-28 13:46:00-04:00,339.8500061035156,339.8800048828125,339.79998779296875,339.8525085449219,24516,0.0,0.0,AAPL
2026-09-28 13:47:00-04:00,339.8500061035156,339.8599853515625,339.7300109863281,339.7300109863281,23393,0.0,0.0,AAPL
2026-09-28 13:48:00-04:00,339.7300109863281,339.7799072265625,339.6499938964844,339.7699890136719,29923,0.0,0.0,AAPL
2026-09-28 13:49:00-04:00,339.7699890136719,339.79998779296875,339.6000061035156,339.6700134277344,22557,0.0,0.0,AAPL
2026-09-28 13:50:00-04:00,339.6700134277344,339.739990234375,339.6300048828125,339.69000244140625,26708,0.0,0.0,AAPL
2026-09-28 13:51:00-04:00,339.68011474609375,339.7499084472656,339.6600036621094,339.7300109863281,22409,0.0,0.0,AAPL
2026-09-28 13:52:00-04:00,339.7099914550781,339.7200012207031,339.6000061035156,339.67498779296875,22454,0.0,0.0,AAPL
2026-09-28 13:53:00-04:00,339.6404113769531,339.75,339.6404113769531,339.7300109863281,26969,0.0,0.0,AAPL
2026-09-28 13:54:00-04:00,339.739990234375,339.8399963378906,339.739990234375,339.79998779296875,32460,0.0,0.0,AAPL
2026-09-28 13:55:00-04:00,339.80999755859375,339.8299865722656,339.6400146484375,339.6449890136719,30853,0.0,0.0,AAPL
2026-09-28 13:56:00-04:00,339.6400146484375,339.6698913574219,339.5299987792969,339.57501220703125,47081,0.0,0.0,AAPL
2026-09-28 13:57:00-04:00,339.5834045410156,339.5964050292969,339.44000244140625,339.4444885253906,49319,0.0,0.0,AAPL
2026-09-28 13:58:00-04:00,339.4549865722656,339.510009765625,339.4200134277344,339.50201416015625,36385,0.0,0.0,AAPL
2026-09-28 13:59:00-04:00,339.510009765625,339.54998779296875,339.44000244140625,339.44000244140625,27381,0.0,0.0,AAPL
2026-09-28 14:00:00-04:00,339.43011474609375,339.5400085449219,339.42999267578125,339.4599914550781,23478,0.0,0.0,AAPL
2026-09-28 14:01:00-04:00,339.4700012207031,339.5799865722656,339.4049987792969,339.5400085449219,40863,0.0,0.0,AAPL
2026-09-28 14:02:00-04:00,339.5299987792969,339.69000244140625,339.5199890136719,339.6600036621094,23579,0.0,0.0,AAPL
2026-09-28 14:03:00-04:00,339.6600036621094,339.70001220703125,339.6000061035156,339.6700134277344,31058,0.0,0.0,AAPL
2026-09-28 14:04:00-04:00,339.6700134277344,339.743896484375,339.6600036621094,339.7300109863281,52451,0.0,0.0,AAPL
2026-09-28 14:05:00-04:00,339.7300109863281,339.889892578125,339.6400146484375,339.81500244140625,47788,0.0,0.0,AAPL
2026-09-28 14:06:00-04:00,339.7950134277344,339.95001220703125,339.7799987792969,339.92999267578125,44664,0.0,0.0,AAPL
2026-09-28 14:07:00-04:00,339.92999267578125,339.94000244140625,339.7900085449219,339.82000732421875,26131,0.0,0.0,AAPL
2026-09-28 14:08:00-04:00,339.8280944824219,339.8999938964844,339.7799987792969,339.8999938964844,28774,0.0,0.0,AAPL
2026-09-28 14:09:00-04:00,339.9049987792969,339.9100036621094,339.7850036621094,339.7900085449219,35355,0.0,0.0,AAPL
2026-09-28 14:10:00-04:00,339.7900085449219,339.94000244140625,339.7900085449219,339.864990234375,46013,0.0,0.0,AAPL
2026-09-28 14:11:00-04:00,339.864990234375,339.989990234375,339.8599853515625,339.94989013671875,31543,0.0,0.0,AAPL
2026-09-28 14:12:00-04:00,339.95001220703125,340.05999755859375,339.79998779296875,339.79998779296875,43766,0.0,0.0,AAPL
2026-09-28 14:13:00-04:00,339.7945861816406,339.8900146484375,339.760009765625,339.8800048828125,27678,0.0,0.0,AAPL
2026-09-28 14:14:00-04:00,339.9049987792969,339.9599914550781,339.8800048828125,339.9549865722656,19523,0.0,0.0,AAPL
2026-09-28 14:15:00-04:00,339.95001220703125,340.0776062011719,339.9200134277344,339.9200134277344,64349,0.0,0.0,AAPL
2026-09-28 14:16:00-04:00,339.92999267578125,340.0400085449219,339.8999938964844,340.0126037597656,36408,0.0,0.0,AAPL
2026-09-28 14:17:00-04:00,340.010009765625,340.1400146484375,339.93499755859375,339.93499755859375,41546,0.0,0.0,AAPL
2026-09-28 14:18:00-04:00,339.93499755859375,339.9827880859375,339.8399963378906,339.9649963378906,25432,0.0,0.0,AAPL
2026-09-28 14:19:00-04:00,339.9700012207031,339.9879150390625,339.8399963378906,339.8900146484375,27589,0.0,0.0,AAPL
2026-09-28 14:20:00-04:00,339.9100036621094,339.9649963378906,339.8800048828125,339.94000244140625,23162,0.0,0.0,AAPL
2026-09-28 14:21:00-04:00,339.94000244140625,339.989990234375,339.9100036621094,339.95001220703125,29757,0.0,0.0,AAPL
2026-09-28 14:22:00-04:00,339.94500732421875,339.9800109863281,339.9100036621094,339.9200134277344,25611,0.0,0.0,AAPL
2026-09-28 14:23:00-04:00,339.9100036621094,339.9200134277344,339.7301025390625,339.773193359375,25295,0.0,0.0,AAPL
2026-09-28 14:24:00-04:00,339.7799987792969,339.8500061035156,339.6900939941406,339.8399963378906,21771,0.0,0.0,AAPL
2026-09-28 14:25:00-04:00,339.8399963378906,339.85308837890625,339.7900085449219,339.7900085449219,19816,0.0,0.0,AAPL
2026-09-28 14:26:00-04:00,339.80999755859375,339.8500061035156,339.7200012207031,339.7349853515625,19557,0.0,0.0,AAPL
2026-09-28 14:27:00-04:00,339.7349853515625,339.79998779296875,339.70001220703125,339.75,22259,0.0,0.0,AAPL
2026-09-28 14:28:00-04:00,339.760009765625,339.79998779296875,339.7300109863281,339.75,16320,0.0,0.0,AAPL
2026-09-28 14:29:00-04:00,339.739990234375,339.8299865722656,339.7300109863281,339.7950134277344,23952,0.0,0.0,AAPL
2026-09-28 14:30:00-04:00,339.79998779296875,340.0,339.7300109863281,339.9049987792969,51391,0.0,0.0,AAPL
2026-09-28 14:31:00-04:00,339.8949890136719,339.8949890136719,339.6199951171875,339.6700134277344,60379,0.0,0.0,AAPL
2026-09-28 14:32:00-04:00,339.6700134277344,339.8301086425781,339.6200866699219,339.8299865722656,27839,0.0,0.0,AAPL
2026-09-28 14:33:00-04:00,339.8299865722656,339.8599853515625,339.7900085449219,339.7900085449219,24318,0.0,0.0,AAPL
2026-09-28 14:34:00-04:00,339.7799987792969,339.8699951171875,339.7300109863281,339.7300109863281,28252,0.0,0.0,AAPL
2026-09-28 14:35:00-04:00,339.7250061035156,339.9110107421875,339.70001220703125,339.8800048828125,35002,0.0,0.0,AAPL
2026-09-28 14:36:00-04:00,339.8702087402344,339.8702087402344,339.7699890136719,339.8349914550781,21310,0.0,0.0,AAPL
2026-09-28 14:37:00-04:00,339.8349914550781,339.8399963378906,339.75,339.7550048828125,19313,0.0,0.0,AAPL
2026-09-28 14:38:00-04:00,339.760009765625,339.8399963378906,339.7550048828125,339.7900085449219,31568,0.0,0.0,AAPL
2026-09-28 14:39:00-04:00,339.7799987792969,339.79998779296875,339.6200866699219,339.6650085449219,30238,0.0,0.0,AAPL
2026-09-28 14:40:00-04:00,339.6650085449219,339.75,339.590087890625,339.739990234375,39894,0.0,0.0,AAPL
2026-09-28 14:41:00-04:00,339.72198486328125,339.7799987792969,339.67999267578125,339.7401123046875,44155,0.0,0.0,AAPL
2026-09-28 14:42:00-04:00,339.75,339.7699890136719,339.6900939941406,339.7699890136719,28329,0.0,0.0,AAPL
2026-09-28 14:43:00-04:00,339.7699890136719,339.8550109863281,339.739990234375,339.8550109863281,31814,0.0,0.0,AAPL
2026-09-28 14:44:00-04:00,339.8500061035156,339.989990234375,339.82000732421875,339.8599853515625,47451,0.0,0.0,AAPL
2026-09-28 14:45:00-04:00,339.8699951171875,339.9700012207031,339.7900085449219,339.9599914550781,34752,0.0,0.0,AAPL
2026-09-28 14:46:00-04:00,339.9549865722656,340.0350036621094,339.9306945800781,339.9949951171875,34147,0.0,0.0,AAPL
2026-09-28 14:47:00-04:00,339.9949951171875,340.0400085449219,339.94000244140625,340.010009765625,37686,0.0,0.0,AAPL
2026-09-28 14:48:00-04:00,340.010009765625,340.010009765625,339.79998779296875,339.92498779296875,44907,0.0,0.0,AAPL
2026-09-28 14:49:00-04:00,339.9200134277344,339.989990234375,339.8699951171875,339.9591979980469,24069,0.0,0.0,AAPL
2026-09-28 14:50:00-04:00,339.9549865722656,339.989990234375,339.92999267578125,339.9599914550781,21938,0.0,0.0,AAPL
2026-09-28 14:51:00-04:00,339.9700012207031,339.9800109863281,339.8399963378906,339.8999938964844,39114,0.0,0.0,AAPL
2026-09-28 14:52:00-04:00,339.9100036621094,339.92999267578125,339.80499267578125,339.80499267578125,27939,0.0,0.0,AAPL
2026-09-28 14:53:00-04:00,339.7950134277344,339.94000244140625,339.7427978515625,339.7900085449219,38174,0.0,0.0,AAPL
2026-09-28 14:54:00-04:00,339.7699890136719,339.7699890136719,339.6600036621094,339.7250061035156,28273,0.0,0.0,AAPL
2026-09-28 14:55:00-04:00,339.7250061035156,339.75,339.6099853515625,339.6099853515625,45115,0.0,0.0,AAPL
2026-09-28 14:56:00-04:00,339.614990234375,339.614990234375,339.3599853515625,339.3900146484375,39870,0.0,0.0,AAPL
2026-09-28 14:57:00-04:00,339.3999938964844,339.45989990234375,339.20001220703125,339.2099914550781,53270,0.0,0.0,AAPL
2026-09-28 14:58:00-04:00,339.20001220703125,339.32000732421875,339.1505126953125,339.29010009765625,37425,0.0,0.0,AAPL
2026-09-28 14:59:00-04:00,339.2900085449219,339.29998779296875,339.2200012207031,339.2200012207031,38469,0.0,0.0,AAPL
2026-09-28 15:00:00-04:00,339.2298889160156,339.2651062011719,339.0400085449219,339.2300109863281,84967,0.0,0.0,AAPL
2026-09-28 15:01:00-04:00,339.25,339.30999755859375,339.2250061035156,339.2250061035156,35074,0.0,0.0,AAPL
2026-09-28 15:02:00-04:00,339.2099914550781,339.2449951171875,339.0799865722656,339.2250061035156,33885,0.0,0.0,AAPL
2026-09-28 15:03:00-04:00,339.2300109863281,339.2799987792969,339.1499938964844,339.2049865722656,30183,0.0,0.0,AAPL
2026-09-28 15:04:00-04:00,339.1900939941406,339.20001220703125,339.0799865722656,339.097900390625,33998,0.0,0.0,AAPL
2026-09-28 15:05:00-04:00,339.0899963378906,339.1700134277344,339.0899963378906,339.1650085449219,28378,0.0,0.0,AAPL
2026-09-28 15:06:00-04:00,339.1650085449219,339.2699890136719,339.1499938964844,339.2349853515625,28863,0.0,0.0,AAPL
2026-09-28 15:07:00-04:00,339.2250061035156,339.2300109863281,339.0899963378906,339.1099853515625,26905,0.0,0.0,AAPL
2026-09-28 15:08:00-04:00,339.10760498046875,339.1499938964844,339.07501220703125,339.1099853515625,33072,0.0,0.0,AAPL
2026-09-28 15:09:00-04:00,339.11041259765625,339.1499938964844,338.95001220703125,339.0398864746094,76804,0.0,0.0,AAPL
2026-09-28 15:10:00-04:00,339.0350036621094,339.135986328125,339.0050048828125,339.0101013183594,58567,0.0,0.0,AAPL
2026-09-28 15:11:00-04:00,339.0150146484375,339.0199890136719,338.80999755859375,338.837890625,51435,0.0,0.0,AAPL
2026-09-28 15:12:00-04:00,338.8349914550781,338.8500061035156,338.7300109863281,338.739990234375,43584,0.0,0.0,AAPL
2026-09-28 15:13:00-04:00,338.75,338.80450439453125,338.610107421875,338.7099914550781,50566,0.0,0.0,AAPL
2026-09-28 15:14:00-04:00,338.70001220703125,338.7099914550781,338.6099853515625,338.6300048828125,41337,0.0,0.0,AAPL
2026-09-28 15:15:00-04:00,338.6300048828125,338.6300048828125,338.510009765625,338.625,62238,0.0,0.0,AAPL
2026-09-28 15:16:00-04:00,338.625,338.75,338.5799865722656,338.5950012207031,65965,0.0,0.0,AAPL
2026-09-28 15:17:00-04:00,338.5899963378906,338.67999267578125,338.5199890136719,338.67999267578125,74730,0.0,0.0,AAPL
2026-09-28 15:18:00-04:00,338.67498779296875,338.70001220703125,338.5299987792969,338.5450134277344,49210,0.0,0.0,AAPL
2026-09-28 15:19:00-04:00,338.5400085449219,338.5400085449219,338.2099914550781,338.4849853515625,150642,0.0,0.0,AAPL
2026-09-28 15:20:00-04:00,338.489990234375,338.5,338.4200134277344,338.489990234375,71656,0.0,0.0,AAPL
2026-09-28 15:21:00-04:00,338.5,338.6400146484375,338.4800109863281,338.57000732421875,63588,0.0,0.0,AAPL
2026-09-28 15:22:00-04:00,338.57000732421875,338.6600036621094,338.57000732421875,338.6499938964844,32222,0.0,0.0,AAPL
2026-09-28 15:23:00-04:00,338.6600036621094,338.7001037597656,338.5804138183594,338.5899963378906,40421,0.0,0.0,AAPL
2026-09-28 15:24:00-04:00,338.6099853515625,338.6199951171875,338.4649963378906,338.489990234375,42146,0.0,0.0,AAPL
2026-09-28 15:25:00-04:00,338.510009765625,338.6299133300781,338.4801025390625,338.5899963378906,46228,0.0,0.0,AAPL
2026-09-28 15:26:00-04:00,338.6098937988281,338.6300048828125,338.4800109863281,338.54998779296875,44853,0.0,0.0,AAPL
2026-09-28 15:27:00-04:00,338.54998779296875,338.5799865722656,338.3794860839844,338.4299011230469,41844,0.0,0.0,AAPL
2026-09-28 15:28:00-04:00,338.4200134277344,338.5199890136719,338.34100341796875,338.3500061035156,44750,0.0,0.0,AAPL
2026-09-28 15:29:00-04:00,338.3599853515625,338.3800048828125,338.30999755859375,338.3500061035156,53217,0.0,0.0,AAPL
2026-09-28 15:30:00-04:00,338.340087890625,338.3599853515625,338.1300048828125,338.29998779296875,109582,0.0,0.0,AAPL
2026-09-28 15:31:00-04:00,338.29998779296875,338.4200134277344,338.2300109863281,338.239990234375,57396,0.0,0.0,AAPL
2026-09-28 15:32:00-04:00,338.25,338.4599914550781,338.25,338.3599853515625,76153,0.0,0.0,AAPL
2026-09-28 15:33:00-04:00,338.3550109863281,338.4800109863281,338.25,338.2699890136719,47743,0.0,0.0,AAPL
2026-09-28 15:34:00-04:00,338.2699890136719,338.33990478515625,338.2099914550781,338.239990234375,56241,0.0,0.0,AAPL
2026-09-28 15:35:00-04:00,338.239990234375,338.3699951171875,338.2139892578125,338.2200012207031,57712,0.0,0.0,AAPL
2026-09-28 15:36:00-04:00,338.2300109863281,338.2799987792969,338.110107421875,338.260009765625,68332,0.0,0.0,AAPL
2026-09-28 15:37:00-04:00,338.260009765625,338.260009765625,338.0910949707031,338.1499938964844,45063,0.0,0.0,AAPL
2026-09-28 15:38:00-04:00,338.1449890136719,338.1899108886719,338.0400085449219,338.0799865722656,55454,0.0,0.0,AAPL
2026-09-28 15:39:00-04:00,338.0799865722656,338.20001220703125,338.0400085449219,338.20001220703125,70787,0.0,0.0,AAPL
2026-09-28 15:40:00-04:00,338.2099914550781,338.32000732421875,338.2099914550781,338.25,75605,0.0,0.0,AAPL
2026-09-28 15:41:00-04:00,338.2550048828125,338.3500061035156,338.1700134277344,338.218994140625,77336,0.0,0.0,AAPL
2026-09-28 15:42:00-04:00,338.2099914550781,338.2598876953125,338.1400146484375,338.2298889160156,56196,0.0,0.0,AAPL
2026-09-28 15:43:00-04:00,338.2300109863281,338.31500244140625,338.1499938964844,338.25,60757,0.0,0.0,AAPL
2026-09-28 15:44:00-04:00,338.2587890625,338.3999938964844,338.2587890625,338.3800048828125,57744,0.0,0.0,AAPL
2026-09-28 15:45:00-04:00,338.3900146484375,338.5299987792969,338.385009765625,338.42999267578125,63630,0.0,0.0,AAPL
2026-09-28 15:46:00-04:00,338.4100036621094,338.4700012207031,338.2950134277344,338.3299865722656,87123,0.0,0.0,AAPL
2026-09-28 15:47:00-04:00,338.3299865722656,338.614990234375,338.2900085449219,338.5400085449219,76544,0.0,0.0,AAPL
2026-09-28 15:48:00-04:00,338.5299987792969,338.6000061035156,338.44000244140625,338.5950012207031,57272,0.0,0.0,AAPL
2026-09-28 15:49:00-04:00,338.5950012207031,338.6199951171875,338.4700012207031,338.5150146484375,54568,0.0,0.0,AAPL
2026-09-28 15:50:00-04:00,338.4599914550781,338.8399963378906,338.4599914550781,338.70001220703125,106430,0.0,0.0,AAPL
2026-09-28 15:51:00-04:00,338.7099914550781,338.92999267578125,338.70001220703125,338.8599853515625,98332,0.0,0.0,AAPL
2026-09-28 15:52:00-04:00,338.8699951171875,338.8699951171875,338.6300048828125,338.6400146484375,109168,0.0,0.0,AAPL
2026-09-28 15:53:00-04:00,338.6199951171875,338.75,338.5733947753906,338.614990234375,116912,0.0,0.0,AAPL
2026-09-28 15:54:00-04:00,338.6099853515625,338.6099853515625,338.3500061035156,338.4200134277344,139502,0.0,0.0,AAPL
2026-09-28 15:55:00-04:00,338.4200134277344,338.7200012207031,338.3800048828125,338.55999755859375,137535,0.0,0.0,AAPL
2026-09-28 15:56:00-04:00,338.57000732421875,338.6300048828125,338.4599914550781,338.4599914550781,152855,0.0,0.0,AAPL
2026-09-28 15:57:00-04:00,338.44000244140625,338.4599914550781,338.260009765625,338.2699890136719,175952,0.0,0.0,AAPL
2026-09-28 15:58:00-04:00,338.2900085449219,338.5400085449219,338.2099914550781,338.489990234375,375647,0.0,0.0,AAPL
2026-09-28 15:59:00-04:00,338.4700012207031,338.57000732421875,338.30999755859375,338.364990234375,672444,0.0,0.0,AAPL
2026-09-29 09:30:00-04:00,333.2078857421875,334.0398864746094,333.2078857421875,333.2078857421875,1171849,0.0,0.0,AAPL
2026-09-29 09:31:00-04:00,333.20001220703125,333.8900146484375,332.05999755859375,332.3450012207031,297205,0.0,0.0,AAPL
2026-09-29 09:32:00-04:00,332.2900085449219,333.3800048828125,332.20001220703125,333.0849914550781,235629,0.0,0.0,AAPL
2026-09-29 09:33:00-04:00,333.0799865722656,333.9599914550781,332.8349914550781,333.1099853515625,185590,0.0,0.0,AAPL
2026-09-29 09:34:00-04:00,333.1455993652344,333.8599853515625,332.8699951171875,333.7550048828125,145388,0.0,0.0,AAPL
2026-09-29 09:35:00-04:00,333.74310302734375,334.17999267578125,333.42999267578125,334.1499938964844,163014,0.0,0.0,AAPL
2026-09-29 09:36:00-04:00,334.1449890136719,334.39990234375,333.6600036621094,333.8900146484375,124412,0.0,0.0,AAPL
2026-09-29 09:37:00-04:00,333.8699951171875,334.5367126464844,333.8599853515625,334.04998779296875,100667,0.0,0.0,AAPL
2026-09-29 09:38:00-04:00,334.07501220703125,334.0899963378906,333.30999755859375,333.7908020019531,118304,0.0,0.0,AAPL
2026-09-29 09:39:00-04:00,333.7950134277344,333.9800109863281,333.3500061035156,333.739990234375,106314,0.0,0.0,AAPL
2026-09-29 09:40:00-04:00,333.7351989746094,333.760009765625,332.8999938964844,333.5,284160,0.0,0.0,AAPL
2026-09-29 09:41:00-04:00,333.5,333.7250061035156,333.04998779296875,333.04998779296875,226831,0.0,0.0,AAPL
2026-09-29 09:42:00-04:00,333.0799865722656,333.0799865722656,332.7799987792969,332.92498779296875,138080,0.0,0.0,AAPL
2026-09-29 09:43:00-04:00,332.92999267578125,332.9800109863281,332.260009765625,332.30999755859375,102135,0.0,0.0,AAPL
2026-09-29 09:44:00-04:00,332.3500061035156,332.75,332.25,332.52508544921875,128495,0.0,0.0,AAPL
2026-09-29 09:45:00-04:00,332.5,333.04998779296875,332.5,332.9100036621094,116710,0.0,0.0,AAPL
2026-09-29 09:46:00-04:00,332.9200134277344,333.6299133300781,332.7699890136719,333.385009765625,203681,0.0,0.0,AAPL
2026-09-29 09:47:00-04:00,333.3800048828125,333.5,333.0400085449219,333.0899963378906,79135,0.0,0.0,AAPL
2026-09-29 09:48:00-04:00,333.0849914550781,333.1700134277344,332.6600036621094,332.87799072265625,119656,0.0,0.0,AAPL
2026-09-29 09:49:00-04:00,332.8851013183594,332.9750061035156,332.6499938964844,332.94500732421875,103867,0.0,0.0,AAPL
2026-09-29 09:50:00-04:00,332.92498779296875,333.06561279296875,332.6600036621094,332.7701110839844,95204,0.0,0.0,AAPL
2026-09-29 09:51:00-04:00,332.7950134277344,333.29998779296875,332.7200012207031,332.94500732421875,96366,0.0,0.0,AAPL
2026-09-29 09:52:00-04:00,332.94500732421875,333.29998779296875,332.9245910644531,333.07501220703125,90857,0.0,0.0,AAPL
2026-09-29 09:53:00-04:00,333.07000732421875,333.4100036621094,333.07000732421875,333.3200988769531,88604,0.0,0.0,AAPL
2026-09-29 09:54:00-04:00,333.32000732421875,333.5,333.2749938964844,333.385009765625,67712,0.0,0.0,AAPL
2026-09-29 09:55:00-04:00,333.3599853515625,333.3999938964844,333.0400085449219,333.2349853515625,124544,0.0,0.0,AAPL
2026-09-29 09:56:00-04:00,333.2099914550781,333.2099914550781,332.82000732421875,332.889892578125,73879,0.0,0.0,AAPL
2026-09-29 09:57:00-04:00,332.8500061035156,333.239990234375,332.8500061035156,333.2200012207031,87427,0.0,0.0,AAPL
2026-09-29 09:58:00-04:00,333.2300109863281,333.25,332.75,332.9200134277344,85894,0.0,0.0,AAPL
2026-09-29 09:59:00-04:00,332.8999938964844,332.9200134277344,332.739990234375,332.8500061035156,66955,0.0,0.0,AAPL
2026-09-29 10:00:00-04:00,332.8399963378906,333.20001220703125,332.7300109863281,333.0050048828125,77661,0.0,0.0,AAPL
2026-09-29 10:01:00-04:00,333.0050048828125,333.1099853515625,332.7900085449219,333.0799865722656,70496,0.0,0.0,AAPL
2026-09-29 10:02:00-04:00,333.0899963378906,333.1400146484375,332.760009765625,333.0400085449219,289254,0.0,0.0,AAPL
2026-09-29 10:03:00-04:00,333.0400085449219,333.1099853515625,332.85430908203125,333.07000732421875,54245,0.0,0.0,AAPL
2026-09-29 10:04:00-04:00,333.0799865722656,333.2149963378906,333.010009765625,333.1000061035156,50967,0.0,0.0,AAPL
2026-09-29 10:05:00-04:00,333.0910949707031,333.1199951171875,332.79998779296875,333.1000061035156,74198,0.0,0.0,AAPL
2026-09-29 10:06:00-04:00,333.1099853515625,333.239990234375,333.010009765625,333.1199951171875,68045,0.0,0.0,AAPL
2026-09-29 10:07:00-04:00,333.1199951171875,333.2200012207031,333.010009765625,333.1400146484375,43981,0.0,0.0,AAPL
2026-09-29 10:08:00-04:00,333.1549987792969,333.2699890136719,333.0799865722656,333.17498779296875,72333,0.0,0.0,AAPL
2026-09-29 10:09:00-04:00,333.20001220703125,333.3299865722656,333.15130615234375,333.260009765625,60507,0.0,0.0,AAPL
2026-09-29 10:10:00-04:00,333.2699890136719,333.45001220703125,333.2300109863281,333.2699890136719,56569,0.0,0.0,AAPL
2026-09-29 10:11:00-04:00,333.260009765625,333.2726135253906,333.0299987792969,333.0849914550781,65957,0.0,0.0,AAPL
2026-09-29 10:12:00-04:00,333.09991455078125,333.1300048828125,332.90008544921875,333.0050048828125,57169,0.0,0.0,AAPL
2026-09-29 10:13:00-04:00,333.0299987792969,333.3500061035156,332.9700012207031,333.1494140625,51368,0.0,0.0,AAPL
2026-09-29 10:14:00-04:00,333.1400146484375,333.239990234375,333.05999755859375,333.1549987792969,80505,0.0,0.0,AAPL
2026-09-29 10:15:00-04:00,333.1632080078125,333.17999267578125,332.7900085449219,333.04998779296875,63187,0.0,0.0,AAPL
2026-09-29 10:16:00-04:00,333.07000732421875,333.125,332.79998779296875,333.1099853515625,70483,0.0,0.0,AAPL
2026-09-29 10:17:00-04:00,333.08990478515625,333.1600036621094,332.9700012207031,332.9700012207031,44326,0.0,0.0,AAPL
2026-09-29 10:18:00-04:00,332.9443054199219,333.05999755859375,332.79998779296875,332.8299865722656,51474,0.0,0.0,AAPL
2026-09-29 10:19:00-04:00,332.80999755859375,332.96990966796875,332.7699890136719,332.96990966796875,57829,0.0,0.0,AAPL
2026-09-29 10:20:00-04:00,332.9700012207031,333.0199890136719,332.5299987792969,332.5299987792969,77127,0.0,0.0,AAPL
2026-09-29 10:21:00-04:00,332.5400085449219,332.6300048828125,332.4700012207031,332.5950012207031,92023,0.0,0.0,AAPL
2026-09-29 10:22:00-04:00,332.6300048828125,332.760009765625,332.57000732421875,332.7099914550781,49100,0.0,0.0,AAPL
2026-09-29 10:23:00-04:00,332.7900085449219,332.8800048828125,332.3999938964844,332.55499267578125,147718,0.0,0.0,AAPL
2026-09-29 10:24:00-04:00,332.54998779296875,332.5751037597656,332.29998779296875,332.30499267578125,68752,0.0,0.0,AAPL
2026-09-29 10:25:00-04:00,332.30499267578125,332.3699951171875,332.20001220703125,332.30029296875,86811,0.0,0.0,AAPL
2026-09-29 10:26:00-04:00,332.29998779296875,332.29998779296875,332.07000732421875,332.1799011230469,93999,0.0,0.0,AAPL
2026-09-29 10:27:00-04:00,332.1650085449219,332.25,332.010009765625,332.0450134277344,112078,0.0,0.0,AAPL
2026-09-29 10:28:00-04:00,332.0400085449219,332.0555114746094,331.6300048828125,331.94000244140625,150724,0.0,0.0,AAPL
2026-09-29 10:29:00-04:00,331.94000244140625,332.159912109375,331.9100036621094,332.07000732421875,84236,0.0,0.0,AAPL
2026-09-29 10:30:00-04:00,332.06500244140625,332.1400146484375,331.8999938964844,332.1400146484375,84928,0.0,0.0,AAPL
2026-09-29 10:31:00-04:00,332.1351013183594,332.54998779296875,331.95001220703125,332.3999938964844,128570,0.0,0.0,AAPL
2026-09-29 10:32:00-04:00,332.3999938964844,332.4200134277344,331.75,331.8299865722656,191307,0.0,0.0,AAPL
2026-09-29 10:33:00-04:00,331.80999755859375,332.05999755859375,331.7099914550781,332.05999755859375,144208,0.0,0.0,AAPL
2026-09-29 10:34:00-04:00,332.05999755859375,332.2099914550781,331.98809814453125,332.139892578125,61277,0.0,0.0,AAPL
2026-09-29 10:35:00-04:00,332.1199951171875,332.360107421875,331.9700012207031,332.30999755859375,61564,0.0,0.0,AAPL
2026-09-29 10:36:00-04:00,332.3046875,332.34991455078125,332.0,332.0350036621094,62471,0.0,0.0,AAPL
2026-09-29 10:37:00-04:00,332.05499267578125,332.05499267578125,331.7900085449219,332.010009765625,51723,0.0,0.0,AAPL
2026-09-29 10:38:00-04:00,332.0199890136719,332.19000244140625,332.0,332.1300048828125,54305,0.0,0.0,AAPL
2026-09-29 10:39:00-04:00,332.16650390625,332.20001220703125,332.07000732421875,332.0950012207031,53702,0.0,0.0,AAPL
2026-09-29 10:40:00-04:00,332.0806884765625,332.0806884765625,331.7101135253906,331.7699890136719,69633,0.0,0.0,AAPL
2026-09-29 10:41:00-04:00,331.75,332.0,331.7300109863281,331.8599853515625,56246,0.0,0.0,AAPL
2026-09-29 10:42:00-04:00,331.86761474609375,331.989990234375,331.7300109863281,331.9700012207031,53916,0.0,0.0,AAPL
2026-09-29 10:43:00-04:00,331.9649963378906,331.9649963378906,331.7799987792969,331.82000732421875,43908,0.0,0.0,AAPL
2026-09-29 10:44:00-04:00,331.82000732421875,331.9949951171875,331.79998779296875,331.96051025390625,41083,0.0,0.0,AAPL
2026-09-29 10:45:00-04:00,331.9750061035156,332.2200927734375,331.9200134277344,332.2099914550781,68805,0.0,0.0,AAPL
2026-09-29 10:46:00-04:00,332.2300109863281,332.30999755859375,332.1099853515625,332.1600036621094,56948,0.0,0.0,AAPL
2026-09-29 10:47:00-04:00,332.1400146484375,332.1650085449219,332.010009765625,332.05999755859375,45168,0.0,0.0,AAPL
2026-09-29 10:48:00-04:00,332.0899963378906,332.1449890136719,332.0,332.0199890136719,48456,0.0,0.0,AAPL
2026-09-29 10:49:00-04:00,332.0400085449219,332.0710144042969,331.8550109863281,331.94000244140625,49364,0.0,0.0,AAPL
2026-09-29 10:50:00-04:00,331.94000244140625,332.2699890136719,331.94000244140625,332.2699890136719,57548,0.0,0.0,AAPL
2026-09-29 10:51:00-04:00,332.2650146484375,332.739990234375,332.17999267578125,332.4649963378906,94772,0.0,0.0,AAPL
2026-09-29 10:52:00-04:00,332.4761047363281,332.5899963378906,332.4006042480469,332.5111999511719,46741,0.0,0.0,AAPL
2026-09-29 10:53:00-04:00,332.5350036621094,332.7099914550781,332.4100036621094,332.6499938964844,44334,0.0,0.0,AAPL
2026-09-29 10:54:00-04:00,332.6300048828125,332.75,332.5199890136719,332.5849914550781,43433,0.0,0.0,AAPL
2026-09-29 10:55:00-04:00,332.5849914550781,332.7300109863281,332.57000732421875,332.68499755859375,37307,0.0,0.0,AAPL
2026-09-29 10:56:00-04:00,332.68499755859375,332.7200012207031,332.5400085449219,332.6600036621094,51873,0.0,0.0,AAPL
2026-09-29 10:57:00-04:00,332.67999267578125,332.7799987792969,332.6600036621094,332.7300109863281,39921,0.0,0.0,AAPL
2026-09-29 10:58:00-04:00,332.7250061035156,332.739990234375,332.55999755859375,332.6099853515625,67182,0.0,0.0,AAPL
2026-09-29 10:59:00-04:00,332.6099853515625,332.6199951171875,332.3999938964844,332.4200134277344,49660,0.0,0.0,AAPL
2026-09-29 11:00:00-04:00,332.42999267578125,332.4649963378906,332.25,332.4599914550781,63137,0.0,0.0,AAPL
2026-09-29 11:01:00-04:00,332.4800109863281,332.6099853515625,332.3949890136719,332.4700012207031,47565,0.0,0.0,AAPL
2026-09-29 11:02:00-04:00,332.4549865722656,332.4700012207031,332.2099914550781,332.2200012207031,47628,0.0,0.0,AAPL
2026-09-29 11:03:00-04:00,332.2449951171875,332.42999267578125,332.1700134277344,332.4200134277344,42639,0.0,0.0,AAPL
2026-09-29 11:04:00-04:00,332.4150085449219,332.4800109863281,332.0199890136719,332.07000732421875,47536,0.0,0.0,AAPL
2026-09-29 11:05:00-04:00,332.04998779296875,332.17999267578125,331.9700012207031,332.1000061035156,55063,0.0,0.0,AAPL
2026-09-29 11:06:00-04:00,332.0899963378906,332.239990234375,332.0799865722656,332.1449890136719,33506,0.0,0.0,AAPL
2026-09-29 11:07:00-04:00,332.14080810546875,332.14080810546875,332.0299987792969,332.0350036621094,37821,0.0,0.0,AAPL
2026-09-29 11:08:00-04:00,332.0400085449219,332.0740051269531,331.8800048828125,332.07000732421875,46405,0.0,0.0,AAPL
2026-09-29 11:09:00-04:00,332.07000732421875,332.20001220703125,331.9849853515625,332.0350036621094,43105,0.0,0.0,AAPL
2026-09-29 11:10:00-04:00,332.0350036621094,332.17999267578125,331.9100036621094,331.94500732421875,73109,0.0,0.0,AAPL
2026-09-29 11:11:00-04:00,331.94000244140625,331.94000244140625,331.7500915527344,331.80499267578125,71754,0.0,0.0,AAPL
2026-09-29 11:12:00-04:00,331.7900085449219,331.82000732421875,331.54998779296875,331.57000732421875,68577,0.0,0.0,AAPL
2026-09-29 11:13:00-04:00,331.5799865722656,331.8399963378906,331.5799865722656,331.82391357421875,41877,0.0,0.0,AAPL
2026-09-29 11:14:00-04:00,331.8299865722656,332.8800048828125,331.79998779296875,332.57000732421875,346793,0.0,0.0,AAPL
2026-09-29 11:15:00-04:00,332.543212890625,332.94000244140625,332.4800109863281,332.56988525390625,159579,0.0,0.0,AAPL
2026-09-29 11:16:00-04:00,332.55999755859375,332.67999267578125,332.3500061035156,332.67498779296875,96101,0.0,0.0,AAPL
2026-09-29 11:17:00-04:00,332.6499938964844,332.67999267578125,332.08758544921875,332.1199951171875,101446,0.0,0.0,AAPL
2026-09-29 11:18:00-04:00,332.1099853515625,332.2200012207031,331.760009765625,331.80999755859375,86830,0.0,0.0,AAPL
2026-09-29 11:19:00-04:00,331.80999755859375,331.9200134277344,331.739990234375,331.75,57412,0.0,0.0,AAPL
2026-09-29 11:20:00-04:00,331.7300109863281,331.8900146484375,331.7300109863281,331.7449951171875,44980,0.0,0.0,AAPL
2026-09-29 11:21:00-04:00,331.75,332.0400085449219,331.739990234375,331.9700012207031,41987,0.0,0.0,AAPL
2026-09-29 11:22:00-04:00,332.0,332.0,331.75,331.8900146484375,36782,0.0,0.0,AAPL
2026-09-29 11:23:00-04:00,331.8999938964844,331.92999267578125,331.625,331.7300109863281,54437,0.0,0.0,AAPL
2026-09-29 11:24:00-04:00,331.71038818359375,331.8500061035156,331.6099853515625,331.7699890136719,66649,0.0,0.0,AAPL
2026-09-29 11:25:00-04:00,331.7699890136719,331.82000732421875,331.6700134277344,331.760009765625,74344,0.0,0.0,AAPL
2026-09-29 11:26:00-04:00,331.7699890136719,331.94000244140625,331.69000244140625,331.739990234375,39895,0.0,0.0,AAPL
2026-09-29 11:27:00-04:00,331.75,331.7900085449219,331.6400146484375,331.70001220703125,34953,0.0,0.0,AAPL
2026-09-29 11:28:00-04:00,331.6813049316406,331.75,331.510009765625,331.55499267578125,57776,0.0,0.0,AAPL
2026-09-29 11:29:00-04:00,331.55999755859375,331.760009765625,331.55999755859375,331.75,61855,0.0,0.0,AAPL
2026-09-29 11:30:00-04:00,331.7900085449219,331.86480712890625,331.54998779296875,331.6400146484375,80683,0.0,0.0,AAPL
2026-09-29 11:31:00-04:00,331.6700134277344,331.8500061035156,331.635009765625,331.7699890136719,22152,0.0,0.0,AAPL
2026-09-29 11:32:00-04:00,331.7900085449219,331.95001220703125,331.7550048828125,331.8599853515625,41887,0.0,0.0,AAPL
2026-09-29 11:33:00-04:00,331.8349914550781,332.20001220703125,331.8349914550781,332.20001220703125,51781,0.0,0.0,AAPL
2026-09-29 11:34:00-04:00,332.17999267578125,332.2799987792969,332.1455078125,332.2099914550781,39060,0.0,0.0,AAPL
2026-09-29 11:35:00-04:00,332.2099914550781,332.32989501953125,332.1499938964844,332.1600036621094,37355,0.0,0.0,AAPL
2026-09-29 11:36:00-04:00,332.1499938964844,332.32550048828125,332.1400146484375,332.31500244140625,36665,0.0,0.0,AAPL
2026-09-29 11:37:00-04:00,332.31500244140625,332.3900146484375,332.1700134277344,332.385009765625,26590,0.0,0.0,AAPL
2026-09-29 11:38:00-04:00,332.3900146484375,332.54998779296875,332.3399963378906,332.5187072753906,75280,0.0,0.0,AAPL
2026-09-29 11:39:00-04:00,332.5350036621094,332.5899963378906,332.3999938964844,332.4599914550781,35826,0.0,0.0,AAPL
2026-09-29 11:40:00-04:00,332.4800109863281,332.489990234375,332.25,332.2950134277344,28660,0.0,0.0,AAPL
2026-09-29 11:41:00-04:00,332.30999755859375,332.3599853515625,332.0950012207031,332.1099853515625,37960,0.0,0.0,AAPL
2026-09-29 11:42:00-04:00,332.1400146484375,332.4595947265625,332.135009765625,332.385009765625,32192,0.0,0.0,AAPL
2026-09-29 11:43:00-04:00,332.3800048828125,332.3800048828125,332.17999267578125,332.2200012207031,45843,0.0,0.0,AAPL
2026-09-29 11:44:00-04:00,332.20001220703125,332.2049865722656,332.010009765625,332.0101013183594,35569,0.0,0.0,AAPL
2026-09-29 11:45:00-04:00,332.05999755859375,332.1700134277344,332.0,332.1099853515625,47675,0.0,0.0,AAPL
2026-09-29 11:46:00-04:00,332.1000061035156,332.114990234375,331.8999938964844,331.94000244140625,52671,0.0,0.0,AAPL
2026-09-29 11:47:00-04:00,331.9198913574219,332.18499755859375,331.8999938964844,332.05999755859375,58456,0.0,0.0,AAPL
2026-09-29 11:48:00-04:00,332.0600891113281,332.323486328125,332.05999755859375,332.2200012207031,31668,0.0,0.0,AAPL
2026-09-29 11:49:00-04:00,332.2300109863281,332.32000732421875,332.20001220703125,332.260009765625,19600,0.0,0.0,AAPL
2026-09-29 11:50:00-04:00,332.2699890136719,332.2799987792969,331.6693115234375,331.75,89755,0.0,0.0,AAPL
2026-09-29 11:51:00-04:00,331.7550048828125,331.79998779296875,331.5299987792969,331.6400146484375,45097,0.0,0.0,AAPL
2026-09-29 11:52:00-04:00,331.6499938964844,331.6499938964844,331.1600036621094,331.3799133300781,149408,0.0,0.0,AAPL
2026-09-29 11:53:00-04:00,331.3800048828125,331.4599914550781,331.2001037597656,331.2799987792969,33143,0.0,0.0,AAPL
2026-09-29 11:54:00-04:00,331.2699890136719,331.2799987792969,331.1199951171875,331.1700134277344,51516,0.0,0.0,AAPL
2026-09-29 11:55:00-04:00,331.1700134277344,331.1700134277344,330.9800109863281,331.0199890136719,97837,0.0,0.0,AAPL
2026-09-29 11:56:00-04:00,331.0107116699219,331.20001220703125,331.010009765625,331.19000244140625,27696,0.0,0.0,AAPL
2026-09-29 11:57:00-04:00,331.19000244140625,331.2300109863281,331.1000061035156,331.135009765625,43435,0.0,0.0,AAPL
2026-09-29 11:58:00-04:00,331.13531494140625,331.34991455078125,331.1000061035156,331.3299865722656,37116,0.0,0.0,AAPL
2026-09-29 11:59:00-04:00,331.3399963378906,331.375,331.19000244140625,331.3500061035156,47829,0.0,0.0,AAPL
2026-09-29 12:00:00-04:00,331.3599853515625,331.3599853515625,331.1600036621094,331.2049865722656,73152,0.0,0.0,AAPL
2026-09-29 12:01:00-04:00,331.2015075683594,331.2200012207031,331.07000732421875,331.11370849609375,40257,0.0,0.0,AAPL
2026-09-29 12:02:00-04:00,331.07501220703125,331.0780029296875,330.79998779296875,330.8599853515625,77418,0.0,0.0,AAPL
2026-09-29 12:03:00-04:00,330.8800048828125,330.989990234375,330.7349853515625,330.80499267578125,112480,0.0,0.0,AAPL
2026-09-29 12:04:00-04:00,330.80499267578125,330.8800048828125,330.7099914550781,330.7099914550781,90487,0.0,0.0,AAPL
2026-09-29 12:05:00-04:00,330.7250061035156,330.8500061035156,330.69000244140625,330.70001220703125,63111,0.0,0.0,AAPL
2026-09-29 12:06:00-04:00,330.69500732421875,330.7300109863281,330.5799865722656,330.6698913574219,58780,0.0,0.0,AAPL
2026-09-29 12:07:00-04:00,330.6600036621094,330.82000732421875,330.6099853515625,330.7749938964844,37983,0.0,0.0,AAPL
2026-09-29 12:08:00-04:00,330.7799072265625,330.8599853515625,330.7099914550781,330.7099914550781,50012,0.0,0.0,AAPL
2026-09-29 12:09:00-04:00,330.7300109863281,331.0799865722656,330.70001220703125,330.9599914550781,52521,0.0,0.0,AAPL
2026-09-29 12:10:00-04:00,330.9501037597656,330.9501037597656,330.7749938964844,330.8500061035156,33286,0.0,0.0,AAPL
2026-09-29 12:11:00-04:00,330.8500061035156,331.0799865722656,330.82000732421875,331.0299072265625,44963,0.0,0.0,AAPL
2026-09-29 12:12:00-04:00,331.0199890136719,331.0799865722656,330.92999267578125,331.0400085449219,29762,0.0,0.0,AAPL
2026-09-29 12:13:00-04:00,331.0400085449219,331.13800048828125,330.95001220703125,330.95001220703125,45115,0.0,0.0,AAPL
2026-09-29 12:14:00-04:00,330.9549865722656,331.2550048828125,330.92999267578125,331.18499755859375,46990,0.0,0.0,AAPL
2026-09-29 12:15:00-04:00,331.18499755859375,331.2099914550781,330.82000732421875,331.0249938964844,145146,0.0,0.0,AAPL
2026-09-29 12:16:00-04:00,331.0249938964844,331.189697265625,331.010009765625,331.1499938964844,65529,0.0,0.0,AAPL
2026-09-29 12:17:00-04:00,331.1600036621094,331.1600036621094,330.7506103515625,330.7601013183594,52833,0.0,0.0,AAPL
2026-09-29 12:18:00-04:00,330.7550048828125,330.7550048828125,330.6400146484375,330.70001220703125,86534,0.0,0.0,AAPL
2026-09-29 12:19:00-04:00,330.69000244140625,330.8302917480469,330.5849914550781,330.7650146484375,45334,0.0,0.0,AAPL
2026-09-29 12:20:00-04:00,330.7699890136719,330.8450012207031,330.6099853515625,330.6199951171875,45153,0.0,0.0,AAPL
2026-09-29 12:21:00-04:00,330.6199951171875,331.1000061035156,330.54998779296875,330.7200012207031,184741,0.0,0.0,AAPL
2026-09-29 12:22:00-04:00,330.7250061035156,330.8599853515625,330.67999267578125,330.69500732421875,51584,0.0,0.0,AAPL
2026-09-29 12:23:00-04:00,330.7200012207031,330.7699890136719,330.6099853515625,330.7699890136719,56632,0.0,0.0,AAPL
2026-09-29 12:24:00-04:00,330.7699890136719,331.0,330.760009765625,330.94000244140625,55192,0.0,0.0,AAPL
2026-09-29 12:25:00-04:00,330.93011474609375,331.2049865722656,330.8599853515625,331.1199951171875,76905,0.0,0.0,AAPL
2026-09-29 12:26:00-04:00,331.1050109863281,331.239990234375,331.05999755859375,331.18829345703125,48929,0.0,0.0,AAPL
2026-09-29 12:27:00-04:00,331.17999267578125,331.2900085449219,331.1650085449219,331.2850036621094,46188,0.0,0.0,AAPL
2026-09-29 12:28:00-04:00,331.2850036621094,331.3699951171875,331.0,331.0299987792969,45800,0.0,0.0,AAPL
2026-09-29 12:29:00-04:00,331.0249938964844,331.07000732421875,330.92498779296875,330.92498779296875,41315,0.0,0.0,AAPL
2026-09-29 12:30:00-04:00,330.9106140136719,330.95001220703125,330.7101135253906,330.95001220703125,60312,0.0,0.0,AAPL
2026-09-29 12:31:00-04:00,330.94500732421875,331.04998779296875,330.8800048828125,330.92999267578125,29498,0.0,0.0,AAPL
2026-09-29 12:32:00-04:00,330.9236145019531,330.989990234375,330.79998779296875,330.8299865722656,29400,0.0,0.0,AAPL
2026-09-29 12:33:00-04:00,330.8500061035156,331.1485900878906,330.8500061035156,331.125,31064,0.0,0.0,AAPL
2026-09-29 12:34:00-04:00,331.1000061035156,331.1499938964844,331.05999755859375,331.0899963378906,30544,0.0,0.0,AAPL
2026-09-29 12:35:00-04:00,331.10198974609375,331.239990234375,331.0617980957031,331.1499938964844,46715,0.0,0.0,AAPL
2026-09-29 12:36:00-04:00,331.1449890136719,331.3599853515625,331.0535888671875,331.3599853515625,37397,0.0,0.0,AAPL
2026-09-29 12:37:00-04:00,331.3500061035156,331.4100036621094,331.2349853515625,331.2749938964844,77732,0.0,0.0,AAPL
2026-09-29 12:38:00-04:00,331.2749938964844,331.3550109863281,331.2200012207031,331.3399963378906,29115,0.0,0.0,AAPL
2026-09-29 12:39:00-04:00,331.3598937988281,331.3598937988281,331.260009765625,331.28009033203125,18753,0.0,0.0,AAPL
2026-09-29 12:40:00-04:00,331.32000732421875,331.3999938964844,331.25,331.3349914550781,37509,0.0,0.0,AAPL
2026-09-29 12:41:00-04:00,331.3299865722656,331.3399963378906,331.1199951171875,331.1499938964844,42526,0.0,0.0,AAPL
2026-09-29 12:42:00-04:00,331.1499938964844,331.2799987792969,331.1199951171875,331.2799987792969,34894,0.0,0.0,AAPL
2026-09-29 12:43:00-04:00,331.25,331.29998779296875,331.10009765625,331.10009765625,33022,0.0,0.0,AAPL
2026-09-29 12:44:00-04:00,331.1300048828125,331.2099914550781,331.1300048828125,331.1830139160156,37090,0.0,0.0,AAPL
2026-09-29 12:45:00-04:00,331.1700134277344,331.2799987792969,330.95001220703125,331.010009765625,57852,0.0,0.0,AAPL
2026-09-29 12:46:00-04:00,331.010009765625,331.1499938964844,330.989990234375,331.1300048828125,29838,0.0,0.0,AAPL
2026-09-29 12:47:00-04:00,331.135009765625,331.32000732421875,331.135009765625,331.1499938964844,30309,0.0,0.0,AAPL
2026-09-29 12:48:00-04:00,331.1549987792969,331.2799987792969,331.1099853515625,331.20001220703125,25936,0.0,0.0,AAPL
2026-09-29 12:49:00-04:00,331.19000244140625,331.3599853515625,331.19000244140625,331.3599853515625,24350,0.0,0.0,AAPL
2026-09-29 12:50:00-04:00,331.3500061035156,331.45001220703125,331.3399963378906,331.4049987792969,28171,0.0,0.0,AAPL
2026-09-29 12:51:00-04:00,331.4049987792969,331.45440673828125,331.2149963378906,331.2149963378906,37854,0.0,0.0,AAPL
2026-09-29 12:52:00-04:00,331.20001220703125,331.239990234375,331.1499938964844,331.2300109863281,36495,0.0,0.0,AAPL
2026-09-29 12:53:00-04:00,331.2300109863281,331.2799987792969,331.1700134277344,331.2300109863281,18845,0.0,0.0,AAPL
2026-09-29 12:54:00-04:00,331.19000244140625,331.3299865722656,331.18499755859375,331.32501220703125,27514,0.0,0.0,AAPL
2026-09-29 12:55:00-04:00,331.3399963378906,331.3428039550781,331.2099914550781,331.25,31800,0.0,0.0,AAPL
2026-09-29 12:56:00-04:00,331.239990234375,331.239990234375,330.9700012207031,330.989990234375,38973,0.0,0.0,AAPL
2026-09-29 12:57:00-04:00,330.989990234375,331.1000061035156,330.989990234375,331.04998779296875,81036,0.0,0.0,AAPL
2026-09-29 12:58:00-04:00,331.04998779296875,331.2300109863281,331.0199890136719,331.2250061035156,30408,0.0,0.0,AAPL
2026-09-29 12:59:00-04:00,331.2200012207031,331.2300109863281,331.1600036621094,331.2149963378906,20756,0.0,0.0,AAPL
2026-09-29 13:00:00-04:00,331.19000244140625,331.2099914550781,331.0143127441406,331.01800537109375,38739,0.0,0.0,AAPL
2026-09-29 13:01:00-04:00,331.0199890136719,331.0199890136719,330.8299865722656,330.89019775390625,40886,0.0,0.0,AAPL
2026-09-29 13:02:00-04:00,330.885009765625,330.9849853515625,330.8550109863281,330.89208984375,31253,0.0,0.0,AAPL
2026-09-29 13:03:00-04:00,330.9024963378906,330.989990234375,330.79998779296875,330.9750061035156,634729,0.0,0.0,AAPL
2026-09-29 13:04:00-04:00,330.9700012207031,331.08990478515625,330.8599853515625,331.0799865722656,27974,0.0,0.0,AAPL
2026-09-29 13:05:00-04:00,331.07000732421875,331.1499938964844,331.0400085449219,331.0950012207031,29695,0.0,0.0,AAPL
2026-09-29 13:06:00-04:00,331.1000061035156,331.2300109863281,331.0950012207031,331.20001220703125,31473,0.0,0.0,AAPL
2026-09-29 13:07:00-04:00,331.2099914550781,331.25,331.135009765625,331.2200012207031,26094,0.0,0.0,AAPL
2026-09-29 13:08:00-04:00,331.2300109863281,331.32000732421875,331.2300109863281,331.32000732421875,20361,0.0,0.0,AAPL
2026-09-29 13:09:00-04:00,331.29998779296875,331.30999755859375,331.1700134277344,331.19000244140625,26184,0.0,0.0,AAPL
2026-09-29 13:10:00-04:00,331.1955871582031,331.2301025390625,331.1199951171875,331.1499938964844,34848,0.0,0.0,AAPL
2026-09-29 13:11:00-04:00,331.1700134277344,331.3299865722656,331.1700134277344,331.260009765625,28651,0.0,0.0,AAPL
2026-09-29 13:12:00-04:00,331.260009765625,331.32501220703125,331.25,331.30999755859375,24724,0.0,0.0,AAPL
2026-09-29 13:13:00-04:00,331.30999755859375,331.32000732421875,331.2200012207031,331.2349853515625,23453,0.0,0.0,AAPL
2026-09-29 13:14:00-04:00,331.2250061035156,331.2699890136719,331.0899963378906,331.0899963378906,26685,0.0,0.0,AAPL
2026-09-29 13:15:00-04:00,331.07000732421875,331.3599853515625,331.07000732421875,331.2799987792969,46770,0.0,0.0,AAPL
2026-09-29 13:16:00-04:00,331.2879943847656,331.30499267578125,331.135009765625,331.17999267578125,30982,0.0,0.0,AAPL
2026-09-29 13:17:00-04:00,331.1600036621094,331.2799987792969,331.1199951171875,331.2799987792969,21400,0.0,0.0,AAPL
2026-09-29 13:18:00-04:00,331.29998779296875,331.3299865722656,331.25,331.2950134277344,23912,0.0,0.0,AAPL
2026-09-29 13:19:00-04:00,331.260009765625,331.3999938964844,331.260009765625,331.30999755859375,60374,0.0,0.0,AAPL
2026-09-29 13:20:00-04:00,331.32989501953125,331.3399963378906,331.2099914550781,331.32000732421875,78954,0.0,0.0,AAPL
2026-09-29 13:21:00-04:00,331.32000732421875,331.364990234375,331.2300109863281,331.32000732421875,28743,0.0,0.0,AAPL
2026-09-29 13:22:00-04:00,331.3299865722656,331.4599914550781,331.29010009765625,331.32501220703125,48510,0.0,0.0,AAPL
2026-09-29 13:23:00-04:00,331.30999755859375,331.55999755859375,331.30499267578125,331.5249938964844,36515,0.0,0.0,AAPL
2026-09-29 13:24:00-04:00,331.510009765625,331.5799865722656,331.4800109863281,331.5799865722656,27649,0.0,0.0,AAPL
2026-09-29 13:25:00-04:00,331.5799865722656,331.67999267578125,331.55499267578125,331.6099853515625,46752,0.0,0.0,AAPL
2026-09-29 13:26:00-04:00,331.6199951171875,331.6700134277344,331.52239990234375,331.57000732421875,31412,0.0,0.0,AAPL
2026-09-29 13:27:00-04:00,331.55999755859375,331.7300109863281,331.5,331.69000244140625,38073,0.0,0.0,AAPL
2026-09-29 13:28:00-04:00,331.69500732421875,331.69500732421875,331.4100036621094,331.4649963378906,30534,0.0,0.0,AAPL
2026-09-29 13:29:00-04:00,331.4400939941406,331.5799865722656,331.4400939941406,331.57000732421875,46381,0.0,0.0,AAPL
2026-09-29 13:30:00-04:00,331.55999755859375,331.6098937988281,331.4599914550781,331.4700012207031,33897,0.0,0.0,AAPL
2026-09-29 13:31:00-04:00,331.4949951171875,331.6700134277344,331.4800109863281,331.510009765625,33212,0.0,0.0,AAPL
2026-09-29 13:32:00-04:00,331.50579833984375,331.6400146484375,331.4599914550781,331.6400146484375,47951,0.0,0.0,AAPL
2026-09-29 13:33:00-04:00,331.635009765625,331.8999938964844,331.62689208984375,331.8500061035156,40484,0.0,0.0,AAPL
2026-09-29 13:34:00-04:00,331.8699951171875,331.989990234375,331.864501953125,331.9700012207031,30699,0.0,0.0,AAPL
2026-09-29 13:35:00-04:00,331.9549865722656,331.989990234375,331.8699951171875,331.9200134277344,55003,0.0,0.0,AAPL
2026-09-29 13:36:00-04:00,331.9200134277344,332.0299987792969,331.8399963378906,331.8999938964844,38223,0.0,0.0,AAPL
2026-09-29 13:37:00-04:00,331.8800048828125,331.95989990234375,331.8399963378906,331.8599853515625,27976,0.0,0.0,AAPL
2026-09-29 13:38:00-04:00,331.8799133300781,332.0799865722656,331.8599853515625,332.0,29151,0.0,0.0,AAPL
2026-09-29 13:39:00-04:00,332.0,332.1199951171875,331.9750061035156,332.0849914550781,28221,0.0,0.0,AAPL
2026-09-29 13:40:00-04:00,332.0799865722656,332.20098876953125,332.05499267578125,332.15008544921875,38623,0.0,0.0,AAPL
2026-09-29 13:41:00-04:00,332.1700134277344,332.23260498046875,331.9501037597656,332.06500244140625,45146,0.0,0.0,AAPL
2026-09-29 13:42:00-04:00,332.03509521484375,332.05999755859375,331.8900146484375,331.95001220703125,28404,0.0,0.0,AAPL
2026-09-29 13:43:00-04:00,331.95001220703125,332.0400085449219,331.8399963378906,332.0400085449219,46234,0.0,0.0,AAPL
2026-09-29 13:44:00-04:00,332.0350036621094,332.2900085449219,332.0350036621094,332.2099914550781,49055,0.0,0.0,AAPL
2026-09-29 13:45:00-04:00,332.2300109863281,332.3399963378906,332.1539001464844,332.2149963378906,48214,0.0,0.0,AAPL
2026-09-29 13:46:00-04:00,332.19000244140625,332.2049865722656,332.0000915527344,332.0150146484375,28748,0.0,0.0,AAPL
2026-09-29 13:47:00-04:00,332.0299987792969,332.0899963378906,331.94000244140625,332.0299987792969,27899,0.0,0.0,AAPL
2026-09-29 13:48:00-04:00,332.0299987792969,332.0299987792969,331.4800109863281,331.56561279296875,67323,0.0,0.0,AAPL
2026-09-29 13:49:00-04:00,331.5799865722656,331.6098937988281,331.010009765625,331.3179931640625,126485,0.0,0.0,AAPL
2026-09-29 13:50:00-04:00,331.3179931640625,331.6300048828125,331.3179931640625,331.54998779296875,58434,0.0,0.0,AAPL
2026-09-29 13:51:00-04:00,331.55999755859375,331.8500061035156,331.55999755859375,331.6470947265625,48773,0.0,0.0,AAPL
2026-09-29 13:52:00-04:00,331.6449890136719,331.7749938964844,331.5799865722656,331.6099853515625,29941,0.0,0.0,AAPL
2026-09-29 13:53:00-04:00,331.6094055175781,331.6499938964844,331.51019287109375,331.5899963378906,44127,0.0,0.0,AAPL
2026-09-29 13:54:00-04:00,331.5775146484375,331.7200012207031,331.5775146484375,331.7049865722656,26422,0.0,0.0,AAPL
2026-09-29 13:55:00-04:00,331.7200012207031,331.7900085449219,331.54998779296875,331.55999755859375,52454,0.0,0.0,AAPL
2026-09-29 13:56:00-04:00,331.55999755859375,331.6199951171875,331.489990234375,331.57000732421875,33413,0.0,0.0,AAPL
2026-09-29 13:57:00-04:00,331.57000732421875,331.81500244140625,331.5600891113281,331.7200012207031,32363,0.0,0.0,AAPL
2026-09-29 13:58:00-04:00,331.7101135253906,331.7300109863281,331.6300048828125,331.6300048828125,23273,0.0,0.0,AAPL
2026-09-29 13:59:00-04:00,331.639892578125,331.69000244140625,331.610107421875,331.6400146484375,19775,0.0,0.0,AAPL
2026-09-29 14:00:00-04:00,331.6400146484375,332.04998779296875,331.6400146484375,331.9049987792969,105408,0.0,0.0,AAPL
2026-09-29 14:01:00-04:00,331.8699951171875,331.8949890136719,331.5668029785156,331.5799865722656,27012,0.0,0.0,AAPL
2026-09-29 14:02:00-04:00,331.6000061035156,331.7699890136719,331.6000061035156,331.69500732421875,25989,0.0,0.0,AAPL
2026-09-29 14:03:00-04:00,331.7049865722656,331.7200012207031,331.45001220703125,331.54998779296875,39805,0.0,0.0,AAPL
2026-09-29 14:04:00-04:00,331.5494079589844,331.63720703125,331.4200134277344,331.614990234375,28996,0.0,0.0,AAPL
2026-09-29 14:05:00-04:00,331.6099853515625,331.70989990234375,331.5899963378906,331.6579895019531,31994,0.0,0.0,AAPL
2026-09-29 14:06:00-04:00,331.6600036621094,331.739990234375,331.6449890136719,331.70001220703125,31369,0.0,0.0,AAPL
2026-09-29 14:07:00-04:00,331.70001220703125,331.7900085449219,331.4849853515625,331.5249938964844,42400,0.0,0.0,AAPL
2026-09-29 14:08:00-04:00,331.510009765625,331.5799865722656,331.2900085449219,331.3363952636719,42600,0.0,0.0,AAPL
2026-09-29 14:09:00-04:00,331.3399963378906,331.35040283203125,331.010009765625,331.0899963378906,44643,0.0,0.0,AAPL
2026-09-29 14:10:00-04:00,331.0849914550781,331.1600036621094,331.010009765625,331.135009765625,32021,0.0,0.0,AAPL
2026-09-29 14:11:00-04:00,331.1300048828125,331.2099914550781,331.0299987792969,331.1099853515625,33970,0.0,0.0,AAPL
2026-09-29 14:12:00-04:00,331.1199951171875,331.239990234375,331.010009765625,331.2300109863281,35927,0.0,0.0,AAPL
2026-09-29 14:13:00-04:00,331.2200012207031,331.3800048828125,331.2001037597656,331.3599853515625,34332,0.0,0.0,AAPL
2026-09-29 14:14:00-04:00,331.3599853515625,331.5950012207031,331.3599853515625,331.5950012207031,48423,0.0,0.0,AAPL
2026-09-29 14:15:00-04:00,331.614990234375,331.69000244140625,331.1300048828125,331.1400146484375,48172,0.0,0.0,AAPL
2026-09-29 14:16:00-04:00,331.1400146484375,331.3999938964844,331.1199951171875,331.3800048828125,75881,0.0,0.0,AAPL
2026-09-29 14:17:00-04:00,331.3699951171875,331.3999938964844,331.2900085449219,331.3949890136719,27613,0.0,0.0,AAPL
2026-09-29 14:18:00-04:00,331.3949890136719,331.5198974609375,331.360107421875,331.5198974609375,26862,0.0,0.0,AAPL
2026-09-29 14:19:00-04:00,331.4700927734375,331.614990234375,331.4599914550781,331.6050109863281,30660,0.0,0.0,AAPL
2026-09-29 14:20:00-04:00,331.6050109863281,331.6050109863281,331.4700012207031,331.5199890136719,43793,0.0,0.0,AAPL
2026-09-29 14:21:00-04:00,331.5199890136719,331.5899963378906,331.42999267578125,331.56500244140625,49159,0.0,0.0,AAPL
2026-09-29 14:22:00-04:00,331.56500244140625,331.7099914550781,331.489990234375,331.70001220703125,31392,0.0,0.0,AAPL
2026-09-29 14:23:00-04:00,331.7049865722656,331.7900085449219,331.5805969238281,331.6000061035156,42538,0.0,0.0,AAPL
2026-09-29 14:24:00-04:00,331.6099853515625,331.6099853515625,331.489990234375,331.5199890136719,25557,0.0,0.0,AAPL
2026-09-29 14:25:00-04:00,331.5400085449219,331.6023864746094,331.3399963378906,331.3399963378906,43299,0.0,0.0,AAPL
2026-09-29 14:26:00-04:00,331.30999755859375,331.447998046875,331.30999755859375,331.4100036621094,17632,0.0,0.0,AAPL
2026-09-29 14:27:00-04:00,331.42999267578125,331.55999755859375,331.42999267578125,331.5299987792969,30341,0.0,0.0,AAPL
2026-09-29 14:28:00-04:00,331.5350036621094,331.70001220703125,331.5350036621094,331.6099853515625,43132,0.0,0.0,AAPL
2026-09-29 14:29:00-04:00,331.6199951171875,331.7179870605469,331.55169677734375,331.7099914550781,30137,0.0,0.0,AAPL
2026-09-29 14:30:00-04:00,331.7049865722656,331.8500061035156,331.4100036621094,331.4599914550781,58964,0.0,0.0,AAPL
2026-09-29 14:31:00-04:00,331.4599914550781,331.5450134277344,331.4100036621094,331.5450134277344,32422,0.0,0.0,AAPL
2026-09-29 14:32:00-04:00,331.5450134277344,331.57000732421875,331.3900146484375,331.3999938964844,26837,0.0,0.0,AAPL
2026-09-29 14:33:00-04:00,331.3999938964844,331.5150146484375,331.340087890625,331.4949951171875,31368,0.0,0.0,AAPL
2026-09-29 14:34:00-04:00,331.4800109863281,331.4949951171875,331.260009765625,331.2799072265625,30581,0.0,0.0,AAPL
2026-09-29 14:35:00-04:00,331.2749938964844,331.47900390625,331.2749938964844,331.44000244140625,30032,0.0,0.0,AAPL
2026-09-29 14:36:00-04:00,331.44000244140625,331.45989990234375,331.2900085449219,331.34649658203125,25300,0.0,0.0,AAPL
2026-09-29 14:37:00-04:00,331.3301086425781,331.3450012207031,331.260009765625,331.31500244140625,28167,0.0,0.0,AAPL
2026-09-29 14:38:00-04:00,331.31500244140625,331.5899963378906,331.28009033203125,331.5400085449219,32265,0.0,0.0,AAPL
2026-09-29 14:39:00-04:00,331.55999755859375,331.5849914550781,331.3299865722656,331.3399963378906,35501,0.0,0.0,AAPL
2026-09-29 14:40:00-04:00,331.3349914550781,331.6600036621094,331.29998779296875,331.6339111328125,40915,0.0,0.0,AAPL
2026-09-29 14:41:00-04:00,331.6499938964844,331.7049865722656,331.45001220703125,331.4700012207031,40144,0.0,0.0,AAPL
2026-09-29 14:42:00-04:00,331.4649963378906,331.489990234375,331.30999755859375,331.4299011230469,44919,0.0,0.0,AAPL
2026-09-29 14:43:00-04:00,331.4100036621094,331.48419189453125,331.29998779296875,331.48419189453125,69727,0.0,0.0,AAPL
2026-09-29 14:44:00-04:00,331.4800109863281,331.5299987792969,331.41009521484375,331.5199890136719,24379,0.0,0.0,AAPL
2026-09-29 14:45:00-04:00,331.53228759765625,331.5799865722656,331.4700012207031,331.5400085449219,32250,0.0,0.0,AAPL
2026-09-29 14:46:00-04:00,331.5325012207031,331.5899963378906,331.42559814453125,331.4599914550781,31358,0.0,0.0,AAPL
2026-09-29 14:47:00-04:00,331.4898986816406,331.4898986816406,331.17999267578125,331.20001220703125,48755,0.0,0.0,AAPL
2026-09-29 14:48:00-04:00,331.2200012207031,331.2300109863281,331.0899963378906,331.125,30044,0.0,0.0,AAPL
2026-09-29 14:49:00-04:00,331.125,331.409912109375,331.125,331.3800048828125,33507,0.0,0.0,AAPL
2026-09-29 14:50:00-04:00,331.3599853515625,331.4100036621094,331.2799987792969,331.2900085449219,30316,0.0,0.0,AAPL
2026-09-29 14:51:00-04:00,331.2799987792969,331.3385925292969,331.1700134277344,331.3299865722656,40357,0.0,0.0,AAPL
2026-09-29 14:52:00-04:00,331.3320007324219,331.364990234375,331.260009765625,331.2701110839844,29546,0.0,0.0,AAPL
2026-09-29 14:53:00-04:00,331.260009765625,331.2850036621094,331.1400146484375,331.1505126953125,29425,0.0,0.0,AAPL
2026-09-29 14:54:00-04:00,331.1650085449219,331.25,331.1199951171875,331.2250061035156,39904,0.0,0.0,AAPL
2026-09-29 14:55:00-04:00,331.2250061035156,331.2250061035156,331.05999755859375,331.1400146484375,39452,0.0,0.0,AAPL
2026-09-29 14:56:00-04:00,331.1400146484375,331.1499938964844,331.04998779296875,331.0856018066406,57571,0.0,0.0,AAPL
2026-09-29 14:57:00-04:00,331.0799865722656,331.1000061035156,331.010009765625,331.0400085449219,29938,0.0,0.0,AAPL
2026-09-29 14:58:00-04:00,331.0299987792969,331.0299987792969,330.70001220703125,330.8349914550781,131846,0.0,0.0,AAPL
2026-09-29 14:59:00-04:00,330.8500061035156,330.9949951171875,330.82501220703125,330.92999267578125,65719,0.0,0.0,AAPL
2026-09-29 15:00:00-04:00,330.95001220703125,331.05999755859375,330.8800048828125,330.95001220703125,55998,0.0,0.0,AAPL
2026-09-29 15:01:00-04:00,330.94000244140625,330.94000244140625,330.6000061035156,330.635009765625,65243,0.0,0.0,AAPL
2026-09-29 15:02:00-04:00,330.6499938964844,330.80999755859375,330.5899963378906,330.7200012207031,103498,0.0,0.0,AAPL
2026-09-29 15:03:00-04:00,330.739990234375,330.79998779296875,330.69000244140625,330.7300109863281,52214,0.0,0.0,AAPL
2026-09-29 15:04:00-04:00,330.7300109863281,330.7699890136719,330.6499938964844,330.7699890136719,60000,0.0,0.0,AAPL
2026-09-29 15:05:00-04:00,330.760009765625,330.7749938964844,330.4110107421875,330.4800109863281,89843,0.0,0.0,AAPL
2026-09-29 15:06:00-04:00,330.489990234375,330.5400085449219,330.1199951171875,330.43499755859375,109546,0.0,0.0,AAPL
2026-09-29 15:07:00-04:00,330.43499755859375,330.6000061035156,330.3500061035156,330.56500244140625,49611,0.0,0.0,AAPL
2026-09-29 15:08:00-04:00,330.56500244140625,330.79998779296875,330.5199890136719,330.7699890136719,52571,0.0,0.0,AAPL
2026-09-29 15:09:00-04:00,330.7799987792969,330.79998779296875,330.6129150390625,330.6129150390625,39124,0.0,0.0,AAPL
2026-09-29 15:10:00-04:00,330.614990234375,330.67999267578125,330.510009765625,330.5450134277344,56074,0.0,0.0,AAPL
2026-09-29 15:11:00-04:00,330.5199890136719,330.5950012207031,330.4800109863281,330.5299987792969,59857,0.0,0.0,AAPL
2026-09-29 15:12:00-04:00,330.5299987792969,330.5400085449219,330.3689880371094,330.4700012207031,60220,0.0,0.0,AAPL
2026-09-29 15:13:00-04:00,330.45001220703125,330.5899963378906,330.45001220703125,330.510009765625,54510,0.0,0.0,AAPL
2026-09-29 15:14:00-04:00,330.5,330.639892578125,330.4800109863281,330.6199951171875,53647,0.0,0.0,AAPL
2026-09-29 15:15:00-04:00,330.6300048828125,330.6846008300781,330.5899963378906,330.6499938964844,53452,0.0,0.0,AAPL
2026-09-29 15:16:00-04:00,330.6600036621094,330.67999267578125,330.6099853515625,330.6669006347656,35037,0.0,0.0,AAPL
2026-09-29 15:17:00-04:00,330.6600036621094,330.6600036621094,330.5799865722656,330.635009765625,42492,0.0,0.0,AAPL
2026-09-29 15:18:00-04:00,330.6300048828125,330.7300109863281,330.57000732421875,330.58990478515625,64305,0.0,0.0,AAPL
2026-09-29 15:19:00-04:00,330.5799865722656,330.6099853515625,330.40008544921875,330.4100036621094,55557,0.0,0.0,AAPL
2026-09-29 15:20:00-04:00,330.44000244140625,330.5299072265625,330.3999938964844,330.41009521484375,59283,0.0,0.0,AAPL
2026-09-29 15:21:00-04:00,330.4399108886719,330.4999084472656,330.4200134277344,330.42999267578125,45995,0.0,0.0,AAPL
2026-09-29 15:22:00-04:00,330.44000244140625,330.67498779296875,330.42999267578125,330.57000732421875,69348,0.0,0.0,AAPL
2026-09-29 15:23:00-04:00,330.56500244140625,330.625,330.5400085449219,330.57501220703125,39267,0.0,0.0,AAPL
2026-09-29 15:24:00-04:00,330.57501220703125,330.6700134277344,330.4599914550781,330.5195007324219,53297,0.0,0.0,AAPL
2026-09-29 15:25:00-04:00,330.5050048828125,330.6400146484375,330.4800109863281,330.5899963378906,52150,0.0,0.0,AAPL
2026-09-29 15:26:00-04:00,330.5899963378906,330.5899963378906,330.4100036621094,330.42498779296875,54326,0.0,0.0,AAPL
2026-09-29 15:27:00-04:00,330.42498779296875,330.4800109863281,330.3599853515625,330.3900146484375,58160,0.0,0.0,AAPL
2026-09-29 15:28:00-04:00,330.3900146484375,330.4100036621094,330.3599853515625,330.3999938964844,34103,0.0,0.0,AAPL
2026-09-29 15:29:00-04:00,330.3999938964844,330.42999267578125,330.3399963378906,330.364990234375,50818,0.0,0.0,AAPL
2026-09-29 15:30:00-04:00,330.364990234375,330.48760986328125,330.3500061035156,330.43499755859375,73784,0.0,0.0,AAPL
2026-09-29 15:31:00-04:00,330.4200134277344,330.5899963378906,330.3599853515625,330.5299987792969,54286,0.0,0.0,AAPL
2026-09-29 15:32:00-04:00,330.5400085449219,330.6048889160156,330.5199890136719,330.5899963378906,61972,0.0,0.0,AAPL
2026-09-29 15:33:00-04:00,330.5950012207031,330.6000061035156,330.3599853515625,330.3599853515625,66956,0.0,0.0,AAPL
2026-09-29 15:34:00-04:00,330.364990234375,330.364990234375,330.04998779296875,330.2296142578125,104588,0.0,0.0,AAPL
2026-09-29 15:35:00-04:00,330.2250061035156,330.2650146484375,330.04998779296875,330.2149963378906,92048,0.0,0.0,AAPL
2026-09-29 15:36:00-04:00,330.2200012207031,330.364990234375,330.1650085449219,330.19000244140625,99855,0.0,0.0,AAPL
2026-09-29 15:37:00-04:00,330.20001220703125,330.2200012207031,329.8699951171875,329.875,194559,0.0,0.0,AAPL
2026-09-29 15:38:00-04:00,329.8800048828125,329.8999938964844,329.6499938964844,329.8500061035156,132096,0.0,0.0,AAPL
2026-09-29 15:39:00-04:00,329.8450012207031,329.95001220703125,329.6199951171875,329.62139892578125,85725,0.0,0.0,AAPL
2026-09-29 15:40:00-04:00,329.6199951171875,329.75,329.57000732421875,329.5950012207031,103471,0.0,0.0,AAPL
2026-09-29 15:41:00-04:00,329.5950012207031,329.70001220703125,329.489990234375,329.6449890136719,93649,0.0,0.0,AAPL
2026-09-29 15:42:00-04:00,329.6449890136719,329.67999267578125,329.3900146484375,329.44000244140625,72444,0.0,0.0,AAPL
2026-09-29 15:43:00-04:00,329.44000244140625,329.45001220703125,329.1050109863281,329.1549987792969,117714,0.0,0.0,AAPL
2026-09-29 15:44:00-04:00,329.1549987792969,329.4200134277344,329.1000061035156,329.3949890136719,162798,0.0,0.0,AAPL
2026-09-29 15:45:00-04:00,329.3982849121094,329.6300048828125,329.3399963378906,329.54998779296875,97478,0.0,0.0,AAPL
2026-09-29 15:46:00-04:00,329.5400085449219,329.6300048828125,329.489990234375,329.55999755859375,147587,0.0,0.0,AAPL
2026-09-29 15:47:00-04:00,329.55499267578125,329.5799865722656,329.3900146484375,329.44000244140625,98001,0.0,0.0,AAPL
2026-09-29 15:48:00-04:00,329.4599914550781,329.489990234375,329.30999755859375,329.3299865722656,96960,0.0,0.0,AAPL
2026-09-29 15:49:00-04:00,329.3500061035156,329.4700012207031,329.239990234375,329.3275146484375,184303,0.0,0.0,AAPL
2026-09-29 15:50:00-04:00,329.3599853515625,329.510009765625,329.1099853515625,329.1700134277344,212635,0.0,0.0,AAPL
2026-09-29 15:51:00-04:00,329.1600036621094,329.5,329.1400146484375,329.4100036621094,183809,0.0,0.0,AAPL
2026-09-29 15:52:00-04:00,329.3999938964844,329.5,329.2699890136719,329.3699951171875,152914,0.0,0.0,AAPL
2026-09-29 15:53:00-04:00,329.3599853515625,329.6099853515625,329.3299865722656,329.4700012207031,187770,0.0,0.0,AAPL
2026-09-29 15:54:00-04:00,329.4700012207031,329.8599853515625,329.4200134277344,329.69000244140625,232754,0.0,0.0,AAPL
2026-09-29 15:55:00-04:00,329.67498779296875,329.67498779296875,328.70001220703125,329.1700134277344,428920,0.0,0.0,AAPL
2026-09-29 15:56:00-04:00,329.1650085449219,329.3699951171875,328.7799987792969,329.114990234375,301837,0.0,0.0,AAPL
2026-09-29 15:57:00-04:00,329.1099853515625,329.3999938964844,328.92999267578125,329.3599853515625,300236,0.0,0.0,AAPL
2026-09-29 15:58:00-04:00,329.3699951171875,329.5400085449219,329.3599853515625,329.4150085449219,344190,0.0,0.0,AAPL
2026-09-29 15:59:00-04:00,329.4200134277344,329.5899963378906,329.260009765625,329.5899963378906,740468,0.0,0.0,AAPL
2026-09-30 09:30:00-04:00,330.79998779296875,331.8299865722656,330.1401062011719,331.6050109863281,1083577,0.0,0.0,AAPL
2026-09-30 09:31:00-04:00,331.6700134277344,332.66668701171875,331.4750061035156,332.30499267578125,227021,0.0,0.0,AAPL
2026-09-30 09:32:00-04:00,332.364013671875,332.5400085449219,332.04998779296875,332.4150085449219,171086,0.0,0.0,AAPL
2026-09-30 09:33:00-04:00,332.4150085449219,332.7049865722656,331.30999755859375,332.614990234375,153233,0.0,0.0,AAPL
2026-09-30 09:34:00-04:00,332.6700134277344,333.0799865722656,331.82000732421875,331.9425964355469,214308,0.0,0.0,AAPL
2026-09-30 09:35:00-04:00,331.9649963378906,332.9999084472656,331.9649963378906,332.739990234375,169409,0.0,0.0,AAPL
2026-09-30 09:36:00-04:00,332.75,332.7998962402344,332.2300109863281,332.6199951171875,143617,0.0,0.0,AAPL
2026-09-30 09:37:00-04:00,332.5050048828125,332.9100036621094,332.4849853515625,332.7699890136719,103310,0.0,0.0,AAPL
2026-09-30 09:38:00-04:00,332.7799987792969,332.94000244140625,332.5,332.75909423828125,81545,0.0,0.0,AAPL
2026-09-30 09:39:00-04:00,332.7300109863281,332.79998779296875,332.04998779296875,332.5899963378906,98409,0.0,0.0,AAPL
2026-09-30 09:40:00-04:00,332.5743103027344,332.5899963378906,332.2099914550781,332.2825012207031,57764,0.0,0.0,AAPL
2026-09-30 09:41:00-04:00,332.3299865722656,332.9700012207031,332.25,332.6300048828125,86459,0.0,0.0,AAPL
2026-09-30 09:42:00-04:00,332.6400146484375,332.6700134277344,332.32000732421875,332.5799865722656,52660,0.0,0.0,AAPL
2026-09-30 09:43:00-04:00,332.55389404296875,332.8999938964844,332.5199890136719,332.5799865722656,64918,0.0,0.0,AAPL
2026-09-30 09:44:00-04:00,332.5799865722656,332.614990234375,332.3570861816406,332.45001220703125,50212,0.0,0.0,AAPL
2026-09-30 09:45:00-04:00,332.4100036621094,332.7300109863281,332.1400146484375,332.3349914550781,86562,0.0,0.0,AAPL
2026-09-30 09:46:00-04:00,332.3450012207031,332.7200012207031,332.0799865722656,332.6000061035156,93151,0.0,0.0,AAPL
2026-09-30 09:47:00-04:00,332.6000061035156,332.79998779296875,332.56500244140625,332.6300048828125,47850,0.0,0.0,AAPL
2026-09-30 09:48:00-04:00,332.6300048828125,332.8500061035156,332.4100036621094,332.82000732421875,53241,0.0,0.0,AAPL
2026-09-30 09:49:00-04:00,332.8424987792969,333.4800109863281,332.8345947265625,333.3800048828125,154338,0.0,0.0,AAPL
2026-09-30 09:50:00-04:00,333.3999938964844,333.84991455078125,333.2099914550781,333.8240051269531,169906,0.0,0.0,AAPL
2026-09-30 09:51:00-04:00,333.82000732421875,334.2380065917969,333.6780090332031,334.04998779296875,190224,0.0,0.0,AAPL
2026-09-30 09:52:00-04:00,334.05999755859375,334.4200134277344,333.9700012207031,334.0799865722656,122202,0.0,0.0,AAPL
2026-09-30 09:53:00-04:00,334.0799865722656,334.1449890136719,333.6600036621094,334.0799865722656,127038,0.0,0.0,AAPL
2026-09-30 09:54:00-04:00,334.1050109863281,334.9150085449219,334.0799865722656,334.80999755859375,330594,0.0,0.0,AAPL
2026-09-30 09:55:00-04:00,334.8299865722656,334.9700012207031,334.625,334.8299865722656,180739,0.0,0.0,AAPL
2026-09-30 09:56:00-04:00,334.8299865722656,334.8800048828125,334.57000732421875,334.7099914550781,138931,0.0,0.0,AAPL
2026-09-30 09:57:00-04:00,334.68499755859375,334.8800048828125,334.5899963378906,334.69500732421875,123937,0.0,0.0,AAPL
2026-09-30 09:58:00-04:00,334.69000244140625,335.260009765625,334.6199951171875,335.2099914550781,208995,0.0,0.0,AAPL
2026-09-30 09:59:00-04:00,335.2200012207031,335.8999938964844,334.95001220703125,335.7699890136719,336793,0.0,0.0,AAPL
2026-09-30 10:00:00-04:00,335.75,336.3699951171875,335.7200012207031,336.1499938964844,265089,0.0,0.0,AAPL
2026-09-30 10:01:00-04:00,336.1600036621094,337.30999755859375,336.1300048828125,337.1650085449219,343583,0.0,0.0,AAPL
2026-09-30 10:02:00-04:00,337.1650085449219,337.6700134277344,336.92999267578125,337.3900146484375,319743,0.0,0.0,AAPL
2026-09-30 10:03:00-04:00,337.4198913574219,338.2699890136719,337.3399963378906,337.81500244140625,423208,0.0,0.0,AAPL
2026-09-30 10:04:00-04:00,337.8299865722656,338.20001220703125,337.55999755859375,338.1600036621094,276480,0.0,0.0,AAPL
2026-09-30 10:05:00-04:00,338.1549987792969,338.70001220703125,338.0799865722656,338.42498779296875,378785,0.0,0.0,AAPL
2026-09-30 10:06:00-04:00,338.4200134277344,338.8500061035156,338.410888671875,338.5899963378906,225667,0.0,0.0,AAPL
2026-09-30 10:07:00-04:00,338.57000732421875,339.1700134277344,338.57000732421875,339.0762023925781,384750,0.0,0.0,AAPL
2026-09-30 10:08:00-04:00,339.0899963378906,339.4100036621094,338.8500061035156,339.1600036621094,342579,0.0,0.0,AAPL
2026-09-30 10:09:00-04:00,339.19000244140625,339.5,339.0150146484375,339.114990234375,330712,0.0,0.0,AAPL
2026-09-30 10:10:00-04:00,339.1099853515625,339.1099853515625,338.3299865722656,338.4700012207031,361481,0.0,0.0,AAPL
2026-09-30 10:11:00-04:00,338.4700012207031,338.639892578125,337.9599914550781,338.20660400390625,241518,0.0,0.0,AAPL
2026-09-30 10:12:00-04:00,338.20001220703125,338.2300109863281,337.8800964355469,338.1200866699219,242978,0.0,0.0,AAPL
2026-09-30 10:13:00-04:00,338.1401062011719,338.3399963378906,337.7101135253906,337.82000732421875,209172,0.0,0.0,AAPL
2026-09-30 10:14:00-04:00,337.79998779296875,337.8399963378906,337.05999755859375,337.4200134277344,164848,0.0,0.0,AAPL
2026-09-30 10:15:00-04:00,337.4200134277344,337.5899963378906,336.8999938964844,336.9801025390625,240001,0.0,0.0,AAPL
2026-09-30 10:16:00-04:00,336.9800109863281,337.3599853515625,336.8299865722656,337.3399963378906,109113,0.0,0.0,AAPL
2026-09-30 10:17:00-04:00,337.3599853515625,337.7300109863281,337.0773010253906,337.5201110839844,99535,0.0,0.0,AAPL
2026-09-30 10:18:00-04:00,337.5299987792969,337.5799865722656,337.0,337.0849914550781,94009,0.0,0.0,AAPL
2026-09-30 10:19:00-04:00,337.0928955078125,337.58990478515625,336.9849853515625,337.5675048828125,136096,0.0,0.0,AAPL
2026-09-30 10:20:00-04:00,337.5450134277344,337.95001220703125,337.4100036621094,337.9200134277344,82822,0.0,0.0,AAPL
2026-09-30 10:21:00-04:00,337.8699951171875,338.010009765625,337.7699890136719,337.8572998046875,114622,0.0,0.0,AAPL
2026-09-30 10:22:00-04:00,337.8450012207031,338.1000061035156,337.739990234375,338.0491027832031,78436,0.0,0.0,AAPL
2026-09-30 10:23:00-04:00,338.07989501953125,338.1167907714844,337.7215881347656,337.8299865722656,65921,0.0,0.0,AAPL
2026-09-30 10:24:00-04:00,337.8695068359375,337.9700012207031,337.6600036621094,337.68499755859375,49866,0.0,0.0,AAPL
2026-09-30 10:25:00-04:00,337.68499755859375,337.9700927734375,337.6499938964844,337.9700927734375,77671,0.0,0.0,AAPL
2026-09-30 10:26:00-04:00,337.9726867675781,338.0400085449219,337.7349853515625,337.8800048828125,82293,0.0,0.0,AAPL
2026-09-30 10:27:00-04:00,337.875,338.1499938964844,337.7200012207031,338.0968017578125,71228,0.0,0.0,AAPL
2026-09-30 10:28:00-04:00,338.0950012207031,338.2149963378906,337.6300048828125,337.69500732421875,136017,0.0,0.0,AAPL
2026-09-30 10:29:00-04:00,337.67999267578125,338.2298889160156,337.6719970703125,338.1499938964844,92534,0.0,0.0,AAPL
2026-09-30 10:30:00-04:00,338.19000244140625,338.3599853515625,338.0400085449219,338.1900939941406,83674,0.0,0.0,AAPL
2026-09-30 10:31:00-04:00,338.20001220703125,338.32000732421875,337.760009765625,338.239990234375,81968,0.0,0.0,AAPL
2026-09-30 10:32:00-04:00,338.2550048828125,338.4800109863281,338.07598876953125,338.1600036621094,100609,0.0,0.0,AAPL
2026-09-30 10:33:00-04:00,338.1300048828125,338.45001220703125,337.9750061035156,338.135009765625,131390,0.0,0.0,AAPL
2026-09-30 10:34:00-04:00,338.1400146484375,338.3550109863281,338.0203857421875,338.1400146484375,63339,0.0,0.0,AAPL
2026-09-30 10:35:00-04:00,338.1300048828125,338.2200012207031,337.79998779296875,337.9200134277344,155116,0.0,0.0,AAPL
2026-09-30 10:36:00-04:00,337.9200134277344,338.2699890136719,337.760009765625,338.2650146484375,82234,0.0,0.0,AAPL
2026-09-30 10:37:00-04:00,338.2650146484375,338.8699951171875,338.25,338.8299865722656,161094,0.0,0.0,AAPL
2026-09-30 10:38:00-04:00,338.82000732421875,338.89990234375,338.510009765625,338.89990234375,92454,0.0,0.0,AAPL
2026-09-30 10:39:00-04:00,338.8900146484375,338.8949890136719,338.5299987792969,338.760009765625,77690,0.0,0.0,AAPL
2026-09-30 10:40:00-04:00,338.739990234375,339.0899963378906,338.7200012207031,338.95001220703125,139202,0.0,0.0,AAPL
2026-09-30 10:41:00-04:00,338.94000244140625,339.2799987792969,338.82720947265625,339.0899963378906,188861,0.0,0.0,AAPL
2026-09-30 10:42:00-04:00,339.1000061035156,339.1202087402344,338.5,338.781005859375,118342,0.0,0.0,AAPL
2026-09-30 10:43:00-04:00,338.8299865722656,338.8299865722656,338.1715087890625,338.3900146484375,163530,0.0,0.0,AAPL
2026-09-30 10:44:00-04:00,338.3900146484375,338.56500244140625,338.3800048828125,338.4800109863281,79853,0.0,0.0,AAPL
2026-09-30 10:45:00-04:00,338.489990234375,338.85418701171875,338.4200134277344,338.7449951171875,79579,0.0,0.0,AAPL
2026-09-30 10:46:00-04:00,338.7695007324219,338.7799987792969,338.5,338.67498779296875,54100,0.0,0.0,AAPL
2026-09-30 10:47:00-04:00,338.67498779296875,338.7200012207031,338.4599914550781,338.468994140625,54979,0.0,0.0,AAPL
2026-09-30 10:48:00-04:00,338.4599914550781,338.6449890136719,338.3599853515625,338.5299987792969,46539,0.0,0.0,AAPL
2026-09-30 10:49:00-04:00,338.5400085449219,339.20001220703125,338.5400085449219,339.1700134277344,123450,0.0,0.0,AAPL
2026-09-30 10:50:00-04:00,339.1460876464844,339.20001220703125,338.82708740234375,338.94000244140625,111003,0.0,0.0,AAPL
2026-09-30 10:51:00-04:00,338.9599914550781,339.2799987792969,338.7699890136719,338.80499267578125,99903,0.0,0.0,AAPL
2026-09-30 10:52:00-04:00,338.8500061035156,338.95001220703125,338.74090576171875,338.8699951171875,61101,0.0,0.0,AAPL
2026-09-30 10:53:00-04:00,338.8599853515625,339.1449890136719,338.82000732421875,339.0199890136719,84781,0.0,0.0,AAPL
2026-09-30 10:54:00-04:00,339.0400085449219,339.1300048828125,338.8800048828125,338.9049987792969,53383,0.0,0.0,AAPL
2026-09-30 10:55:00-04:00,338.9049987792969,338.989990234375,338.6109924316406,338.6199951171875,69546,0.0,0.0,AAPL
2026-09-30 10:56:00-04:00,338.6199951171875,338.9549865722656,338.6099853515625,338.698486328125,93190,0.0,0.0,AAPL
2026-09-30 10:57:00-04:00,338.70001220703125,338.8949890136719,338.57000732421875,338.8682861328125,71818,0.0,0.0,AAPL
2026-09-30 10:58:00-04:00,338.8500061035156,338.8500061035156,338.4200134277344,338.5,44674,0.0,0.0,AAPL
2026-09-30 10:59:00-04:00,338.510009765625,338.54998779296875,338.3399963378906,338.4049987792969,43523,0.0,0.0,AAPL
2026-09-30 11:00:00-04:00,338.4200134277344,338.489990234375,338.04998779296875,338.17999267578125,88276,0.0,0.0,AAPL
2026-09-30 11:01:00-04:00,338.17999267578125,338.3399963378906,338.0899963378906,338.1050109863281,50005,0.0,0.0,AAPL
2026-09-30 11:02:00-04:00,338.1099853515625,338.1600036621094,337.94049072265625,337.9901123046875,67649,0.0,0.0,AAPL
2026-09-30 11:03:00-04:00,337.9801025390625,338.239990234375,337.92999267578125,338.2349853515625,62926,0.0,0.0,AAPL
2026-09-30 11:04:00-04:00,338.2099914550781,338.29998779296875,338.1600036621094,338.24810791015625,46059,0.0,0.0,AAPL
2026-09-30 11:05:00-04:00,338.239990234375,338.3599853515625,338.1099853515625,338.19000244140625,45787,0.0,0.0,AAPL
2026-09-30 11:06:00-04:00,338.18499755859375,338.2200012207031,337.92999267578125,338.0799865722656,68358,0.0,0.0,AAPL
2026-09-30 11:07:00-04:00,338.04998779296875,338.04998779296875,337.6600036621094,337.78509521484375,98656,0.0,0.0,AAPL
2026-09-30 11:08:00-04:00,337.7850036621094,338.0299987792969,337.7001037597656,337.95989990234375,61326,0.0,0.0,AAPL
2026-09-30 11:09:00-04:00,337.95001220703125,337.9700012207031,337.7799987792969,337.95001220703125,41938,0.0,0.0,AAPL
2026-09-30 11:10:00-04:00,337.95001220703125,337.95001220703125,337.6400146484375,337.8999938964844,37901,0.0,0.0,AAPL
2026-09-30 11:11:00-04:00,337.9100036621094,337.9299011230469,337.5826110839844,337.6099853515625,48897,0.0,0.0,AAPL
2026-09-30 11:12:00-04:00,337.6000061035156,337.7900085449219,337.5,337.7677917480469,85388,0.0,0.0,AAPL
2026-09-30 11:13:00-04:00,337.79998779296875,337.9849853515625,337.7200012207031,337.9700012207031,43387,0.0,0.0,AAPL
2026-09-30 11:14:00-04:00,337.9700012207031,337.9849853515625,337.44000244140625,337.4599914550781,74634,0.0,0.0,AAPL
2026-09-30 11:15:00-04:00,337.4649963378906,337.67999267578125,337.35101318359375,337.5400085449219,90175,0.0,0.0,AAPL
2026-09-30 11:16:00-04:00,337.5400085449219,337.760009765625,337.4601135253906,337.5198974609375,45383,0.0,0.0,AAPL
2026-09-30 11:17:00-04:00,337.5050048828125,337.57000732421875,337.42999267578125,337.4700012207031,38759,0.0,0.0,AAPL
2026-09-30 11:18:00-04:00,337.4700012207031,337.6299133300781,337.239990234375,337.48529052734375,51625,0.0,0.0,AAPL
2026-09-30 11:19:00-04:00,337.4750061035156,337.5400085449219,337.3599853515625,337.3800048828125,36738,0.0,0.0,AAPL
2026-09-30 11:20:00-04:00,337.385009765625,337.3948059082031,337.19500732421875,337.3399963378906,50276,0.0,0.0,AAPL
2026-09-30 11:21:00-04:00,337.3500061035156,337.4999084472656,337.30999755859375,337.3999938964844,41563,0.0,0.0,AAPL
2026-09-30 11:22:00-04:00,337.3999938964844,337.44000244140625,337.2799987792969,337.2900085449219,46089,0.0,0.0,AAPL
2026-09-30 11:23:00-04:00,337.2950134277344,337.4100036621094,337.2900085449219,337.3699951171875,41628,0.0,0.0,AAPL
2026-09-30 11:24:00-04:00,337.3500061035156,337.3599853515625,337.06500244140625,337.1300048828125,44807,0.0,0.0,AAPL
2026-09-30 11:25:00-04:00,337.13800048828125,337.1499938964844,336.9800109863281,337.05999755859375,62377,0.0,0.0,AAPL
2026-09-30 11:26:00-04:00,337.07501220703125,337.25,337.07501220703125,337.1380920410156,38876,0.0,0.0,AAPL
2026-09-30 11:27:00-04:00,337.135009765625,337.3999938964844,337.0400085449219,337.3599853515625,84101,0.0,0.0,AAPL
2026-09-30 11:28:00-04:00,337.3800048828125,337.3800048828125,337.2300109863281,337.29998779296875,32244,0.0,0.0,AAPL
2026-09-30 11:29:00-04:00,337.29998779296875,337.4200134277344,337.2900085449219,337.3599853515625,40487,0.0,0.0,AAPL
2026-09-30 11:30:00-04:00,337.3500061035156,337.5299987792969,337.30999755859375,337.32000732421875,64703,0.0,0.0,AAPL
2026-09-30 11:31:00-04:00,337.3299865722656,337.3800048828125,337.1600036621094,337.30999755859375,46748,0.0,0.0,AAPL
2026-09-30 11:32:00-04:00,337.31500244140625,337.42999267578125,337.2749938964844,337.2799987792969,53493,0.0,0.0,AAPL
2026-09-30 11:33:00-04:00,337.2799987792969,337.4200134277344,337.2099914550781,337.4049987792969,185473,0.0,0.0,AAPL
2026-09-30 11:34:00-04:00,337.4100036621094,337.5899963378906,337.3900146484375,337.5,72152,0.0,0.0,AAPL
2026-09-30 11:35:00-04:00,337.5,337.69000244140625,337.4599914550781,337.5050048828125,54612,0.0,0.0,AAPL
2026-09-30 11:36:00-04:00,337.489990234375,337.6300048828125,337.42999267578125,337.57000732421875,44395,0.0,0.0,AAPL
2026-09-30 11:37:00-04:00,337.56451416015625,337.8599853515625,337.4800109863281,337.82000732421875,63055,0.0,0.0,AAPL
2026-09-30 11:38:00-04:00,337.8299865722656,337.8699951171875,337.6400146484375,337.7200012207031,59640,0.0,0.0,AAPL
2026-09-30 11:39:00-04:00,337.7601013183594,337.9779968261719,337.7401123046875,337.9599914550781,40480,0.0,0.0,AAPL
2026-09-30 11:40:00-04:00,337.9599914550781,338.3900146484375,337.8800048828125,338.0,137453,0.0,0.0,AAPL
2026-09-30 11:41:00-04:00,337.989990234375,338.089599609375,337.5899963378906,337.6499938964844,95310,0.0,0.0,AAPL
2026-09-30 11:42:00-04:00,337.6499938964844,337.6867980957031,337.5,337.6400146484375,49868,0.0,0.0,AAPL
2026-09-30 11:43:00-04:00,337.6400146484375,337.7620849609375,337.5,337.6499938964844,85236,0.0,0.0,AAPL
2026-09-30 11:44:00-04:00,337.67999267578125,337.8399963378906,337.5199890136719,337.7850036621094,50425,0.0,0.0,AAPL
2026-09-30 11:45:00-04:00,337.7699890136719,337.82501220703125,337.6903991699219,337.7749938964844,27900,0.0,0.0,AAPL
2026-09-30 11:46:00-04:00,337.7749938964844,337.9700012207031,337.7749938964844,337.8299865722656,40400,0.0,0.0,AAPL
2026-09-30 11:47:00-04:00,337.8299865722656,337.8999938964844,337.5899963378906,337.82000732421875,84986,0.0,0.0,AAPL
2026-09-30 11:48:00-04:00,337.80999755859375,338.0,337.79998779296875,337.92059326171875,45161,0.0,0.0,AAPL
2026-09-30 11:49:00-04:00,337.94500732421875,338.3299865722656,337.9100036621094,338.30499267578125,66612,0.0,0.0,AAPL
2026-09-30 11:50:00-04:00,338.3299865722656,338.3699951171875,338.2099914550781,338.239990234375,43646,0.0,0.0,AAPL
2026-09-30 11:51:00-04:00,338.2349853515625,338.239013671875,337.8800048828125,337.8949890136719,41938,0.0,0.0,AAPL
2026-09-30 11:52:00-04:00,337.8500061035156,337.9150085449219,337.70001220703125,337.70001220703125,42299,0.0,0.0,AAPL
2026-09-30 11:53:00-04:00,337.70098876953125,337.760009765625,337.60101318359375,337.7099914550781,31247,0.0,0.0,AAPL
2026-09-30 11:54:00-04:00,337.70001220703125,337.83990478515625,337.3699951171875,337.3900146484375,75719,0.0,0.0,AAPL
2026-09-30 11:55:00-04:00,337.3739929199219,337.45001220703125,337.23699951171875,337.3399963378906,100129,0.0,0.0,AAPL
2026-09-30 11:56:00-04:00,337.3399963378906,337.3999938964844,337.239990234375,337.3900146484375,49104,0.0,0.0,AAPL
2026-09-30 11:57:00-04:00,337.3710021972656,337.4700012207031,337.2300109863281,337.4519958496094,42416,0.0,0.0,AAPL
2026-09-30 11:58:00-04:00,337.4549865722656,337.4621887207031,337.3251037597656,337.3900146484375,23737,0.0,0.0,AAPL
2026-09-30 11:59:00-04:00,337.3800048828125,337.56500244140625,337.3500061035156,337.5450134277344,35019,0.0,0.0,AAPL
2026-09-30 12:00:00-04:00,337.5486145019531,337.6400146484375,337.489990234375,337.6300048828125,37440,0.0,0.0,AAPL
2026-09-30 12:01:00-04:00,337.6099853515625,337.74798583984375,337.4917907714844,337.5339050292969,30398,0.0,0.0,AAPL
2026-09-30 12:02:00-04:00,337.5400085449219,337.57000732421875,337.45001220703125,337.489990234375,37544,0.0,0.0,AAPL
2026-09-30 12:03:00-04:00,337.4800109863281,337.522705078125,337.4200134277344,337.4700012207031,23348,0.0,0.0,AAPL
2026-09-30 12:04:00-04:00,337.4800109863281,337.6099853515625,337.4209899902344,337.58990478515625,25860,0.0,0.0,AAPL
2026-09-30 12:05:00-04:00,337.57000732421875,337.5895080566406,337.3299865722656,337.3900146484375,55005,0.0,0.0,AAPL
2026-09-30 12:06:00-04:00,337.3699951171875,337.385009765625,337.25,337.2799987792969,38250,0.0,0.0,AAPL
2026-09-30 12:07:00-04:00,337.2825012207031,337.3699951171875,337.07000732421875,337.07000732421875,35760,0.0,0.0,AAPL
2026-09-30 12:08:00-04:00,337.04998779296875,337.2200012207031,337.04998779296875,337.20001220703125,31419,0.0,0.0,AAPL
2026-09-30 12:09:00-04:00,337.2001037597656,337.2106018066406,336.9100036621094,337.010009765625,78453,0.0,0.0,AAPL
2026-09-30 12:10:00-04:00,336.9800109863281,337.0657043457031,336.8299865722656,336.89990234375,55535,0.0,0.0,AAPL
2026-09-30 12:11:00-04:00,336.8999938964844,337.2510070800781,336.8900146484375,337.17999267578125,53247,0.0,0.0,AAPL
2026-09-30 12:12:00-04:00,337.1601867675781,337.2398986816406,336.8605041503906,336.8605041503906,144029,0.0,0.0,AAPL
2026-09-30 12:13:00-04:00,336.9097900390625,337.0660095214844,336.8500061035156,337.0397033691406,47873,0.0,0.0,AAPL
2026-09-30 12:14:00-04:00,337.0199890136719,337.04998779296875,336.80999755859375,336.82501220703125,40956,0.0,0.0,AAPL
2026-09-30 12:15:00-04:00,336.82501220703125,336.83221435546875,336.6600036621094,336.7633972167969,120394,0.0,0.0,AAPL
2026-09-30 12:16:00-04:00,336.760009765625,336.7815856933594,336.6600036621094,336.731689453125,35534,0.0,0.0,AAPL
2026-09-30 12:17:00-04:00,336.7398986816406,336.7799987792969,336.55999755859375,336.6050109863281,34582,0.0,0.0,AAPL
2026-09-30 12:18:00-04:00,336.590087890625,336.69000244140625,336.489990234375,336.6593933105469,52340,0.0,0.0,AAPL
2026-09-30 12:19:00-04:00,336.6400146484375,336.739990234375,336.5299987792969,336.7099914550781,25844,0.0,0.0,AAPL
2026-09-30 12:20:00-04:00,336.73919677734375,336.739990234375,336.54998779296875,336.6025085449219,29243,0.0,0.0,AAPL
2026-09-30 12:21:00-04:00,336.5950012207031,336.739990234375,336.57000732421875,336.739990234375,29243,0.0,0.0,AAPL
2026-09-30 12:22:00-04:00,336.69000244140625,336.79998779296875,336.6400146484375,336.647705078125,28416,0.0,0.0,AAPL
2026-09-30 12:23:00-04:00,336.6651916503906,336.7149963378906,336.55999755859375,336.7149963378906,24544,0.0,0.0,AAPL
2026-09-30 12:24:00-04:00,336.7300109863281,336.8273010253906,336.6199951171875,336.6700134277344,19130,0.0,0.0,AAPL
2026-09-30 12:25:00-04:00,336.68499755859375,336.8699951171875,336.67999267578125,336.80999755859375,29610,0.0,0.0,AAPL
2026-09-30 12:26:00-04:00,336.8399963378906,336.9100036621094,336.6401062011719,336.6600036621094,45859,0.0,0.0,AAPL
2026-09-30 12:27:00-04:00,336.6600036621094,336.7195129394531,336.6199951171875,336.6549987792969,34434,0.0,0.0,AAPL
2026-09-30 12:28:00-04:00,336.6549987792969,336.80999755859375,336.6300048828125,336.6734924316406,28604,0.0,0.0,AAPL
2026-09-30 12:29:00-04:00,336.69000244140625,336.7900085449219,336.67999267578125,336.739990234375,31337,0.0,0.0,AAPL
2026-09-30 12:30:00-04:00,336.7650146484375,336.7650146484375,336.6300048828125,336.7200012207031,38672,0.0,0.0,AAPL
2026-09-30 12:31:00-04:00,336.7200012207031,336.79998779296875,336.6199951171875,336.6470031738281,38191,0.0,0.0,AAPL
2026-09-30 12:32:00-04:00,336.6499938964844,336.7850036621094,336.6199951171875,336.6600036621094,27292,0.0,0.0,AAPL
2026-09-30 12:33:00-04:00,336.6400146484375,336.6451110839844,336.5400085449219,336.5799865722656,25157,0.0,0.0,AAPL
2026-09-30 12:34:00-04:00,336.6000061035156,336.70001220703125,336.57000732421875,336.58990478515625,23695,0.0,0.0,AAPL
2026-09-30 12:35:00-04:00,336.57501220703125,336.69549560546875,336.510009765625,336.625,34589,0.0,0.0,AAPL
2026-09-30 12:36:00-04:00,336.6000061035156,336.6099853515625,336.4200134277344,336.45001220703125,44605,0.0,0.0,AAPL
2026-09-30 12:37:00-04:00,336.44000244140625,336.5249938964844,336.42999267578125,336.4800109863281,37921,0.0,0.0,AAPL
2026-09-30 12:38:00-04:00,336.4700012207031,336.6477966308594,336.4700012207031,336.57501220703125,37507,0.0,0.0,AAPL
2026-09-30 12:39:00-04:00,336.57501220703125,336.6300048828125,336.4599914550781,336.54998779296875,27508,0.0,0.0,AAPL
2026-09-30 12:40:00-04:00,336.54010009765625,336.589111328125,336.5299987792969,336.5799865722656,21712,0.0,0.0,AAPL
2026-09-30 12:41:00-04:00,336.57000732421875,336.7934875488281,336.55999755859375,336.7099914550781,35312,0.0,0.0,AAPL
2026-09-30 12:42:00-04:00,336.70001220703125,336.7099914550781,336.5299987792969,336.614990234375,36591,0.0,0.0,AAPL
2026-09-30 12:43:00-04:00,336.625,336.73541259765625,336.6000061035156,336.70001220703125,26873,0.0,0.0,AAPL
2026-09-30 12:44:00-04:00,336.7300109863281,336.8900146484375,336.69000244140625,336.8500061035156,36096,0.0,0.0,AAPL
2026-09-30 12:45:00-04:00,336.8245849609375,336.8450012207031,336.6600036621094,336.7049865722656,45004,0.0,0.0,AAPL
2026-09-30 12:46:00-04:00,336.67999267578125,336.8503112792969,336.67999267578125,336.82000732421875,46782,0.0,0.0,AAPL
2026-09-30 12:47:00-04:00,336.82000732421875,336.8599853515625,336.739990234375,336.75,24366,0.0,0.0,AAPL
2026-09-30 12:48:00-04:00,336.760009765625,336.760009765625,336.5299987792969,336.55999755859375,46440,0.0,0.0,AAPL
2026-09-30 12:49:00-04:00,336.5450134277344,336.6400146484375,336.5199890136719,336.635009765625,33890,0.0,0.0,AAPL
2026-09-30 12:50:00-04:00,336.635009765625,336.7080078125,336.6099853515625,336.69989013671875,25218,0.0,0.0,AAPL
2026-09-30 12:51:00-04:00,336.6700134277344,336.7200012207031,336.3399963378906,336.3999938964844,62607,0.0,0.0,AAPL
2026-09-30 12:52:00-04:00,336.3900146484375,336.4291076660156,336.2019958496094,336.2300109863281,56328,0.0,0.0,AAPL
2026-09-30 12:53:00-04:00,336.2449951171875,336.2799987792969,336.1199951171875,336.1449890136719,48459,0.0,0.0,AAPL
2026-09-30 12:54:00-04:00,336.1499938964844,336.2370910644531,336.0899963378906,336.18499755859375,53327,0.0,0.0,AAPL
2026-09-30 12:55:00-04:00,336.18499755859375,336.18499755859375,336.07000732421875,336.0714111328125,35621,0.0,0.0,AAPL
2026-09-30 12:56:00-04:00,336.0733947753906,336.1099853515625,335.97198486328125,336.0950012207031,55936,0.0,0.0,AAPL
2026-09-30 12:57:00-04:00,336.1099853515625,336.2149963378906,336.1000061035156,336.1400146484375,31655,0.0,0.0,AAPL
2026-09-30 12:58:00-04:00,336.1199951171875,336.25,336.1099853515625,336.1600036621094,32531,0.0,0.0,AAPL
2026-09-30 12:59:00-04:00,336.1600036621094,336.4800109863281,336.1600036621094,336.44000244140625,43528,0.0,0.0,AAPL
2026-09-30 13:00:00-04:00,336.44000244140625,336.4999084472656,336.3299865722656,336.4599914550781,33266,0.0,0.0,AAPL
2026-09-30 13:01:00-04:00,336.4599914550781,336.4800109863281,336.3500061035156,336.35009765625,23277,0.0,0.0,AAPL
2026-09-30 13:02:00-04:00,336.3699951171875,336.44000244140625,336.3100891113281,336.340087890625,27827,0.0,0.0,AAPL
2026-09-30 13:03:00-04:00,336.3450012207031,336.3800048828125,336.2300109863281,336.29010009765625,32473,0.0,0.0,AAPL
2026-09-30 13:04:00-04:00,336.2950134277344,336.33099365234375,336.239990234375,336.29998779296875,18178,0.0,0.0,AAPL
2026-09-30 13:05:00-04:00,336.2900085449219,336.2900085449219,336.1650085449219,336.19500732421875,33925,0.0,0.0,AAPL
2026-09-30 13:06:00-04:00,336.18011474609375,336.22149658203125,336.1700134277344,336.17999267578125,16518,0.0,0.0,AAPL
2026-09-30 13:07:00-04:00,336.17999267578125,336.2699890136719,336.07000732421875,336.1108093261719,54835,0.0,0.0,AAPL
2026-09-30 13:08:00-04:00,336.08099365234375,336.4549865722656,336.08099365234375,336.3699951171875,54075,0.0,0.0,AAPL
2026-09-30 13:09:00-04:00,336.3599853515625,336.3900146484375,336.19000244140625,336.19000244140625,28278,0.0,0.0,AAPL
2026-09-30 13:10:00-04:00,336.2099914550781,336.2398986816406,336.04998779296875,336.0899963378906,33048,0.0,0.0,AAPL
2026-09-30 13:11:00-04:00,336.11199951171875,336.2300109863281,336.05999755859375,336.1199951171875,26454,0.0,0.0,AAPL
2026-09-30 13:12:00-04:00,336.1600036621094,336.25,336.1300048828125,336.1600036621094,18212,0.0,0.0,AAPL
2026-09-30 13:13:00-04:00,336.1745910644531,336.2200012207031,335.9501037597656,335.9501037597656,47067,0.0,0.0,AAPL
2026-09-30 13:14:00-04:00,335.95001220703125,336.1099853515625,335.9100036621094,335.9800109863281,40188,0.0,0.0,AAPL
2026-09-30 13:15:00-04:00,335.9750061035156,335.9750061035156,335.739990234375,335.75,42762,0.0,0.0,AAPL
2026-09-30 13:16:00-04:00,335.739990234375,335.80999755859375,335.67999267578125,335.7300109863281,34241,0.0,0.0,AAPL
2026-09-30 13:17:00-04:00,335.7300109863281,335.7300109863281,335.6300048828125,335.6700134277344,29017,0.0,0.0,AAPL
2026-09-30 13:18:00-04:00,335.6650085449219,335.7300109863281,335.6300048828125,335.7300109863281,22570,0.0,0.0,AAPL
2026-09-30 13:19:00-04:00,335.7099914550781,335.7650146484375,335.6000061035156,335.6000061035156,32418,0.0,0.0,AAPL
2026-09-30 13:20:00-04:00,335.6099853515625,335.6300048828125,335.5199890136719,335.5220031738281,31983,0.0,0.0,AAPL
2026-09-30 13:21:00-04:00,335.5199890136719,335.61041259765625,335.489990234375,335.5950012207031,36585,0.0,0.0,AAPL
2026-09-30 13:22:00-04:00,335.6099853515625,335.7900085449219,335.5400085449219,335.760009765625,43192,0.0,0.0,AAPL
2026-09-30 13:23:00-04:00,335.760009765625,335.760009765625,335.5950012207031,335.625,21772,0.0,0.0,AAPL
2026-09-30 13:24:00-04:00,335.614990234375,335.69000244140625,335.57000732421875,335.67498779296875,26409,0.0,0.0,AAPL
2026-09-30 13:25:00-04:00,335.69000244140625,335.6968078613281,335.54998779296875,335.57000732421875,38827,0.0,0.0,AAPL
2026-09-30 13:26:00-04:00,335.55499267578125,335.65509033203125,335.3699951171875,335.3800964355469,30712,0.0,0.0,AAPL
2026-09-30 13:27:00-04:00,335.4100036621094,335.59991455078125,335.3901062011719,335.54998779296875,32604,0.0,0.0,AAPL
2026-09-30 13:28:00-04:00,335.5575866699219,335.7550048828125,335.5299987792969,335.6809997558594,47100,0.0,0.0,AAPL
2026-09-30 13:29:00-04:00,335.69000244140625,335.8500061035156,335.67999267578125,335.7860107421875,38620,0.0,0.0,AAPL
2026-09-30 13:30:00-04:00,335.79998779296875,335.8500061035156,335.7699890136719,335.7950134277344,25977,0.0,0.0,AAPL
2026-09-30 13:31:00-04:00,335.7900085449219,335.9342956542969,335.6600036621094,335.92498779296875,85204,0.0,0.0,AAPL
2026-09-30 13:32:00-04:00,335.9200134277344,335.95001220703125,335.8500061035156,335.9100036621094,30210,0.0,0.0,AAPL
2026-09-30 13:33:00-04:00,335.8999938964844,335.989990234375,335.8100891113281,335.83990478515625,48126,0.0,0.0,AAPL
2026-09-30 13:34:00-04:00,335.82501220703125,335.877685546875,335.7900085449219,335.8529052734375,22587,0.0,0.0,AAPL
2026-09-30 13:35:00-04:00,335.8299865722656,335.8900146484375,335.79998779296875,335.8599853515625,22886,0.0,0.0,AAPL
2026-09-30 13:36:00-04:00,335.8500061035156,335.9599914550781,335.79998779296875,335.8399963378906,28895,0.0,0.0,AAPL
2026-09-30 13:37:00-04:00,335.8299865722656,335.9800109863281,335.7799987792969,335.9599914550781,51424,0.0,0.0,AAPL
2026-09-30 13:38:00-04:00,335.94000244140625,335.94000244140625,335.8399963378906,335.8399963378906,22945,0.0,0.0,AAPL
2026-09-30 13:39:00-04:00,335.8299865722656,335.9549865722656,335.7900085449219,335.9549865722656,40769,0.0,0.0,AAPL
2026-09-30 13:40:00-04:00,335.97198486328125,336.1499938964844,335.8999938964844,336.1499938964844,54308,0.0,0.0,AAPL
2026-09-30 13:41:00-04:00,336.1600036621094,336.5299987792969,336.1099853515625,336.489990234375,70524,0.0,0.0,AAPL
2026-09-30 13:42:00-04:00,336.5328063964844,336.5328063964844,336.239990234375,336.3800048828125,33643,0.0,0.0,AAPL
2026-09-30 13:43:00-04:00,336.3851013183594,336.38800048828125,336.17999267578125,336.18499755859375,28728,0.0,0.0,AAPL
2026-09-30 13:44:00-04:00,336.1700134277344,336.260009765625,336.1000061035156,336.19500732421875,23225,0.0,0.0,AAPL
2026-09-30 13:45:00-04:00,336.19500732421875,336.2370910644531,336.0799865722656,336.19500732421875,23707,0.0,0.0,AAPL
2026-09-30 13:46:00-04:00,336.2099914550781,336.3489990234375,336.2099914550781,336.2749938964844,22922,0.0,0.0,AAPL
2026-09-30 13:47:00-04:00,336.25,336.4407043457031,336.2099914550781,336.3599853515625,33931,0.0,0.0,AAPL
2026-09-30 13:48:00-04:00,336.3599853515625,336.68499755859375,336.3599853515625,336.6700134277344,67565,0.0,0.0,AAPL
2026-09-30 13:49:00-04:00,336.67498779296875,336.82000732421875,336.6499938964844,336.80499267578125,44868,0.0,0.0,AAPL
2026-09-30 13:50:00-04:00,336.80999755859375,336.8900146484375,336.7200012207031,336.7449951171875,52552,0.0,0.0,AAPL
2026-09-30 13:51:00-04:00,336.7449951171875,336.9100036621094,336.7200012207031,336.8299865722656,25454,0.0,0.0,AAPL
2026-09-30 13:52:00-04:00,336.82000732421875,336.83990478515625,336.6200866699219,336.6200866699219,33470,0.0,0.0,AAPL
2026-09-30 13:53:00-04:00,336.6199951171875,336.69000244140625,336.57000732421875,336.6199035644531,25536,0.0,0.0,AAPL
2026-09-30 13:54:00-04:00,336.5981140136719,336.67999267578125,336.5981140136719,336.6499938964844,15304,0.0,0.0,AAPL
2026-09-30 13:55:00-04:00,336.6400146484375,336.689208984375,336.5799865722656,336.6099853515625,21267,0.0,0.0,AAPL
2026-09-30 13:56:00-04:00,336.6099853515625,336.7550048828125,336.6099853515625,336.7099914550781,26271,0.0,0.0,AAPL
2026-09-30 13:57:00-04:00,336.70941162109375,336.7882080078125,336.69000244140625,336.7699890136719,36052,0.0,0.0,AAPL
2026-09-30 13:58:00-04:00,336.7850036621094,336.80499267578125,336.7200012207031,336.7398986816406,23999,0.0,0.0,AAPL
2026-09-30 13:59:00-04:00,336.7200012207031,336.7359924316406,336.45001220703125,336.45001220703125,33691,0.0,0.0,AAPL
2026-09-30 14:00:00-04:00,336.4476013183594,336.4476013183594,336.0299987792969,336.07000732421875,53075,0.0,0.0,AAPL
2026-09-30 14:01:00-04:00,336.0899963378906,336.1199951171875,335.92999267578125,336.1199951171875,48950,0.0,0.0,AAPL
2026-09-30 14:02:00-04:00,336.1449890136719,336.2298889160156,336.1300048828125,336.2298889160156,32291,0.0,0.0,AAPL
2026-09-30 14:03:00-04:00,336.239990234375,336.30120849609375,336.19000244140625,336.2300109863281,22813,0.0,0.0,AAPL
2026-09-30 14:04:00-04:00,336.239990234375,336.3800048828125,336.2001953125,336.2900085449219,27476,0.0,0.0,AAPL
2026-09-30 14:05:00-04:00,336.2900085449219,336.3699951171875,336.1745910644531,336.1745910644531,19968,0.0,0.0,AAPL
2026-09-30 14:06:00-04:00,336.2099914550781,336.2099914550781,335.95001220703125,336.0199890136719,30495,0.0,0.0,AAPL
2026-09-30 14:07:00-04:00,336.0150146484375,336.1000061035156,335.9100036621094,336.07000732421875,27311,0.0,0.0,AAPL
2026-09-30 14:08:00-04:00,336.1050109863281,336.19000244140625,336.05999755859375,336.17999267578125,19171,0.0,0.0,AAPL
2026-09-30 14:09:00-04:00,336.17498779296875,336.30999755859375,336.1300048828125,336.29998779296875,38251,0.0,0.0,AAPL
2026-09-30 14:10:00-04:00,336.32000732421875,336.39678955078125,336.2300109863281,336.385009765625,28795,0.0,0.0,AAPL
2026-09-30 14:11:00-04:00,336.39190673828125,336.58990478515625,336.3901062011719,336.5450134277344,35272,0.0,0.0,AAPL
2026-09-30 14:12:00-04:00,336.5408935546875,336.6499938964844,336.5299987792969,336.5299987792969,29680,0.0,0.0,AAPL
2026-09-30 14:13:00-04:00,336.5299987792969,336.6050109863281,336.45001220703125,336.5799865722656,25998,0.0,0.0,AAPL
2026-09-30 14:14:00-04:00,336.5899963378906,336.6792907714844,336.5899963378906,336.6400146484375,20817,0.0,0.0,AAPL
2026-09-30 14:15:00-04:00,336.6401062011719,336.6700134277344,336.45001220703125,336.4801025390625,32819,0.0,0.0,AAPL
2026-09-30 14:16:00-04:00,336.4836120605469,336.5498962402344,336.4700012207031,336.4700012207031,30743,0.0,0.0,AAPL
2026-09-30 14:17:00-04:00,336.4700012207031,336.5350036621094,336.44000244140625,336.44000244140625,25185,0.0,0.0,AAPL
2026-09-30 14:18:00-04:00,336.4549865722656,336.4549865722656,336.3399963378906,336.409912109375,36921,0.0,0.0,AAPL
2026-09-30 14:19:00-04:00,336.4093933105469,336.4100036621094,336.1610107421875,336.17449951171875,35535,0.0,0.0,AAPL
2026-09-30 14:20:00-04:00,336.1600036621094,336.2300109863281,336.1300048828125,336.1539001464844,32411,0.0,0.0,AAPL
2026-09-30 14:21:00-04:00,336.1499938964844,336.1888122558594,336.07000732421875,336.1199951171875,25256,0.0,0.0,AAPL
2026-09-30 14:22:00-04:00,336.1199951171875,336.1549987792969,336.0899963378906,336.1499938964844,17724,0.0,0.0,AAPL
2026-09-30 14:23:00-04:00,336.135009765625,336.3699951171875,336.135009765625,336.35009765625,38442,0.0,0.0,AAPL
2026-09-30 14:24:00-04:00,336.3599853515625,336.3599853515625,336.1400146484375,336.1600036621094,38634,0.0,0.0,AAPL
2026-09-30 14:25:00-04:00,336.1600036621094,336.2799987792969,336.1600036621094,336.2099914550781,44993,0.0,0.0,AAPL
2026-09-30 14:26:00-04:00,336.2099914550781,336.2799987792969,336.1700134277344,336.19500732421875,31620,0.0,0.0,AAPL
2026-09-30 14:27:00-04:00,336.1900939941406,336.32000732421875,336.18499755859375,336.29998779296875,30390,0.0,0.0,AAPL
2026-09-30 14:28:00-04:00,336.32000732421875,336.44000244140625,336.30499267578125,336.4150085449219,54722,0.0,0.0,AAPL
2026-09-30 14:29:00-04:00,336.4200134277344,336.4599914550781,336.3100891113281,336.3299865722656,58398,0.0,0.0,AAPL
2026-09-30 14:30:00-04:00,336.3450012207031,336.3900146484375,336.2900085449219,336.3599853515625,22348,0.0,0.0,AAPL
2026-09-30 14:31:00-04:00,336.3599853515625,336.3800048828125,336.25,336.260009765625,35860,0.0,0.0,AAPL
2026-09-30 14:32:00-04:00,336.2550048828125,336.260009765625,336.0899963378906,336.10650634765625,33351,0.0,0.0,AAPL
2026-09-30 14:33:00-04:00,336.0899963378906,336.0899963378906,335.92999267578125,335.92999267578125,32445,0.0,0.0,AAPL
2026-09-30 14:34:00-04:00,335.94000244140625,336.05999755859375,335.9100036621094,336.0150146484375,40284,0.0,0.0,AAPL
2026-09-30 14:35:00-04:00,336.0299987792969,336.1400146484375,336.0,336.010009765625,37301,0.0,0.0,AAPL
2026-09-30 14:36:00-04:00,336.010009765625,336.1098937988281,336.0,336.0150146484375,24692,0.0,0.0,AAPL
2026-09-30 14:37:00-04:00,336.0000915527344,336.30999755859375,336.0000915527344,336.260009765625,41468,0.0,0.0,AAPL
2026-09-30 14:38:00-04:00,336.260009765625,336.47698974609375,336.2221984863281,336.4599914550781,75983,0.0,0.0,AAPL
2026-09-30 14:39:00-04:00,336.4599914550781,336.54998779296875,336.39630126953125,336.5190124511719,26373,0.0,0.0,AAPL
2026-09-30 14:40:00-04:00,336.5249938964844,336.55499267578125,336.3399963378906,336.385009765625,42233,0.0,0.0,AAPL
2026-09-30 14:41:00-04:00,336.3699951171875,336.4700012207031,336.3599853515625,336.4700012207031,23697,0.0,0.0,AAPL
2026-09-30 14:42:00-04:00,336.45001220703125,336.6499938964844,336.42999267578125,336.631103515625,35933,0.0,0.0,AAPL
2026-09-30 14:43:00-04:00,336.6400146484375,336.7749938964844,336.6300048828125,336.7099914550781,55546,0.0,0.0,AAPL
2026-09-30 14:44:00-04:00,336.7300109863281,336.7398986816406,336.67999267578125,336.7074890136719,15427,0.0,0.0,AAPL
2026-09-30 14:45:00-04:00,336.7149963378906,336.75,336.6300048828125,336.75,51301,0.0,0.0,AAPL
2026-09-30 14:46:00-04:00,336.7593994140625,336.9195861816406,336.70098876953125,336.8999938964844,51069,0.0,0.0,AAPL
2026-09-30 14:47:00-04:00,336.8900146484375,337.1098937988281,336.8800048828125,336.9599914550781,78639,0.0,0.0,AAPL
2026-09-30 14:48:00-04:00,336.968994140625,336.989990234375,336.6449890136719,336.6449890136719,78407,0.0,0.0,AAPL
2026-09-30 14:49:00-04:00,336.6365966796875,336.75,336.6365966796875,336.70001220703125,28122,0.0,0.0,AAPL
2026-09-30 14:50:00-04:00,336.6940002441406,336.7699890136719,336.6700134277344,336.69500732421875,35469,0.0,0.0,AAPL
2026-09-30 14:51:00-04:00,336.69000244140625,336.82501220703125,336.5801086425781,336.5920104980469,38654,0.0,0.0,AAPL
2026-09-30 14:52:00-04:00,336.5849914550781,336.6050109863281,336.47320556640625,336.510009765625,42337,0.0,0.0,AAPL
2026-09-30 14:53:00-04:00,336.5299987792969,336.5799865722656,336.3800048828125,336.4549865722656,44453,0.0,0.0,AAPL
2026-09-30 14:54:00-04:00,336.4551086425781,336.5050048828125,336.3900146484375,336.4399108886719,30900,0.0,0.0,AAPL
2026-09-30 14:55:00-04:00,336.3999938964844,336.6300048828125,336.3999938964844,336.489990234375,38283,0.0,0.0,AAPL
2026-09-30 14:56:00-04:00,336.489990234375,336.5050048828125,336.3599853515625,336.3599853515625,38640,0.0,0.0,AAPL
2026-09-30 14:57:00-04:00,336.3500061035156,336.3800048828125,336.260009765625,336.30499267578125,36393,0.0,0.0,AAPL
2026-09-30 14:58:00-04:00,336.30499267578125,336.4100036621094,336.1549987792969,336.2900085449219,56663,0.0,0.0,AAPL
2026-09-30 14:59:00-04:00,336.2799987792969,336.3800048828125,336.2799987792969,336.3800048828125,33236,0.0,0.0,AAPL
2026-09-30 15:00:00-04:00,336.375,336.70001220703125,336.3399963378906,336.6199951171875,47831,0.0,0.0,AAPL
2026-09-30 15:01:00-04:00,336.6300048828125,336.6300048828125,336.4599914550781,336.5849914550781,31335,0.0,0.0,AAPL
2026-09-30 15:02:00-04:00,336.5799865722656,336.6499938964844,336.54998779296875,336.6400146484375,24890,0.0,0.0,AAPL
2026-09-30 15:03:00-04:00,336.6499938964844,336.70001220703125,336.5199890136719,336.6000061035156,43967,0.0,0.0,AAPL
2026-09-30 15:04:00-04:00,336.60009765625,336.6199951171875,336.5,336.5150146484375,24415,0.0,0.0,AAPL
2026-09-30 15:05:00-04:00,336.5299987792969,336.5400085449219,336.3800048828125,336.4100036621094,41194,0.0,0.0,AAPL
2026-09-30 15:06:00-04:00,336.42999267578125,336.5871887207031,336.42999267578125,336.4840087890625,19331,0.0,0.0,AAPL
2026-09-30 15:07:00-04:00,336.4800109863281,336.5101013183594,336.4150085449219,336.42999267578125,24634,0.0,0.0,AAPL
2026-09-30 15:08:00-04:00,336.42999267578125,336.4800109863281,336.3399963378906,336.3599853515625,31767,0.0,0.0,AAPL
2026-09-30 15:09:00-04:00,336.364990234375,336.4599914550781,336.31451416015625,336.43499755859375,26321,0.0,0.0,AAPL
2026-09-30 15:10:00-04:00,336.45001220703125,336.46490478515625,336.1099853515625,336.18499755859375,53951,0.0,0.0,AAPL
2026-09-30 15:11:00-04:00,336.18499755859375,336.29998779296875,336.1600036621094,336.2359924316406,44387,0.0,0.0,AAPL
2026-09-30 15:12:00-04:00,336.2449951171875,336.30999755859375,336.2300109863281,336.2799987792969,22689,0.0,0.0,AAPL
2026-09-30 15:13:00-04:00,336.2900085449219,336.3299865722656,336.010009765625,336.05999755859375,69231,0.0,0.0,AAPL
2026-09-30 15:14:00-04:00,336.07000732421875,336.2300109863281,336.0400085449219,336.06500244140625,96415,0.0,0.0,AAPL
2026-09-30 15:15:00-04:00,336.07501220703125,336.0899963378906,335.7300109863281,335.75,76456,0.0,0.0,AAPL
2026-09-30 15:16:00-04:00,335.7650146484375,335.7650146484375,335.5400085449219,335.625,82128,0.0,0.0,AAPL
2026-09-30 15:17:00-04:00,335.625,335.7699890136719,335.489990234375,335.6200866699219,55362,0.0,0.0,AAPL
2026-09-30 15:18:00-04:00,335.6268005371094,335.6400146484375,335.4200134277344,335.4800109863281,40364,0.0,0.0,AAPL
2026-09-30 15:19:00-04:00,335.4800109863281,335.6700134277344,335.4599914550781,335.5899963378906,41858,0.0,0.0,AAPL
2026-09-30 15:20:00-04:00,335.5950012207031,335.68499755859375,335.5,335.68499755859375,38676,0.0,0.0,AAPL
2026-09-30 15:21:00-04:00,335.70001220703125,335.70001220703125,335.55999755859375,335.5899963378906,45166,0.0,0.0,AAPL
2026-09-30 15:22:00-04:00,335.5899963378906,335.75,335.5505065917969,335.739990234375,44719,0.0,0.0,AAPL
2026-09-30 15:23:00-04:00,335.75,335.75,335.510009765625,335.5199890136719,36536,0.0,0.0,AAPL
2026-09-30 15:24:00-04:00,335.5199890136719,335.6449890136719,335.510009765625,335.55999755859375,138185,0.0,0.0,AAPL
2026-09-30 15:25:00-04:00,335.5668029785156,335.5799865722656,335.29998779296875,335.29998779296875,48163,0.0,0.0,AAPL
2026-09-30 15:26:00-04:00,335.2900085449219,335.408203125,335.239990234375,335.30999755859375,34804,0.0,0.0,AAPL
2026-09-30 15:27:00-04:00,335.2950134277344,335.45001220703125,335.2950134277344,335.4200134277344,117570,0.0,0.0,AAPL
2026-09-30 15:28:00-04:00,335.410400390625,335.5,335.32000732421875,335.3800048828125,64215,0.0,0.0,AAPL
2026-09-30 15:29:00-04:00,335.3699951171875,335.3699951171875,335.3699951171875,335.3699951171875,0,0.0,0.0,AAPL
