timestamp,open,high,low,close,volume,Dividends,Stock Splits,Capital Gains
2026-09-01 09:30:00-04:00,707.4299926757812,707.6900024414062,706.77001953125,707.030029296875,2380431,0.0,0.0,0.0
2026-09-01 09:31:00-04:00,707.0399780273438,707.2000122070312,706.2100219726562,706.5,305957,0.0,0.0,0.0
2026-09-01 09:32:00-04:00,706.489990234375,707.0499877929688,706.3499755859375,706.969970703125,277222,0.0,0.0,0.0
2026-09-01 09:33:00-04:00,706.9600219726562,707.4400024414062,706.760009765625,706.844970703125,232815,0.0,0.0,0.0
2026-09-01 09:34:00-04:00,706.8599853515625,707.4400024414062,706.75,706.989990234375,128226,0.0,0.0,0.0
2026-09-01 09:35:00-04:00,707.0499877929688,708.0399780273438,706.97998046875,707.489990234375,216172,0.0,0.0,0.0
2026-09-01 09:36:00-04:00,707.469970703125,707.7199096679688,707.0650024414062,707.1616821289062,133387,0.0,0.0,0.0
2026-09-01 09:37:00-04:00,707.1599731445312,707.6500244140625,706.9650268554688,707.3800048828125,114602,0.0,0.0,0.0
2026-09-01 09:38:00-04:00,707.3499755859375,707.4398803710938,706.2520141601562,706.3599853515625,181477,0.0,0.0,0.0
2026-09-01 09:39:00-04:00,706.369873046875,706.75,706.1182250976562,706.3900146484375,118806,0.0,0.0,0.0
2026-09-01 09:40:00-04:00,706.4099731445312,706.7000122070312,706.02001953125,706.1699829101562,508972,0.0,0.0,0.0
2026-09-01 09:41:00-04:00,706.1500244140625,706.260009765625,705.6199951171875,705.7999877929688,152828,0.0,0.0,0.0
2026-09-01 09:42:00-04:00,705.8699951171875,706.4600219726562,705.739990234375,706.2899780273438,195168,0.0,0.0,0.0
2026-09-01 09:43:00-04:00,706.3300170898438,706.719970703125,706.1099853515625,706.6900024414062,114996,0.0,0.0,0.0
2026-09-01 09:44:00-04:00,706.625,706.97998046875,706.4500122070312,706.6900024414062,97494,0.0,0.0,0.0
2026-09-01 09:45:00-04:00,706.6099853515625,707.589599609375,706.5100708007812,707.405029296875,128239,0.0,0.0,0.0
2026-09-01 09:46:00-04:00,707.4099731445312,707.719970703125,707.1500854492188,707.3300170898438,112989,0.0,0.0,0.0
2026-09-01 09:47:00-04:00,707.4299926757812,708.0999755859375,707.4000244140625,707.70947265625,106490,0.0,0.0,0.0
2026-09-01 09:48:00-04:00,707.75,707.97998046875,707.4099731445312,707.4255981445312,74176,0.0,0.0,0.0
2026-09-01 09:49:00-04:00,707.3800048828125,708.1199951171875,707.344970703125,708.1199951171875,65665,0.0,0.0,0.0
2026-09-01 09:50:00-04:00,708.10498046875,708.4500122070312,707.9674072265625,708.1699829101562,160018,0.0,0.0,0.0
2026-09-01 09:51:00-04:00,708.1599731445312,708.2100219726562,707.7999877929688,707.830078125,71740,0.0,0.0,0.0
2026-09-01 09:52:00-04:00,707.8599853515625,707.9400024414062,707.3800048828125,707.5499877929688,76287,0.0,0.0,0.0
2026-09-01 09:53:00-04:00,707.5399780273438,707.669921875,707.301025390625,707.5599975585938,69324,0.0,0.0,0.0
2026-09-01 09:54:00-04:00,707.4849243164062,707.6300048828125,707.2249755859375,707.6199951171875,73721,0.0,0.0,0.0
2026-09-01 09:55:00-04:00,707.64501953125,707.7794799804688,707.322509765625,707.4852294921875,63757,0.0,0.0,0.0
2026-09-01 09:56:00-04:00,707.489990234375,707.5,707.0900268554688,707.114990234375,70988,0.0,0.0,0.0
2026-09-01 09:57:00-04:00,707.1099853515625,707.2728271484375,706.9500122070312,707.0499877929688,67262,0.0,0.0,0.0
2026-09-01 09:58:00-04:00,707.0599975585938,707.18359375,706.8800048828125,706.9400024414062,55975,0.0,0.0,0.0
2026-09-01 09:59:00-04:00,706.9299926757812,707.3099975585938,706.9199829101562,707.2249755859375,131846,0.0,0.0,0.0
2026-09-01 10:00:00-04:00,707.27001953125,707.6699829101562,706.8900146484375,707.3599853515625,106025,0.0,0.0,0.0
2026-09-01 10:01:00-04:00,707.3400268554688,707.9550170898438,707.3400268554688,707.9400024414062,107468,0.0,0.0,0.0
2026-09-01 10:02:00-04:00,707.9500122070312,707.969970703125,706.7714233398438,706.989990234375,98608,0.0,0.0,0.0
2026-09-01 10:03:00-04:00,707.0349731445312,707.4600219726562,706.9500122070312,707.4199829101562,76717,0.0,0.0,0.0
2026-09-01 10:04:00-04:00,707.4400024414062,707.5700073242188,707.155029296875,707.155029296875,60944,0.0,0.0,0.0
2026-09-01 10:05:00-04:00,707.1500244140625,707.6500244140625,707.1500244140625,707.5599975585938,47137,0.0,0.0,0.0
2026-09-01 10:06:00-04:00,707.5999755859375,708.2150268554688,707.5599975585938,708.2150268554688,100294,0.0,0.0,0.0
2026-09-01 10:07:00-04:00,708.219970703125,708.4390258789062,708.0700073242188,708.4099731445312,76669,0.0,0.0,0.0
2026-09-01 10:08:00-04:00,708.4000244140625,708.4000854492188,707.9299926757812,708.22998046875,55630,0.0,0.0,0.0
2026-09-01 10:09:00-04:00,708.25,708.5399780273438,708.1209716796875,708.3411865234375,93634,0.0,0.0,0.0
2026-09-01 10:10:00-04:00,708.3499755859375,708.4650268554688,708.1799926757812,708.260009765625,68417,0.0,0.0,0.0
2026-09-01 10:11:00-04:00,708.260009765625,708.3699951171875,707.77001953125,707.77001953125,65918,0.0,0.0,0.0
2026-09-01 10:12:00-04:00,707.7899780273438,707.9500122070312,707.5499877929688,707.6649780273438,73557,0.0,0.0,0.0
2026-09-01 10:13:00-04:00,707.6599731445312,707.8198852539062,707.4500122070312,707.75,66421,0.0,0.0,0.0
2026-09-01 10:14:00-04:00,707.72998046875,708.1151123046875,707.6500244140625,707.8770751953125,45508,0.0,0.0,0.0
2026-09-01 10:15:00-04:00,707.85498046875,708.760009765625,707.8350219726562,708.4450073242188,124320,0.0,0.0,0.0
2026-09-01 10:16:00-04:00,708.4600219726562,708.7999877929688,708.3599853515625,708.6162109375,97090,0.0,0.0,0.0
2026-09-01 10:17:00-04:00,708.5831909179688,708.6400146484375,708.22998046875,708.2899780273438,53643,0.0,0.0,0.0
2026-09-01 10:18:00-04:00,708.27001953125,708.3900146484375,707.9600219726562,707.97998046875,63092,0.0,0.0,0.0
2026-09-01 10:19:00-04:00,707.989990234375,708.1599731445312,707.924072265625,708.1400146484375,46049,0.0,0.0,0.0
2026-09-01 10:20:00-04:00,708.1699829101562,708.4550170898438,708.1699829101562,708.3499755859375,75832,0.0,0.0,0.0
2026-09-01 10:21:00-04:00,708.36962890625,708.52001953125,708.3150024414062,708.3200073242188,42191,0.0,0.0,0.0
2026-09-01 10:22:00-04:00,708.3250122070312,708.969970703125,708.3250122070312,708.7849731445312,87373,0.0,0.0,0.0
2026-09-01 10:23:00-04:00,708.77001953125,708.77001953125,708.403076171875,708.5098876953125,41320,0.0,0.0,0.0
2026-09-01 10:24:00-04:00,708.482421875,708.5875854492188,708.3200073242188,708.52001953125,37749,0.0,0.0,0.0
2026-09-01 10:25:00-04:00,708.5399780273438,708.9099731445312,708.47998046875,708.8200073242188,228994,0.0,0.0,0.0
2026-09-01 10:26:00-04:00,708.7999877929688,708.9400024414062,708.780029296875,708.8599853515625,51755,0.0,0.0,0.0
2026-09-01 10:27:00-04:00,708.8599853515625,708.8599853515625,708.4000244140625,708.614990234375,54629,0.0,0.0,0.0
2026-09-01 10:28:00-04:00,708.56201171875,708.6099853515625,708.469970703125,708.5050048828125,33218,0.0,0.0,0.0
2026-09-01 10:29:00-04:00,708.5697021484375,708.614990234375,708.4000244140625,708.6099853515625,29833,0.0,0.0,0.0
2026-09-01 10:30:00-04:00,708.594970703125,709.1599731445312,708.5700073242188,709.1500244140625,98321,0.0,0.0,0.0
2026-09-01 10:31:00-04:00,709.1400146484375,709.630126953125,709.030029296875,709.4550170898438,85838,0.0,0.0,0.0
2026-09-01 10:32:00-04:00,709.4500122070312,709.5687866210938,709.3499755859375,709.52001953125,62760,0.0,0.0,0.0
2026-09-01 10:33:00-04:00,709.510009765625,709.719970703125,709.5050048828125,709.6749877929688,58314,0.0,0.0,0.0
2026-09-01 10:34:00-04:00,709.7050170898438,709.7598876953125,709.6799926757812,709.7150268554688,49379,0.0,0.0,0.0
2026-09-01 10:35:00-04:00,709.7100219726562,709.8400268554688,709.60400390625,709.6500244140625,66215,0.0,0.0,0.0
2026-09-01 10:36:00-04:00,709.6500244140625,709.75,709.489990234375,709.6063232421875,43604,0.0,0.0,0.0
2026-09-01 10:37:00-04:00,709.60009765625,709.8099975585938,709.52001953125,709.7498779296875,47405,0.0,0.0,0.0
2026-09-01 10:38:00-04:00,709.72998046875,709.7849731445312,709.52001953125,709.5499877929688,47190,0.0,0.0,0.0
2026-09-01 10:39:00-04:00,709.577880859375,709.75,709.3831176757812,709.6799926757812,71329,0.0,0.0,0.0
2026-09-01 10:40:00-04:00,709.6998901367188,709.9199829101562,709.5900268554688,709.8400268554688,49294,0.0,0.0,0.0
2026-09-01 10:41:00-04:00,709.8699951171875,710.010009765625,709.7849731445312,709.7849731445312,64000,0.0,0.0,0.0
2026-09-01 10:42:00-04:00,709.7849731445312,710.0,709.6900024414062,709.9201049804688,45613,0.0,0.0,0.0
2026-09-01 10:43:00-04:00,709.9299926757812,710.1799926757812,709.8355712890625,710.010009765625,35783,0.0,0.0,0.0
2026-09-01 10:44:00-04:00,710.030029296875,710.2849731445312,709.7999877929688,710.2849731445312,43522,0.0,0.0,0.0
2026-09-01 10:45:00-04:00,710.280029296875,710.3200073242188,710.0999755859375,710.2100219726562,40618,0.0,0.0,0.0
2026-09-01 10:46:00-04:00,710.2100219726562,710.4400024414062,710.1199951171875,710.3900146484375,49832,0.0,0.0,0.0
2026-09-01 10:47:00-04:00,710.3900146484375,710.75,710.2999877929688,710.75,61145,0.0,0.0,0.0
2026-09-01 10:48:00-04:00,710.75,711.0900268554688,710.7000122070312,710.9199829101562,85541,0.0,0.0,0.0
2026-09-01 10:49:00-04:00,710.9099731445312,710.9299926757812,710.552001953125,710.5914916992188,54933,0.0,0.0,0.0
2026-09-01 10:50:00-04:00,710.5900268554688,710.5900268554688,710.3099975585938,710.4299926757812,83787,0.0,0.0,0.0
2026-09-01 10:51:00-04:00,710.4550170898438,710.52001953125,710.0850219726562,710.1199951171875,56285,0.0,0.0,0.0
2026-09-01 10:52:00-04:00,710.1199951171875,710.2769775390625,709.9500122070312,710.0399780273438,175060,0.0,0.0,0.0
2026-09-01 10:53:00-04:00,710.1300048828125,710.4099731445312,710.0650024414062,710.2000122070312,105551,0.0,0.0,0.0
2026-09-01 10:54:00-04:00,710.1900024414062,710.2899780273438,709.9249877929688,710.010009765625,52727,0.0,0.0,0.0
2026-09-01 10:55:00-04:00,710.02001953125,710.1199951171875,709.8699951171875,709.9400024414062,81077,0.0,0.0,0.0
2026-09-01 10:56:00-04:00,709.9199829101562,710.030029296875,709.822509765625,709.989990234375,42674,0.0,0.0,0.0
2026-09-01 10:57:00-04:00,710.0,710.1400146484375,709.6699829101562,709.739990234375,70684,0.0,0.0,0.0
2026-09-01 10:58:00-04:00,709.7650146484375,709.9400024414062,709.7100219726562,709.7999877929688,53960,0.0,0.0,0.0
2026-09-01 10:59:00-04:00,709.8200073242188,710.2000122070312,709.8200073242188,710.1799926757812,41293,0.0,0.0,0.0
2026-09-01 11:00:00-04:00,710.1898803710938,710.469970703125,710.0800170898438,710.4199829101562,42007,0.0,0.0,0.0
2026-09-01 11:01:00-04:00,710.4299926757812,710.4299926757812,710.0999755859375,710.1500244140625,37103,0.0,0.0,0.0
2026-09-01 11:02:00-04:00,710.0900268554688,710.239990234375,710.0,710.0499877929688,57091,0.0,0.0,0.0
2026-09-01 11:03:00-04:00,710.0936889648438,710.0936889648438,709.6599731445312,709.6599731445312,513775,0.0,0.0,0.0
2026-09-01 11:04:00-04:00,709.6699829101562,709.77001953125,709.5200805664062,709.77001953125,55956,0.0,0.0,0.0
2026-09-01 11:05:00-04:00,709.7449951171875,709.8400268554688,709.5800170898438,709.7650146484375,163762,0.0,0.0,0.0
2026-09-01 11:06:00-04:00,709.719970703125,709.77001953125,709.4199829101562,709.4724731445312,114318,0.0,0.0,0.0
2026-09-01 11:07:00-04:00,709.4600219726562,709.5599975585938,709.1500244140625,709.1898803710938,102128,0.0,0.0,0.0
2026-09-01 11:08:00-04:00,709.1680908203125,709.2698974609375,709.010009765625,709.0900268554688,76305,0.0,0.0,0.0
2026-09-01 11:09:00-04:00,709.0798950195312,709.2899780273438,709.0100708007812,709.02001953125,55152,0.0,0.0,0.0
2026-09-01 11:10:00-04:00,709.0120239257812,709.280029296875,709.0120239257812,709.0999755859375,24566,0.0,0.0,0.0
2026-09-01 11:11:00-04:00,709.135009765625,709.239990234375,709.0206909179688,709.0206909179688,26999,0.0,0.0,0.0
2026-09-01 11:12:00-04:00,709.0700073242188,709.27001953125,709.0015869140625,709.2100219726562,26661,0.0,0.0,0.0
2026-09-01 11:13:00-04:00,709.2249755859375,709.4550170898438,709.155029296875,709.2249755859375,25080,0.0,0.0,0.0
2026-09-01 11:14:00-04:00,709.2349853515625,709.4600219726562,709.0805053710938,709.0805053710938,16966,0.0,0.0,0.0
2026-09-01 11:15:00-04:00,709.0886840820312,709.2949829101562,708.9996948242188,709.2000122070312,26789,0.0,0.0,0.0
2026-09-01 11:16:00-04:00,709.2000122070312,709.3699951171875,709.1500854492188,709.1599731445312,27801,0.0,0.0,0.0
2026-09-01 11:17:00-04:00,709.1900024414062,709.3471069335938,709.0750122070312,709.1500244140625,30094,0.0,0.0,0.0
2026-09-01 11:18:00-04:00,709.1524047851562,709.4089965820312,709.1524047851562,709.3300170898438,28438,0.0,0.0,0.0
2026-09-01 11:19:00-04:00,709.3300170898438,709.5499877929688,709.2899780273438,709.4199829101562,47772,0.0,0.0,0.0
2026-09-01 11:20:00-04:00,709.4299926757812,709.5800170898438,709.361572265625,709.3699951171875,40877,0.0,0.0,0.0
2026-09-01 11:21:00-04:00,709.3350219726562,709.489990234375,709.1599731445312,709.3699951171875,18348,0.0,0.0,0.0
2026-09-01 11:22:00-04:00,709.3900146484375,709.7000122070312,709.3300170898438,709.6199951171875,71433,0.0,0.0,0.0
2026-09-01 11:23:00-04:00,709.5850219726562,709.77001953125,709.5250244140625,709.7349853515625,38083,0.0,0.0,0.0
2026-09-01 11:24:00-04:00,709.72802734375,709.89990234375,709.7000122070312,709.8687133789062,33736,0.0,0.0,0.0
2026-09-01 11:25:00-04:00,709.8699951171875,709.89697265625,709.6599731445312,709.7100219726562,49238,0.0,0.0,0.0
2026-09-01 11:26:00-04:00,709.7150268554688,709.9500122070312,709.6900024414062,709.8800048828125,30461,0.0,0.0,0.0
2026-09-01 11:27:00-04:00,709.8154907226562,709.9400024414062,709.8150024414062,709.8300170898438,23418,0.0,0.0,0.0
2026-09-01 11:28:00-04:00,709.8400268554688,709.9099731445312,709.6699829101562,709.8800048828125,24822,0.0,0.0,0.0
2026-09-01 11:29:00-04:00,709.875,710.239990234375,709.8499755859375,710.239990234375,252147,0.0,0.0,0.0
2026-09-01 11:30:00-04:00,710.239990234375,710.52001953125,710.0599975585938,710.4749755859375,57144,0.0,0.0,0.0
2026-09-01 11:31:00-04:00,710.489990234375,710.489990234375,710.1199951171875,710.1226806640625,146705,0.0,0.0,0.0
2026-09-01 11:32:00-04:00,710.1599731445312,710.3099975585938,710.0900268554688,710.2100219726562,20732,0.0,0.0,0.0
2026-09-01 11:33:00-04:00,710.22998046875,710.3223876953125,710.1199951171875,710.3099975585938,38411,0.0,0.0,0.0
2026-09-01 11:34:00-04:00,710.3400268554688,710.3485107421875,710.1300048828125,710.239990234375,25057,0.0,0.0,0.0
2026-09-01 11:35:00-04:00,710.260009765625,710.3975219726562,710.1900024414062,710.3599853515625,21383,0.0,0.0,0.0
2026-09-01 11:36:00-04:00,710.3499755859375,710.6300048828125,710.2999877929688,710.5999755859375,23507,0.0,0.0,0.0
2026-09-01 11:37:00-04:00,710.6063842773438,710.7750244140625,710.52001953125,710.7750244140625,45456,0.0,0.0,0.0
2026-09-01 11:38:00-04:00,710.7750244140625,711.0,710.7750244140625,710.9699096679688,59704,0.0,0.0,0.0
2026-09-01 11:39:00-04:00,710.9600219726562,711.1500244140625,710.8900146484375,711.0831909179688,50286,0.0,0.0,0.0
2026-09-01 11:40:00-04:00,711.0900268554688,711.2100219726562,711.0800170898438,711.1906127929688,45243,0.0,0.0,0.0
2026-09-01 11:41:00-04:00,711.2050170898438,711.4400024414062,711.1849975585938,711.340087890625,64828,0.0,0.0,0.0
2026-09-01 11:42:00-04:00,711.3200073242188,711.3305053710938,711.0819702148438,711.2100219726562,45429,0.0,0.0,0.0
2026-09-01 11:43:00-04:00,711.2000122070312,711.3099975585938,711.1099853515625,711.280029296875,36139,0.0,0.0,0.0
2026-09-01 11:44:00-04:00,711.25,711.6500244140625,711.239990234375,711.5999755859375,76769,0.0,0.0,0.0
2026-09-01 11:45:00-04:00,711.5900268554688,711.780029296875,711.5599975585938,711.7299194335938,70531,0.0,0.0,0.0
2026-09-01 11:46:00-04:00,711.7249755859375,712.0599975585938,711.7249755859375,712.0,75393,0.0,0.0,0.0
2026-09-01 11:47:00-04:00,711.97998046875,712.2299194335938,711.97998046875,712.094970703125,55441,0.0,0.0,0.0
2026-09-01 11:48:00-04:00,712.0900268554688,712.1400146484375,711.9349975585938,712.1300048828125,34398,0.0,0.0,0.0
2026-09-01 11:49:00-04:00,712.10009765625,712.2999877929688,712.0499877929688,712.2100219726562,50266,0.0,0.0,0.0
2026-09-01 11:50:00-04:00,712.2000122070312,712.2050170898438,711.8699951171875,712.030029296875,96704,0.0,0.0,0.0
2026-09-01 11:51:00-04:00,712.0200805664062,712.2000122070312,712.02001953125,712.0650024414062,61919,0.0,0.0,0.0
2026-09-01 11:52:00-04:00,712.0750122070312,712.1099853515625,711.7899780273438,712.0150146484375,54564,0.0,0.0,0.0
2026-09-01 11:53:00-04:00,712.0117797851562,712.27001953125,711.9450073242188,712.22998046875,42716,0.0,0.0,0.0
2026-09-01 11:54:00-04:00,712.1400146484375,712.1900024414062,712.0645141601562,712.135009765625,33458,0.0,0.0,0.0
2026-09-01 11:55:00-04:00,712.1300048828125,712.1649780273438,711.9503784179688,712.02001953125,37959,0.0,0.0,0.0
2026-09-01 11:56:00-04:00,711.989990234375,712.0601196289062,711.8599853515625,711.8699951171875,16099,0.0,0.0,0.0
2026-09-01 11:57:00-04:00,711.8699951171875,711.9500122070312,711.7371826171875,711.7371826171875,23105,0.0,0.0,0.0
2026-09-01 11:58:00-04:00,711.719970703125,711.8895263671875,711.6599731445312,711.8300170898438,71874,0.0,0.0,0.0
2026-09-01 11:59:00-04:00,711.8300170898438,711.989990234375,711.7673950195312,711.7999877929688,14497,0.0,0.0,0.0
2026-09-01 12:00:00-04:00,711.8499755859375,711.8900146484375,711.6201171875,711.739990234375,41034,0.0,0.0,0.0
2026-09-01 12:01:00-04:00,711.719970703125,711.72998046875,711.52001953125,711.52001953125,63985,0.0,0.0,0.0
2026-09-01 12:02:00-04:00,711.5355834960938,711.5701293945312,711.3400268554688,711.4360961914062,56446,0.0,0.0,0.0
2026-09-01 12:03:00-04:00,711.4099731445312,711.530029296875,711.3699951171875,711.4400024414062,19387,0.0,0.0,0.0
2026-09-01 12:04:00-04:00,711.4249877929688,711.4600219726562,711.3704223632812,711.40478515625,11960,0.0,0.0,0.0
2026-09-01 12:05:00-04:00,711.364990234375,711.4899291992188,711.280029296875,711.3800048828125,25744,0.0,0.0,0.0
2026-09-01 12:06:00-04:00,711.35498046875,711.4199829101562,710.9199829101562,710.97998046875,40263,0.0,0.0,0.0
2026-09-01 12:07:00-04:00,710.9627075195312,711.25,710.9500122070312,711.1300048828125,39420,0.0,0.0,0.0
2026-09-01 12:08:00-04:00,711.1099853515625,711.1749877929688,710.8599853515625,710.9459838867188,44722,0.0,0.0,0.0
2026-09-01 12:09:00-04:00,710.969970703125,711.0999755859375,710.8900146484375,710.9099731445312,19314,0.0,0.0,0.0
2026-09-01 12:10:00-04:00,710.9400024414062,710.9650268554688,710.594970703125,710.9000244140625,98397,0.0,0.0,0.0
2026-09-01 12:11:00-04:00,710.9199829101562,710.9199829101562,710.760009765625,710.8399047851562,34214,0.0,0.0,0.0
2026-09-01 12:12:00-04:00,710.8250122070312,711.0700073242188,710.739990234375,710.77001953125,32429,0.0,0.0,0.0
2026-09-01 12:13:00-04:00,710.7816162109375,710.8770141601562,710.635009765625,710.635009765625,39243,0.0,0.0,0.0
2026-09-01 12:14:00-04:00,710.6900024414062,710.7000122070312,710.2899780273438,710.3099975585938,40006,0.0,0.0,0.0
2026-09-01 12:15:00-04:00,710.281005859375,710.385009765625,710.1099853515625,710.3068237304688,114056,0.0,0.0,0.0
2026-09-01 12:16:00-04:00,710.2899780273438,710.3259887695312,710.0750122070312,710.22998046875,160625,0.0,0.0,0.0
2026-09-01 12:17:00-04:00,710.260009765625,710.2899780273438,709.89501953125,709.89501953125,51033,0.0,0.0,0.0
2026-09-01 12:18:00-04:00,709.9299926757812,710.030029296875,709.8499755859375,709.885009765625,49355,0.0,0.0,0.0
2026-09-01 12:19:00-04:00,709.8800048828125,709.9500122070312,709.5650024414062,709.5999755859375,38617,0.0,0.0,0.0
2026-09-01 12:20:00-04:00,709.594970703125,709.6400146484375,709.02001953125,709.0599975585938,286388,0.0,0.0,0.0
2026-09-01 12:21:00-04:00,709.0599975585938,709.25,708.79052734375,708.989990234375,171369,0.0,0.0,0.0
2026-09-01 12:22:00-04:00,708.989990234375,709.3699951171875,708.989990234375,709.280029296875,112485,0.0,0.0,0.0
2026-09-01 12:23:00-04:00,709.280029296875,709.739990234375,709.219970703125,709.510009765625,118410,0.0,0.0,0.0
2026-09-01 12:24:00-04:00,709.52001953125,709.5399780273438,709.27001953125,709.407470703125,112913,0.0,0.0,0.0
2026-09-01 12:25:00-04:00,709.39501953125,709.5599975585938,709.260498046875,709.4299926757812,94813,0.0,0.0,0.0
2026-09-01 12:26:00-04:00,709.4249877929688,709.4450073242188,708.72998046875,708.77001953125,157563,0.0,0.0,0.0
2026-09-01 12:27:00-04:00,708.780029296875,709.0599975585938,708.6099853515625,708.760009765625,202100,0.0,0.0,0.0
2026-09-01 12:28:00-04:00,708.7849731445312,709.0599975585938,708.7849731445312,708.9912109375,39170,0.0,0.0,0.0
2026-09-01 12:29:00-04:00,709.0,709.0800170898438,708.9099731445312,708.989990234375,25012,0.0,0.0,0.0
2026-09-01 12:30:00-04:00,708.969970703125,709.135009765625,708.280029296875,708.280029296875,61957,0.0,0.0,0.0
2026-09-01 12:31:00-04:00,708.280029296875,708.3900146484375,708.0800170898438,708.3300170898438,76204,0.0,0.0,0.0
2026-09-01 12:32:00-04:00,708.3300170898438,708.39501953125,708.135009765625,708.3198852539062,45240,0.0,0.0,0.0
2026-09-01 12:33:00-04:00,708.3179931640625,708.510009765625,708.2598876953125,708.4849853515625,68832,0.0,0.0,0.0
2026-09-01 12:34:00-04:00,708.469970703125,708.469970703125,707.8900146484375,707.9450073242188,166826,0.0,0.0,0.0
2026-09-01 12:35:00-04:00,707.9349975585938,708.1898803710938,707.9099731445312,708.14501953125,114782,0.0,0.0,0.0
2026-09-01 12:36:00-04:00,708.1699829101562,708.364990234375,707.9650268554688,708.1630249023438,85202,0.0,0.0,0.0
2026-09-01 12:37:00-04:00,708.1400146484375,708.280029296875,707.989990234375,708.1900024414062,60163,0.0,0.0,0.0
2026-09-01 12:38:00-04:00,708.1900024414062,708.44970703125,708.1900024414062,708.2723999023438,69279,0.0,0.0,0.0
2026-09-01 12:39:00-04:00,708.260009765625,708.6400146484375,708.260009765625,708.6300048828125,69761,0.0,0.0,0.0
2026-09-01 12:40:00-04:00,708.6400146484375,708.6900024414062,708.35302734375,708.4000244140625,34228,0.0,0.0,0.0
2026-09-01 12:41:00-04:00,708.427978515625,708.739990234375,708.4201049804688,708.6900024414062,63612,0.0,0.0,0.0
2026-09-01 12:42:00-04:00,708.7000122070312,708.7000122070312,708.0999755859375,708.0999755859375,65597,0.0,0.0,0.0
2026-09-01 12:43:00-04:00,708.0650024414062,708.4400024414062,708.0499877929688,708.25,380050,0.0,0.0,0.0
2026-09-01 12:44:00-04:00,708.239990234375,708.2899780273438,707.9550170898438,707.97998046875,56651,0.0,0.0,0.0
2026-09-01 12:45:00-04:00,707.97998046875,708.1900024414062,707.8699951171875,708.1900024414062,46575,0.0,0.0,0.0
2026-09-01 12:46:00-04:00,708.1593017578125,708.280029296875,708.02001953125,708.125,30905,0.0,0.0,0.0
2026-09-01 12:47:00-04:00,708.0900268554688,708.2899780273438,708.0900268554688,708.1600952148438,46519,0.0,0.0,0.0
2026-09-01 12:48:00-04:00,708.1900024414062,708.4349975585938,708.1699829101562,708.4262084960938,39872,0.0,0.0,0.0
2026-09-01 12:49:00-04:00,708.3900146484375,708.5900268554688,708.3900146484375,708.5499877929688,61097,0.0,0.0,0.0
2026-09-01 12:50:00-04:00,708.551025390625,708.7000122070312,708.4400024414062,708.7000122070312,52291,0.0,0.0,0.0
2026-09-01 12:51:00-04:00,708.6900024414062,708.6900024414062,708.5,708.5499877929688,29668,0.0,0.0,0.0
2026-09-01 12:52:00-04:00,708.5499877929688,708.6599731445312,708.3400268554688,708.5592041015625,40820,0.0,0.0,0.0
2026-09-01 12:53:00-04:00,708.5499877929688,708.6599731445312,708.4400024414062,708.4400024414062,120846,0.0,0.0,0.0
2026-09-01 12:54:00-04:00,708.4400024414062,708.6599731445312,708.4000244140625,708.6099853515625,25283,0.0,0.0,0.0
2026-09-01 12:55:00-04:00,708.6300048828125,709.0999755859375,708.6300048828125,709.030029296875,72543,0.0,0.0,0.0
2026-09-01 12:56:00-04:00,709.0499877929688,709.1699829101562,708.969970703125,709.1599731445312,53878,0.0,0.0,0.0
2026-09-01 12:57:00-04:00,709.1699829101562,709.22998046875,709.0900268554688,709.1749877929688,45573,0.0,0.0,0.0
2026-09-01 12:58:00-04:00,709.1749877929688,709.4400024414062,709.1749877929688,709.2899780273438,63377,0.0,0.0,0.0
2026-09-01 12:59:00-04:00,709.280029296875,709.4299926757812,709.27001953125,709.2899780273438,41478,0.0,0.0,0.0
2026-09-01 13:00:00-04:00,709.2999877929688,709.2999877929688,708.8201293945312,708.8699951171875,55967,0.0,0.0,0.0
2026-09-01 13:01:00-04:00,708.875,708.9199829101562,708.4901123046875,708.510009765625,49044,0.0,0.0,0.0
2026-09-01 13:02:00-04:00,708.5399780273438,708.6300048828125,708.3807983398438,708.4769897460938,39282,0.0,0.0,0.0
2026-09-01 13:03:00-04:00,708.4600219726562,708.6300048828125,708.4299926757812,708.469970703125,19662,0.0,0.0,0.0
2026-09-01 13:04:00-04:00,708.4299926757812,708.5800170898438,708.2899780273438,708.2999877929688,22509,0.0,0.0,0.0
2026-09-01 13:05:00-04:00,708.3298950195312,708.510009765625,708.2999877929688,708.344970703125,14261,0.0,0.0,0.0
2026-09-01 13:06:00-04:00,708.3250122070312,708.4500122070312,708.219970703125,708.3599853515625,23182,0.0,0.0,0.0
2026-09-01 13:07:00-04:00,708.3499755859375,708.3499755859375,708.0800170898438,708.1300048828125,21350,0.0,0.0,0.0
2026-09-01 13:08:00-04:00,708.1400146484375,708.22998046875,708.010009765625,708.0399780273438,43554,0.0,0.0,0.0
2026-09-01 13:09:00-04:00,708.02001953125,708.260009765625,708.010009765625,708.2540283203125,15124,0.0,0.0,0.0
2026-09-01 13:10:00-04:00,708.22998046875,708.2899780273438,708.0494995117188,708.0599975585938,60144,0.0,0.0,0.0
2026-09-01 13:11:00-04:00,708.0894165039062,708.4086303710938,708.0894165039062,708.3699951171875,20713,0.0,0.0,0.0
2026-09-01 13:12:00-04:00,708.3800048828125,708.5,708.3250122070312,708.4957885742188,26430,0.0,0.0,0.0
2026-09-01 13:13:00-04:00,708.5,708.6199951171875,708.3400268554688,708.3610229492188,26765,0.0,0.0,0.0
2026-09-01 13:14:00-04:00,708.3699951171875,708.5698852539062,708.3519897460938,708.3800048828125,10011,0.0,0.0,0.0
2026-09-01 13:15:00-04:00,708.4000244140625,708.599609375,708.3400268554688,708.469970703125,24328,0.0,0.0,0.0
2026-09-01 13:16:00-04:00,708.4600219726562,708.530029296875,707.8900146484375,707.9249877929688,29674,0.0,0.0,0.0
2026-09-01 13:17:00-04:00,707.9199829101562,708.0700073242188,707.89501953125,707.9500122070312,22663,0.0,0.0,0.0
2026-09-01 13:18:00-04:00,707.9400024414062,708.1849975585938,707.9249877929688,708.0426025390625,11363,0.0,0.0,0.0
2026-09-01 13:19:00-04:00,708.0599975585938,708.1099853515625,707.9600219726562,708.0599975585938,27002,0.0,0.0,0.0
2026-09-01 13:20:00-04:00,708.0399780273438,708.2694702148438,707.969970703125,708.125,24608,0.0,0.0,0.0
2026-09-01 13:21:00-04:00,708.1099853515625,708.1799926757812,707.9199829101562,708.0869750976562,25957,0.0,0.0,0.0
2026-09-01 13:22:00-04:00,708.1099853515625,708.2098999023438,708.0750122070312,708.1300048828125,14431,0.0,0.0,0.0
2026-09-01 13:23:00-04:00,708.0999755859375,708.1599731445312,707.8300170898438,707.8800048828125,29016,0.0,0.0,0.0
2026-09-01 13:24:00-04:00,707.9199829101562,708.010009765625,707.8599853515625,708.0001220703125,16973,0.0,0.0,0.0
2026-09-01 13:25:00-04:00,708.02001953125,708.1500244140625,707.0,707.739990234375,136896,0.0,0.0,0.0
2026-09-01 13:26:00-04:00,707.77001953125,707.8099975585938,707.5,707.510009765625,58907,0.0,0.0,0.0
2026-09-01 13:27:00-04:00,707.5189819335938,707.989990234375,707.4600830078125,707.8900146484375,37872,0.0,0.0,0.0
2026-09-01 13:28:00-04:00,707.9099731445312,707.9400024414062,707.6699829101562,707.89501953125,35173,0.0,0.0,0.0
2026-09-01 13:29:00-04:00,707.9299926757812,708.14501953125,707.8699951171875,708.0650024414062,39899,0.0,0.0,0.0
2026-09-01 13:30:00-04:00,708.0800170898438,708.468994140625,708.0150146484375,708.2849731445312,47372,0.0,0.0,0.0
2026-09-01 13:31:00-04:00,708.2899780273438,708.4500122070312,708.25,708.4450073242188,38861,0.0,0.0,0.0
2026-09-01 13:32:00-04:00,708.4349975585938,708.4500122070312,708.22998046875,708.2423095703125,25480,0.0,0.0,0.0
2026-09-01 13:33:00-04:00,708.219970703125,708.2449951171875,707.9749755859375,708.2349853515625,149090,0.0,0.0,0.0
2026-09-01 13:34:00-04:00,708.25,708.3800048828125,708.1900024414062,708.344970703125,35172,0.0,0.0,0.0
2026-09-01 13:35:00-04:00,708.3099975585938,708.52001953125,708.3099975585938,708.4400024414062,26733,0.0,0.0,0.0
2026-09-01 13:36:00-04:00,708.4154052734375,708.4298706054688,708.1500244140625,708.260009765625,17957,0.0,0.0,0.0
2026-09-01 13:37:00-04:00,708.25,708.3599853515625,708.1174926757812,708.25,14768,0.0,0.0,0.0
2026-09-01 13:38:00-04:00,708.1832885742188,708.25,708.0300903320312,708.1895141601562,18096,0.0,0.0,0.0
2026-09-01 13:39:00-04:00,708.193603515625,708.27001953125,708.0750122070312,708.0750122070312,5570,0.0,0.0,0.0
2026-09-01 13:40:00-04:00,708.0999755859375,708.280029296875,708.0532836914062,708.1400146484375,19057,0.0,0.0,0.0
2026-09-01 13:41:00-04:00,708.0800170898438,708.4500122070312,708.0800170898438,708.260009765625,21574,0.0,0.0,0.0
2026-09-01 13:42:00-04:00,708.260009765625,708.4099731445312,708.219970703125,708.3599853515625,8143,0.0,0.0,0.0
2026-09-01 13:43:00-04:00,708.3300170898438,708.3699951171875,708.1900024414062,708.22998046875,12383,0.0,0.0,0.0
2026-09-01 13:44:00-04:00,708.2449951171875,708.3300170898438,708.219970703125,708.3200073242188,18963,0.0,0.0,0.0
2026-09-01 13:45:00-04:00,708.2899780273438,708.2999877929688,708.1300048828125,708.135009765625,8071,0.0,0.0,0.0
2026-09-01 13:46:00-04:00,708.1400146484375,708.1500244140625,707.6599731445312,707.739990234375,31261,0.0,0.0,0.0
2026-09-01 13:47:00-04:00,707.7440185546875,707.9400024414062,707.7440185546875,707.9400024414062,115149,0.0,0.0,0.0
2026-09-01 13:48:00-04:00,707.9299926757812,707.9500122070312,707.6799926757812,707.6799926757812,20582,0.0,0.0,0.0
2026-09-01 13:49:00-04:00,707.719970703125,707.77001953125,707.6038818359375,707.6038818359375,18046,0.0,0.0,0.0
2026-09-01 13:50:00-04:00,707.5999755859375,707.7100219726562,707.5599975585938,707.6699829101562,22480,0.0,0.0,0.0
2026-09-01 13:51:00-04:00,707.6900024414062,707.9099731445312,707.5999755859375,707.89501953125,62481,0.0,0.0,0.0
2026-09-01 13:52:00-04:00,707.905029296875,707.9600219726562,707.7750244140625,707.8300170898438,28146,0.0,0.0,0.0
2026-09-01 13:53:00-04:00,707.8300170898438,707.8400268554688,707.5850219726562,707.5850219726562,15660,0.0,0.0,0.0
2026-09-01 13:54:00-04:00,707.5750122070312,707.6500244140625,707.47998046875,707.625,38890,0.0,0.0,0.0
2026-09-01 13:55:00-04:00,707.6300048828125,707.6900024414062,707.5900268554688,707.614990234375,17938,0.0,0.0,0.0
2026-09-01 13:56:00-04:00,707.5900268554688,707.6300048828125,707.5,707.5700073242188,19396,0.0,0.0,0.0
2026-09-01 13:57:00-04:00,707.6099853515625,707.7050170898438,707.530029296875,707.5700073242188,43015,0.0,0.0,0.0
2026-09-01 13:58:00-04:00,707.6300048828125,707.9254150390625,707.5800170898438,707.9254150390625,16601,0.0,0.0,0.0
2026-09-01 13:59:00-04:00,707.9500122070312,708.0700073242188,707.9306030273438,708.010009765625,23462,0.0,0.0,0.0
2026-09-01 14:00:00-04:00,708.0,708.27001953125,707.8300170898438,707.9600219726562,37417,0.0,0.0,0.0
2026-09-01 14:01:00-04:00,707.9310302734375,708.0675048828125,707.8800048828125,707.885009765625,11065,0.0,0.0,0.0
2026-09-01 14:02:00-04:00,707.89501953125,708.0307006835938,707.8800048828125,708.010009765625,13852,0.0,0.0,0.0
2026-09-01 14:03:00-04:00,708.010009765625,708.0549926757812,707.8300170898438,707.8300170898438,10893,0.0,0.0,0.0
2026-09-01 14:04:00-04:00,707.8900146484375,707.8900146484375,707.5330810546875,707.5999755859375,27935,0.0,0.0,0.0
2026-09-01 14:05:00-04:00,707.6300048828125,707.6300048828125,707.4000244140625,707.489990234375,30257,0.0,0.0,0.0
2026-09-01 14:06:00-04:00,707.4600219726562,707.5399780273438,707.3218994140625,707.3400268554688,52988,0.0,0.0,0.0
2026-09-01 14:07:00-04:00,707.3499755859375,707.5999755859375,707.342529296875,707.5900268554688,49281,0.0,0.0,0.0
2026-09-01 14:08:00-04:00,707.5700073242188,707.60498046875,707.4600219726562,707.52001953125,39587,0.0,0.0,0.0
2026-09-01 14:09:00-04:00,707.469970703125,707.5700073242188,707.4000244140625,707.5700073242188,20315,0.0,0.0,0.0
2026-09-01 14:10:00-04:00,707.5119018554688,707.6500244140625,707.3400268554688,707.39501953125,29636,0.0,0.0,0.0
2026-09-01 14:11:00-04:00,707.39501953125,707.52001953125,707.3699951171875,707.4000244140625,33277,0.0,0.0,0.0
2026-09-01 14:12:00-04:00,707.4005737304688,707.510009765625,707.3699951171875,707.3699951171875,24432,0.0,0.0,0.0
2026-09-01 14:13:00-04:00,707.3599853515625,707.3599853515625,707.1799926757812,707.1799926757812,49873,0.0,0.0,0.0
2026-09-01 14:14:00-04:00,707.1838989257812,707.239990234375,707.0599975585938,707.10009765625,49969,0.0,0.0,0.0
2026-09-01 14:15:00-04:00,707.0999755859375,707.1300048828125,706.8801879882812,706.9550170898438,60832,0.0,0.0,0.0
2026-09-01 14:16:00-04:00,706.9500122070312,706.9500122070312,706.8099975585938,706.8900146484375,54493,0.0,0.0,0.0
2026-09-01 14:17:00-04:00,706.885009765625,707.3200073242188,706.8699951171875,707.3200073242188,60406,0.0,0.0,0.0
2026-09-01 14:18:00-04:00,707.3099975585938,707.3699951171875,707.240478515625,707.25,15695,0.0,0.0,0.0
2026-09-01 14:19:00-04:00,707.3300170898438,707.4199829101562,707.27001953125,707.3200073242188,29264,0.0,0.0,0.0
2026-09-01 14:20:00-04:00,707.3259887695312,707.3800048828125,707.2100219726562,707.3099975585938,28035,0.0,0.0,0.0
2026-09-01 14:21:00-04:00,707.3300170898438,707.39501953125,707.2437744140625,707.2899780273438,11980,0.0,0.0,0.0
2026-09-01 14:22:00-04:00,707.2949829101562,707.4099731445312,707.2899780273438,707.39990234375,144143,0.0,0.0,0.0
2026-09-01 14:23:00-04:00,707.3699951171875,707.4099731445312,707.1699829101562,707.2899780273438,21348,0.0,0.0,0.0
2026-09-01 14:24:00-04:00,707.3200073242188,707.4500122070312,707.2899780273438,707.4099731445312,21274,0.0,0.0,0.0
2026-09-01 14:25:00-04:00,707.3800048828125,707.3800048828125,707.02001953125,707.3599853515625,47064,0.0,0.0,0.0
2026-09-01 14:26:00-04:00,707.385009765625,707.3900146484375,707.1799926757812,707.2199096679688,17802,0.0,0.0,0.0
2026-09-01 14:27:00-04:00,707.2050170898438,707.2100219726562,706.9099731445312,706.9099731445312,33840,0.0,0.0,0.0
2026-09-01 14:28:00-04:00,706.8499755859375,706.8499755859375,706.6900024414062,706.77001953125,66137,0.0,0.0,0.0
2026-09-01 14:29:00-04:00,706.77001953125,706.8800048828125,706.7249755859375,706.8800048828125,34767,0.0,0.0,0.0
2026-09-01 14:30:00-04:00,706.8800048828125,706.9500122070312,706.7000122070312,706.7001953125,26880,0.0,0.0,0.0
2026-09-01 14:31:00-04:00,706.7100219726562,706.77001953125,706.6400146484375,706.655029296875,130720,0.0,0.0,0.0
2026-09-01 14:32:00-04:00,706.6699829101562,706.9600219726562,706.6500244140625,706.8400268554688,57568,0.0,0.0,0.0
2026-09-01 14:33:00-04:00,706.8599853515625,706.8599853515625,706.530029296875,706.5343017578125,64290,0.0,0.0,0.0
2026-09-01 14:34:00-04:00,706.530029296875,706.5399780273438,706.260009765625,706.3900146484375,65733,0.0,0.0,0.0
2026-09-01 14:35:00-04:00,706.35498046875,706.4901123046875,706.3400268554688,706.47998046875,43627,0.0,0.0,0.0
2026-09-01 14:36:00-04:00,706.4600219726562,706.5399780273438,706.3400268554688,706.3402099609375,25758,0.0,0.0,0.0
2026-09-01 14:37:00-04:00,706.3400268554688,706.3400268554688,706.0900268554688,706.1500244140625,101714,0.0,0.0,0.0
2026-09-01 14:38:00-04:00,706.1699829101562,706.27001953125,706.0900268554688,706.1300048828125,27670,0.0,0.0,0.0
2026-09-01 14:39:00-04:00,706.1199951171875,706.1599731445312,706.030029296875,706.0798950195312,50259,0.0,0.0,0.0
2026-09-01 14:40:00-04:00,706.0750122070312,706.1599731445312,706.0499877929688,706.0599975585938,96693,0.0,0.0,0.0
2026-09-01 14:41:00-04:00,706.030029296875,706.0800170898438,705.6500244140625,705.6594848632812,77315,0.0,0.0,0.0
2026-09-01 14:42:00-04:00,705.64501953125,705.719970703125,705.3300170898438,705.3314819335938,120265,0.0,0.0,0.0
2026-09-01 14:43:00-04:00,705.3300170898438,705.4199829101562,705.1699829101562,705.22998046875,101272,0.0,0.0,0.0
2026-09-01 14:44:00-04:00,705.2100219726562,705.260009765625,704.9749755859375,705.0,131467,0.0,0.0,0.0
2026-09-01 14:45:00-04:00,704.989990234375,705.0900268554688,704.6799926757812,704.6898803710938,142761,0.0,0.0,0.0
2026-09-01 14:46:00-04:00,704.6900024414062,705.0399780273438,704.6599731445312,704.97998046875,134797,0.0,0.0,0.0
2026-09-01 14:47:00-04:00,705.0,705.2999877929688,704.9600219726562,705.2949829101562,110108,0.0,0.0,0.0
2026-09-01 14:48:00-04:00,705.2999267578125,705.3599853515625,704.9500122070312,705.0599975585938,102858,0.0,0.0,0.0
2026-09-01 14:49:00-04:00,705.0900268554688,705.6500244140625,705.0900268554688,705.6300048828125,121306,0.0,0.0,0.0
2026-09-01 14:50:00-04:00,705.5999755859375,705.7050170898438,705.4400024414062,705.5700073242188,93705,0.0,0.0,0.0
2026-09-01 14:51:00-04:00,705.510009765625,705.6599731445312,705.4299926757812,705.5,46305,0.0,0.0,0.0
2026-09-01 14:52:00-04:00,705.5,705.8699951171875,705.4420166015625,705.719970703125,55913,0.0,0.0,0.0
2026-09-01 14:53:00-04:00,705.7000122070312,705.780029296875,705.5800170898438,705.7252197265625,56748,0.0,0.0,0.0
2026-09-01 14:54:00-04:00,705.719970703125,705.8300170898438,705.655029296875,705.7849731445312,37217,0.0,0.0,0.0
2026-09-01 14:55:00-04:00,705.7100830078125,706.0700073242188,705.7100830078125,706.0050048828125,40447,0.0,0.0,0.0
2026-09-01 14:56:00-04:00,705.989990234375,706.4600219726562,705.97998046875,706.4199829101562,77746,0.0,0.0,0.0
2026-09-01 14:57:00-04:00,706.4000244140625,706.5,706.1300048828125,706.1401977539062,63134,0.0,0.0,0.0
2026-09-01 14:58:00-04:00,706.159912109375,706.5399780273438,706.142822265625,706.4400024414062,59853,0.0,0.0,0.0
2026-09-01 14:59:00-04:00,706.469970703125,706.5700073242188,706.3800048828125,706.4232177734375,31593,0.0,0.0,0.0
2026-09-01 15:00:00-04:00,706.4450073242188,706.8099975585938,706.3314208984375,706.6199951171875,60479,0.0,0.0,0.0
2026-09-01 15:01:00-04:00,706.6300048828125,706.6599731445312,706.3099975585938,706.47998046875,109187,0.0,0.0,0.0
2026-09-01 15:02:00-04:00,706.4450073242188,706.5800170898438,706.3800048828125,706.5,101039,0.0,0.0,0.0
2026-09-01 15:03:00-04:00,706.510009765625,706.9000244140625,706.4550170898438,706.8599853515625,44118,0.0,0.0,0.0
2026-09-01 15:04:00-04:00,706.8475952148438,707.1099853515625,706.7949829101562,706.9849853515625,71340,0.0,0.0,0.0
2026-09-01 15:05:00-04:00,707.0,707.0695190429688,706.75,706.9000244140625,68197,0.0,0.0,0.0
2026-09-01 15:06:00-04:00,706.9000244140625,707.239990234375,706.844970703125,707.0700073242188,62871,0.0,0.0,0.0
2026-09-01 15:07:00-04:00,707.0800170898438,707.125,706.8599853515625,706.9299926757812,60571,0.0,0.0,0.0
2026-09-01 15:08:00-04:00,706.9600219726562,707.0363159179688,706.760009765625,707.0349731445312,45705,0.0,0.0,0.0
2026-09-01 15:09:00-04:00,707.0599975585938,707.139892578125,706.969970703125,707.0910034179688,20183,0.0,0.0,0.0
2026-09-01 15:10:00-04:00,707.0900268554688,707.260009765625,706.9849853515625,707.1900024414062,42761,0.0,0.0,0.0
2026-09-01 15:11:00-04:00,707.2100219726562,707.4500122070312,707.1950073242188,707.22998046875,85096,0.0,0.0,0.0
2026-09-01 15:12:00-04:00,707.22998046875,707.3300170898438,707.02001953125,707.3099975585938,32482,0.0,0.0,0.0
2026-09-01 15:13:00-04:00,707.2899780273438,707.3699951171875,707.2000122070312,707.2999877929688,29699,0.0,0.0,0.0
2026-09-01 15:14:00-04:00,707.3200073242188,707.52001953125,707.2999877929688,707.489990234375,148537,0.0,0.0,0.0
2026-09-01 15:15:00-04:00,707.5399780273438,707.6199951171875,707.4000244140625,707.5800170898438,55587,0.0,0.0,0.0
2026-09-01 15:16:00-04:00,707.6083984375,707.6199951171875,707.2899780273438,707.3800048828125,53726,0.0,0.0,0.0
2026-09-01 15:17:00-04:00,707.4000244140625,707.5297241210938,707.239990234375,707.3200073242188,45952,0.0,0.0,0.0
2026-09-01 15:18:00-04:00,707.3300170898438,707.47998046875,707.239990234375,707.3800048828125,43139,0.0,0.0,0.0
2026-09-01 15:19:00-04:00,707.3800048828125,707.5,707.280029296875,707.375,141728,0.0,0.0,0.0
2026-09-01 15:20:00-04:00,707.3900146484375,707.4400024414062,707.10498046875,707.1099853515625,56354,0.0,0.0,0.0
2026-09-01 15:21:00-04:00,707.0999755859375,707.2694091796875,707.0999755859375,707.2050170898438,69049,0.0,0.0,0.0
2026-09-01 15:22:00-04:00,707.219970703125,707.5125732421875,707.1500244140625,707.4310302734375,196774,0.0,0.0,0.0
2026-09-01 15:23:00-04:00,707.4400024414062,707.590087890625,707.3699951171875,707.52001953125,230589,0.0,0.0,0.0
2026-09-01 15:24:00-04:00,707.510009765625,707.5189208984375,707.3699951171875,707.4249877929688,34139,0.0,0.0,0.0
2026-09-01 15:25:00-04:00,707.4299926757812,707.5750122070312,707.3333129882812,707.3720092773438,48693,0.0,0.0,0.0
2026-09-01 15:26:00-04:00,707.4000244140625,707.4500122070312,707.3300170898438,707.3900146484375,29142,0.0,0.0,0.0
2026-09-01 15:27:00-04:00,707.4099731445312,707.4400024414062,707.2913818359375,707.3099975585938,30494,0.0,0.0,0.0
2026-09-01 15:28:00-04:00,707.3599853515625,707.5499877929688,707.3200073242188,707.5449829101562,34377,0.0,0.0,0.0
2026-09-01 15:29:00-04:00,707.5499877929688,707.72998046875,707.530029296875,707.6500244140625,58900,0.0,0.0,0.0
2026-09-01 15:30:00-04:00,707.6599731445312,707.7000122070312,707.2899780273438,707.2999877929688,43679,0.0,0.0,0.0
2026-09-01 15:31:00-04:00,707.2899780273438,707.3599853515625,706.9949951171875,707.0349731445312,90472,0.0,0.0,0.0
2026-09-01 15:32:00-04:00,707.0399780273438,707.0599975585938,706.8499755859375,706.9600219726562,102218,0.0,0.0,0.0
2026-09-01 15:33:00-04:00,706.989990234375,707.1666259765625,706.9749755859375,707.1500244140625,37631,0.0,0.0,0.0
2026-09-01 15:34:00-04:00,707.1400146484375,707.4949951171875,707.1199951171875,707.47998046875,44574,0.0,0.0,0.0
2026-09-01 15:35:00-04:00,707.469970703125,707.5883178710938,707.2899780273438,707.5650024414062,53760,0.0,0.0,0.0
2026-09-01 15:36:00-04:00,707.530029296875,707.530029296875,707.1599731445312,707.260009765625,39336,0.0,0.0,0.0
2026-09-01 15:37:00-04:00,707.2650146484375,707.27001953125,707.139892578125,707.22998046875,32821,0.0,0.0,0.0
2026-09-01 15:38:00-04:00,707.2283935546875,707.25,707.1190185546875,707.2000732421875,46904,0.0,0.0,0.0
2026-09-01 15:39:00-04:00,707.2100219726562,707.3300170898438,707.0999755859375,707.0999755859375,60383,0.0,0.0,0.0
2026-09-01 15:40:00-04:00,707.1099853515625,707.385009765625,706.9802856445312,707.3800048828125,29564,0.0,0.0,0.0
2026-09-01 15:41:00-04:00,707.3900146484375,707.5599975585938,707.375,707.510009765625,76397,0.0,0.0,0.0
2026-09-01 15:42:00-04:00,707.5,707.52001953125,707.1799926757812,707.1799926757812,38121,0.0,0.0,0.0
2026-09-01 15:43:00-04:00,707.1649780273438,707.3699951171875,707.114990234375,707.3599853515625,46741,0.0,0.0,0.0
2026-09-01 15:44:00-04:00,707.2999877929688,707.4600219726562,707.2999877929688,707.4500122070312,46651,0.0,0.0,0.0
2026-09-01 15:45:00-04:00,707.469970703125,707.780029296875,707.3499755859375,707.3499755859375,80722,0.0,0.0,0.0
2026-09-01 15:46:00-04:00,707.344970703125,707.5800170898438,707.3300170898438,707.5349731445312,51504,0.0,0.0,0.0
2026-09-01 15:47:00-04:00,707.5349731445312,707.8300170898438,707.5349731445312,707.7899780273438,74320,0.0,0.0,0.0
2026-09-01 15:48:00-04:00,707.7899780273438,707.9849853515625,707.75,707.9199829101562,131685,0.0,0.0,0.0
2026-09-01 15:49:00-04:00,707.9149780273438,707.989990234375,707.6300048828125,707.7949829101562,226854,0.0,0.0,0.0
2026-09-01 15:50:00-04:00,707.780029296875,707.780029296875,707.4400024414062,707.75,125012,0.0,0.0,0.0
2026-09-01 15:51:00-04:00,707.72998046875,707.780029296875,707.4000244140625,707.469970703125,111753,0.0,0.0,0.0
2026-09-01 15:52:00-04:00,707.4500122070312,707.52001953125,707.1599731445312,707.2081909179688,192807,0.0,0.0,0.0
2026-09-01 15:53:00-04:00,707.2150268554688,707.2150268554688,706.6699829101562,706.77001953125,513335,0.0,0.0,0.0
2026-09-01 15:54:00-04:00,706.760009765625,707.1337890625,706.7100219726562,707.0800170898438,260070,0.0,0.0,0.0
2026-09-01 15:55:00-04:00,707.0900268554688,707.5800170898438,707.0900268554688,707.3800048828125,267646,0.0,0.0,0.0
2026-09-01 15:56:00-04:00,707.3499755859375,707.3499755859375,706.9199829101562,707.0499877929688,295119,0.0,0.0,0.0
2026-09-01 15:57:00-04:00,707.0399780273438,707.1300048828125,706.9199829101562,707.1300048828125,139962,0.0,0.0,0.0
2026-09-01 15:58:00-04:00,707.1300048828125,707.510009765625,707.010009765625,707.4450073242188,593135,0.0,0.0,0.0
2026-09-01 15:59:00-04:00,707.4450073242188,708.5499877929688,707.280029296875,707.655029296875,693854,0.0,0.0,0.0
2026-09-02 09:30:00-04:00,707.1099853515625,707.1099853515625,705.77001953125,706.3200073242188,1624092,0.0,0.0,0.0
2026-09-02 09:31:00-04:00,706.25,706.739990234375,705.8200073242188,706.0050048828125,185961,0.0,0.0,0.0
2026-09-02 09:32:00-04:00,706.02001953125,706.7296142578125,706.0,706.625,71144,0.0,0.0,0.0
2026-09-02 09:33:00-04:00,706.7000122070312,706.8099975585938,706.2000122070312,706.4500122070312,90534,0.0,0.0,0.0
2026-09-02 09:34:00-04:00,706.4500122070312,706.8300170898438,706.3499755859375,706.6900024414062,81950,0.0,0.0,0.0
2026-09-02 09:35:00-04:00,706.72998046875,706.8699951171875,706.1099853515625,706.2849731445312,180874,0.0,0.0,0.0
2026-09-02 09:36:00-04:00,706.280029296875,706.3900146484375,705.9000244140625,705.9500122070312,117227,0.0,0.0,0.0
2026-09-02 09:37:00-04:00,705.9249877929688,706.1199951171875,705.5800170898438,705.8200073242188,116590,0.0,0.0,0.0
2026-09-02 09:38:00-04:00,705.780029296875,706.1799926757812,705.6649780273438,706.030029296875,63261,0.0,0.0,0.0
2026-09-02 09:39:00-04:00,706.0700073242188,706.7999877929688,705.9636840820312,706.7999877929688,57013,0.0,0.0,0.0
2026-09-02 09:40:00-04:00,706.8400268554688,707.3099975585938,706.52001953125,707.1300048828125,185160,0.0,0.0,0.0
2026-09-02 09:41:00-04:00,707.114990234375,707.4000244140625,706.9099731445312,707.2650146484375,133345,0.0,0.0,0.0
2026-09-02 09:42:00-04:00,707.280029296875,707.5399780273438,707.1400146484375,707.4000244140625,92931,0.0,0.0,0.0
2026-09-02 09:43:00-04:00,707.3599853515625,707.3599853515625,706.6749877929688,706.72998046875,103197,0.0,0.0,0.0
2026-09-02 09:44:00-04:00,706.6799926757812,707.0700073242188,706.6599731445312,706.8699951171875,56534,0.0,0.0,0.0
2026-09-02 09:45:00-04:00,706.8900146484375,707.4000244140625,706.2999877929688,706.6199951171875,198903,0.0,0.0,0.0
2026-09-02 09:46:00-04:00,706.5999755859375,706.7000122070312,705.9199829101562,706.25,104296,0.0,0.0,0.0
2026-09-02 09:47:00-04:00,706.2050170898438,706.760009765625,706.2050170898438,706.6146240234375,58135,0.0,0.0,0.0
2026-09-02 09:48:00-04:00,706.5999755859375,706.6699829101562,706.2100219726562,706.260009765625,68514,0.0,0.0,0.0
2026-09-02 09:49:00-04:00,706.260009765625,706.27001953125,705.719970703125,705.8699951171875,107463,0.0,0.0,0.0
2026-09-02 09:50:00-04:00,705.8599853515625,706.4400024414062,705.8599853515625,706.3900146484375,92843,0.0,0.0,0.0
2026-09-02 09:51:00-04:00,706.3400268554688,706.3400268554688,705.5599975585938,705.5999755859375,84202,0.0,0.0,0.0
2026-09-02 09:52:00-04:00,705.5900268554688,706.0599975585938,705.531005859375,705.72998046875,108964,0.0,0.0,0.0
2026-09-02 09:53:00-04:00,705.75,706.2000122070312,705.6649780273438,705.6649780273438,78489,0.0,0.0,0.0
2026-09-02 09:54:00-04:00,705.6849975585938,705.719970703125,705.2999877929688,705.3800048828125,100521,0.0,0.0,0.0
2026-09-02 09:55:00-04:00,705.4099731445312,705.4849853515625,705.1099853515625,705.413818359375,84200,0.0,0.0,0.0
2026-09-02 09:56:00-04:00,705.4000244140625,705.9400024414062,705.3200073242188,705.9099731445312,75208,0.0,0.0,0.0
2026-09-02 09:57:00-04:00,705.9000244140625,705.969970703125,705.3499755859375,705.3599853515625,54368,0.0,0.0,0.0
2026-09-02 09:58:00-04:00,705.3599853515625,705.7349853515625,705.3049926757812,705.4099731445312,61981,0.0,0.0,0.0
2026-09-02 09:59:00-04:00,705.405029296875,706.2890014648438,705.405029296875,706.1799926757812,56451,0.0,0.0,0.0
2026-09-02 10:00:00-04:00,706.1900024414062,706.1900024414062,705.7899780273438,706.0499877929688,37137,0.0,0.0,0.0
2026-09-02 10:01:00-04:00,706.0775146484375,706.2899780273438,705.9299926757812,705.97998046875,62159,0.0,0.0,0.0
2026-09-02 10:02:00-04:00,706.0,706.094970703125,705.5014038085938,706.0900268554688,74882,0.0,0.0,0.0
2026-09-02 10:03:00-04:00,706.0850219726562,706.155029296875,705.9550170898438,706.0449829101562,43733,0.0,0.0,0.0
2026-09-02 10:04:00-04:00,706.0549926757812,706.6799926757812,706.0549926757812,706.6799926757812,83411,0.0,0.0,0.0
2026-09-02 10:05:00-04:00,706.6799926757812,707.0999755859375,706.6400146484375,706.844970703125,117837,0.0,0.0,0.0
2026-09-02 10:06:00-04:00,706.8350219726562,707.0700073242188,706.6599731445312,707.02001953125,82438,0.0,0.0,0.0
2026-09-02 10:07:00-04:00,707.0499877929688,707.3400268554688,707.02001953125,707.1900024414062,116729,0.0,0.0,0.0
2026-09-02 10:08:00-04:00,707.1849975585938,707.25,706.875,707.0499267578125,38489,0.0,0.0,0.0
2026-09-02 10:09:00-04:00,707.1099853515625,707.4500122070312,706.9099731445312,707.0302124023438,231995,0.0,0.0,0.0
2026-09-02 10:10:00-04:00,707.02001953125,707.6599731445312,707.02001953125,707.3895263671875,55019,0.0,0.0,0.0
2026-09-02 10:11:00-04:00,707.3099975585938,707.4099731445312,707.2000122070312,707.3900146484375,477518,0.0,0.0,0.0
2026-09-02 10:12:00-04:00,707.3900146484375,707.4295043945312,706.8308715820312,707.1500244140625,40999,0.0,0.0,0.0
2026-09-02 10:13:00-04:00,707.1599731445312,707.530029296875,707.1500244140625,707.530029296875,28215,0.0,0.0,0.0
2026-09-02 10:14:00-04:00,707.5499877929688,707.77001953125,707.47998046875,707.760009765625,58441,0.0,0.0,0.0
2026-09-02 10:15:00-04:00,707.760009765625,707.9000244140625,707.5800170898438,707.8400268554688,81974,0.0,0.0,0.0
2026-09-02 10:16:00-04:00,707.8599853515625,708.1300048828125,707.8599853515625,708.1199951171875,100855,0.0,0.0,0.0
2026-09-02 10:17:00-04:00,708.1199951171875,708.260009765625,708.02001953125,708.2305297851562,57857,0.0,0.0,0.0
2026-09-02 10:18:00-04:00,708.22998046875,708.489990234375,708.0800170898438,708.3294067382812,61363,0.0,0.0,0.0
2026-09-02 10:19:00-04:00,708.4091186523438,708.5997924804688,708.3699951171875,708.5599975585938,55278,0.0,0.0,0.0
2026-09-02 10:20:00-04:00,708.5599975585938,708.75,708.3068237304688,708.3200073242188,85123,0.0,0.0,0.0
2026-09-02 10:21:00-04:00,708.3400268554688,708.9483032226562,708.3400268554688,708.9483032226562,70523,0.0,0.0,0.0
2026-09-02 10:22:00-04:00,708.9500122070312,709.1099853515625,708.8800048828125,709.0,91256,0.0,0.0,0.0
2026-09-02 10:23:00-04:00,709.0985717773438,709.22998046875,708.860107421875,709.1950073242188,73135,0.0,0.0,0.0
2026-09-02 10:24:00-04:00,709.1599731445312,709.1599731445312,708.7999877929688,708.8599853515625,55365,0.0,0.0,0.0
2026-09-02 10:25:00-04:00,708.8499755859375,708.97998046875,708.5700073242188,708.7459716796875,56940,0.0,0.0,0.0
2026-09-02 10:26:00-04:00,708.7550048828125,709.22998046875,708.7420043945312,709.22998046875,265947,0.0,0.0,0.0
2026-09-02 10:27:00-04:00,709.1849975585938,709.1900024414062,708.8300170898438,708.969970703125,24956,0.0,0.0,0.0
2026-09-02 10:28:00-04:00,708.97998046875,709.1799926757812,708.9400024414062,709.1799926757812,25688,0.0,0.0,0.0
2026-09-02 10:29:00-04:00,709.2000122070312,709.3359985351562,709.0800170898438,709.2000122070312,55555,0.0,0.0,0.0
2026-09-02 10:30:00-04:00,709.1599731445312,709.2999877929688,708.8599853515625,708.9299926757812,48936,0.0,0.0,0.0
2026-09-02 10:31:00-04:00,708.9000244140625,709.3099975585938,708.9000244140625,709.280029296875,65234,0.0,0.0,0.0
2026-09-02 10:32:00-04:00,709.239990234375,709.27001953125,708.97998046875,709.010009765625,62445,0.0,0.0,0.0
2026-09-02 10:33:00-04:00,708.97998046875,709.27001953125,708.8800048828125,709.260009765625,51326,0.0,0.0,0.0
2026-09-02 10:34:00-04:00,709.239990234375,709.6599731445312,709.219970703125,709.6199951171875,120136,0.0,0.0,0.0
2026-09-02 10:35:00-04:00,709.6500244140625,709.798828125,709.489990234375,709.489990234375,78714,0.0,0.0,0.0
2026-09-02 10:36:00-04:00,709.5499877929688,709.6199951171875,709.3201293945312,709.5338134765625,42632,0.0,0.0,0.0
2026-09-02 10:37:00-04:00,709.530029296875,709.6099853515625,709.3699951171875,709.3699951171875,38299,0.0,0.0,0.0
2026-09-02 10:38:00-04:00,709.3800048828125,709.4000244140625,708.9099731445312,708.9500732421875,83635,0.0,0.0,0.0
2026-09-02 10:39:00-04:00,709.0,709.2098999023438,708.77001953125,709.2070922851562,59735,0.0,0.0,0.0
2026-09-02 10:40:00-04:00,709.1799926757812,709.469970703125,709.1400146484375,709.364990234375,52277,0.0,0.0,0.0
2026-09-02 10:41:00-04:00,709.385009765625,709.469970703125,709.030517578125,709.1199951171875,96464,0.0,0.0,0.0
2026-09-02 10:42:00-04:00,709.0999755859375,709.5399780273438,709.0919799804688,709.1900024414062,73768,0.0,0.0,0.0
2026-09-02 10:43:00-04:00,709.1699829101562,709.4400024414062,709.1099853515625,709.4199829101562,38527,0.0,0.0,0.0
2026-09-02 10:44:00-04:00,709.4500122070312,709.5999755859375,709.3599853515625,709.5700073242188,83392,0.0,0.0,0.0
2026-09-02 10:45:00-04:00,709.5900268554688,709.5999755859375,709.1309814453125,709.139892578125,77253,0.0,0.0,0.0
2026-09-02 10:46:00-04:00,709.1373291015625,709.1796264648438,708.9500122070312,708.9765014648438,67900,0.0,0.0,0.0
2026-09-02 10:47:00-04:00,708.97998046875,709.030029296875,708.8499755859375,708.9000244140625,68899,0.0,0.0,0.0
2026-09-02 10:48:00-04:00,708.8900146484375,708.9400024414062,708.5499877929688,708.5700073242188,82181,0.0,0.0,0.0
2026-09-02 10:49:00-04:00,708.5700073242188,708.5999755859375,708.2999877929688,708.5900268554688,84865,0.0,0.0,0.0
2026-09-02 10:50:00-04:00,708.5800170898438,708.5800170898438,708.0999755859375,708.0999755859375,39849,0.0,0.0,0.0
2026-09-02 10:51:00-04:00,708.0999755859375,708.4000244140625,708.0900268554688,708.4000244140625,53653,0.0,0.0,0.0
2026-09-02 10:52:00-04:00,708.3400268554688,708.3499755859375,708.10498046875,708.14501953125,33874,0.0,0.0,0.0
2026-09-02 10:53:00-04:00,708.1300048828125,708.155029296875,707.8099975585938,707.8800048828125,51696,0.0,0.0,0.0
2026-09-02 10:54:00-04:00,707.9163208007812,707.969970703125,707.6500854492188,707.8699951171875,55225,0.0,0.0,0.0
2026-09-02 10:55:00-04:00,707.8499755859375,708.0999755859375,707.8099975585938,707.9099731445312,59833,0.0,0.0,0.0
2026-09-02 10:56:00-04:00,707.9500122070312,707.9765014648438,707.6900024414062,707.7490234375,48693,0.0,0.0,0.0
2026-09-02 10:57:00-04:00,707.7899780273438,707.989990234375,707.6900024414062,707.96240234375,93165,0.0,0.0,0.0
2026-09-02 10:58:00-04:00,708.010009765625,708.02001953125,707.530029296875,707.64990234375,40629,0.0,0.0,0.0
2026-09-02 10:59:00-04:00,707.625,707.6400146484375,707.4299926757812,707.5999755859375,107059,0.0,0.0,0.0
2026-09-02 11:00:00-04:00,707.5900268554688,707.6400146484375,707.3250122070312,707.39501953125,60480,0.0,0.0,0.0
2026-09-02 11:01:00-04:00,707.4099731445312,707.5203247070312,707.2974853515625,707.3699951171875,49539,0.0,0.0,0.0
2026-09-02 11:02:00-04:00,707.39501953125,707.6799926757812,707.39501953125,707.6748046875,41224,0.0,0.0,0.0
2026-09-02 11:03:00-04:00,707.6649780273438,708.218017578125,707.6300048828125,708.2000122070312,47366,0.0,0.0,0.0
2026-09-02 11:04:00-04:00,708.2138061523438,708.239990234375,707.760009765625,708.0499877929688,41606,0.0,0.0,0.0
2026-09-02 11:05:00-04:00,708.0700073242188,708.135009765625,707.8079833984375,708.0399780273438,28465,0.0,0.0,0.0
2026-09-02 11:06:00-04:00,708.0599975585938,708.4099731445312,708.0599975585938,708.344970703125,49214,0.0,0.0,0.0
2026-09-02 11:07:00-04:00,708.3466796875,708.405029296875,708.0250244140625,708.0999755859375,34805,0.0,0.0,0.0
2026-09-02 11:08:00-04:00,708.0900268554688,708.27001953125,708.0700073242188,708.219970703125,24519,0.0,0.0,0.0
2026-09-02 11:09:00-04:00,708.22998046875,708.4400024414062,708.1599731445312,708.4199829101562,42456,0.0,0.0,0.0
2026-09-02 11:10:00-04:00,708.4099731445312,708.4099731445312,708.1699829101562,708.219970703125,40918,0.0,0.0,0.0
2026-09-02 11:11:00-04:00,708.25,708.7100219726562,708.1099853515625,708.6799926757812,84571,0.0,0.0,0.0
2026-09-02 11:12:00-04:00,708.6900024414062,708.77001953125,708.1900024414062,708.219970703125,44318,0.0,0.0,0.0
2026-09-02 11:13:00-04:00,708.219970703125,708.4000244140625,708.130126953125,708.1439208984375,20627,0.0,0.0,0.0
2026-09-02 11:14:00-04:00,708.1749877929688,708.5999755859375,708.1749877929688,708.52001953125,29129,0.0,0.0,0.0
2026-09-02 11:15:00-04:00,708.5399780273438,708.7899780273438,708.3800048828125,708.7899780273438,62086,0.0,0.0,0.0
2026-09-02 11:16:00-04:00,708.7999877929688,708.9000244140625,708.6900024414062,708.8300170898438,39026,0.0,0.0,0.0
2026-09-02 11:17:00-04:00,708.8452758789062,708.969970703125,708.7899780273438,708.9099731445312,50109,0.0,0.0,0.0
2026-09-02 11:18:00-04:00,708.9099731445312,709.1099853515625,708.8485717773438,709.0800170898438,46140,0.0,0.0,0.0
2026-09-02 11:19:00-04:00,709.0900268554688,709.280029296875,709.0800170898438,709.1699829101562,36795,0.0,0.0,0.0
2026-09-02 11:20:00-04:00,709.1699829101562,709.2449951171875,709.1199951171875,709.1849975585938,22603,0.0,0.0,0.0
2026-09-02 11:21:00-04:00,709.1849975585938,709.239990234375,708.9249877929688,708.9301147460938,122584,0.0,0.0,0.0
2026-09-02 11:22:00-04:00,708.9550170898438,709.135009765625,708.9295043945312,709.1099853515625,18849,0.0,0.0,0.0
2026-09-02 11:23:00-04:00,709.114990234375,709.114990234375,708.7899780273438,708.7999877929688,33729,0.0,0.0,0.0
2026-09-02 11:24:00-04:00,708.8200073242188,709.0999755859375,708.780029296875,709.0150146484375,86309,0.0,0.0,0.0
2026-09-02 11:25:00-04:00,709.0449829101562,709.4320068359375,709.0449829101562,709.4000244140625,25007,0.0,0.0,0.0
2026-09-02 11:26:00-04:00,709.4000244140625,709.4080200195312,709.2537841796875,709.2899780273438,12897,0.0,0.0,0.0
2026-09-02 11:27:00-04:00,709.2899780273438,709.344970703125,709.1699829101562,709.3300170898438,28624,0.0,0.0,0.0
2026-09-02 11:28:00-04:00,709.3400268554688,709.719970703125,709.3300170898438,709.5349731445312,85565,0.0,0.0,0.0
2026-09-02 11:29:00-04:00,709.5700073242188,709.7000122070312,709.530029296875,709.64501953125,26357,0.0,0.0,0.0
2026-09-02 11:30:00-04:00,709.6699829101562,709.7399291992188,709.3800048828125,709.3800048828125,69278,0.0,0.0,0.0
2026-09-02 11:31:00-04:00,709.3800048828125,709.5850219726562,709.344970703125,709.5850219726562,26818,0.0,0.0,0.0
2026-09-02 11:32:00-04:00,709.5850219726562,709.5850219726562,709.4099731445312,709.5349731445312,31903,0.0,0.0,0.0
2026-09-02 11:33:00-04:00,709.5,709.530029296875,709.2899780273438,709.47998046875,56921,0.0,0.0,0.0
2026-09-02 11:34:00-04:00,709.4400024414062,709.4600219726562,709.3200073242188,709.3599853515625,56102,0.0,0.0,0.0
2026-09-02 11:35:00-04:00,709.3400268554688,709.3900146484375,709.0599975585938,709.1300048828125,46936,0.0,0.0,0.0
2026-09-02 11:36:00-04:00,709.219970703125,709.5800170898438,709.2100219726562,709.5349731445312,62985,0.0,0.0,0.0
2026-09-02 11:37:00-04:00,709.5349731445312,709.5349731445312,709.3800048828125,709.3800048828125,18017,0.0,0.0,0.0
2026-09-02 11:38:00-04:00,709.388916015625,709.388916015625,709.1900024414062,709.239990234375,18432,0.0,0.0,0.0
2026-09-02 11:39:00-04:00,709.2100219726562,709.2449951171875,708.8599853515625,709.0,24095,0.0,0.0,0.0
2026-09-02 11:40:00-04:00,709.03369140625,709.25,708.989990234375,709.0399780273438,30186,0.0,0.0,0.0
2026-09-02 11:41:00-04:00,709.0499877929688,709.1820068359375,708.9801025390625,709.1599731445312,13852,0.0,0.0,0.0
2026-09-02 11:42:00-04:00,709.1300048828125,709.135009765625,708.9500122070312,709.010009765625,10424,0.0,0.0,0.0
2026-09-02 11:43:00-04:00,708.9600219726562,709.1749877929688,708.9199829101562,709.010009765625,56395,0.0,0.0,0.0
2026-09-02 11:44:00-04:00,709.1099853515625,709.2249755859375,709.0900268554688,709.14501953125,9412,0.0,0.0,0.0
2026-09-02 11:45:00-04:00,709.1199951171875,709.1199951171875,708.5,708.5067138671875,43055,0.0,0.0,0.0
2026-09-02 11:46:00-04:00,708.5399780273438,708.7498779296875,708.47998046875,708.7100219726562,19832,0.0,0.0,0.0
2026-09-02 11:47:00-04:00,708.7271118164062,708.760009765625,708.489990234375,708.5650024414062,17717,0.0,0.0,0.0
2026-09-02 11:48:00-04:00,708.5750122070312,708.6005249023438,708.2999877929688,708.357421875,18330,0.0,0.0,0.0
2026-09-02 11:49:00-04:00,708.3699951171875,708.4290161132812,708.1199951171875,708.1400146484375,37348,0.0,0.0,0.0
2026-09-02 11:50:00-04:00,708.1400146484375,708.2999877929688,708.0,708.10498046875,28506,0.0,0.0,0.0
2026-09-02 11:51:00-04:00,708.0700073242188,708.4299926757812,708.0067138671875,708.4149780273438,17140,0.0,0.0,0.0
2026-09-02 11:52:00-04:00,708.4199829101562,708.7000122070312,708.36328125,708.6599731445312,24725,0.0,0.0,0.0
2026-09-02 11:53:00-04:00,708.655029296875,708.7000122070312,708.260009765625,708.3250122070312,24408,0.0,0.0,0.0
2026-09-02 11:54:00-04:00,708.3400268554688,708.3637084960938,708.2550048828125,708.3499145507812,15840,0.0,0.0,0.0
2026-09-02 11:55:00-04:00,708.3544921875,708.47998046875,708.27001953125,708.27001953125,15033,0.0,0.0,0.0
2026-09-02 11:56:00-04:00,708.364990234375,708.364990234375,708.1199951171875,708.155029296875,7773,0.0,0.0,0.0
2026-09-02 11:57:00-04:00,708.1849975585938,708.473876953125,708.1849975585938,708.405029296875,7452,0.0,0.0,0.0
2026-09-02 11:58:00-04:00,708.4232177734375,709.1400146484375,708.4199829101562,709.1300048828125,44487,0.0,0.0,0.0
2026-09-02 11:59:00-04:00,709.125,709.3115844726562,709.0800170898438,709.1950073242188,40433,0.0,0.0,0.0
2026-09-02 12:00:00-04:00,709.2000122070312,709.239990234375,709.0256958007812,709.1699829101562,33704,0.0,0.0,0.0
2026-09-02 12:01:00-04:00,709.1829833984375,709.239990234375,709.0399780273438,709.0399780273438,219869,0.0,0.0,0.0
2026-09-02 12:02:00-04:00,709.0900268554688,709.1699829101562,708.9949951171875,709.030029296875,26459,0.0,0.0,0.0
2026-09-02 12:03:00-04:00,709.0200805664062,709.2000122070312,708.9199829101562,709.1599731445312,23148,0.0,0.0,0.0
2026-09-02 12:04:00-04:00,709.1500244140625,709.4600219726562,709.1199951171875,709.4400024414062,31310,0.0,0.0,0.0
2026-09-02 12:05:00-04:00,709.4349975585938,709.469970703125,709.19580078125,709.280029296875,17039,0.0,0.0,0.0
2026-09-02 12:06:00-04:00,709.2750244140625,709.3900146484375,709.1483764648438,709.2999877929688,7465,0.0,0.0,0.0
2026-09-02 12:07:00-04:00,709.3900146484375,709.47998046875,709.3699951171875,709.4000244140625,15217,0.0,0.0,0.0
2026-09-02 12:08:00-04:00,709.3599853515625,709.4249877929688,709.2899780273438,709.3800048828125,18963,0.0,0.0,0.0
2026-09-02 12:09:00-04:00,709.4000244140625,709.4099731445312,709.1801147460938,709.2000122070312,17506,0.0,0.0,0.0
2026-09-02 12:10:00-04:00,709.25,709.4099731445312,709.1849975585938,709.3800048828125,49071,0.0,0.0,0.0
2026-09-02 12:11:00-04:00,709.4099731445312,709.4099731445312,709.1900024414062,709.2249755859375,15183,0.0,0.0,0.0
2026-09-02 12:12:00-04:00,709.2100219726562,709.3189697265625,709.1599731445312,709.2650146484375,15165,0.0,0.0,0.0
2026-09-02 12:13:00-04:00,709.27001953125,709.3983764648438,709.1849975585938,709.2000122070312,47639,0.0,0.0,0.0
2026-09-02 12:14:00-04:00,709.219970703125,709.3599853515625,709.0900268554688,709.2000122070312,11583,0.0,0.0,0.0
2026-09-02 12:15:00-04:00,709.1599731445312,709.1599731445312,708.8599853515625,708.9144287109375,21753,0.0,0.0,0.0
2026-09-02 12:16:00-04:00,708.9050903320312,709.010009765625,708.7100219726562,708.7399291992188,16558,0.0,0.0,0.0
2026-09-02 12:17:00-04:00,708.72998046875,708.7999877929688,708.6300048828125,708.6400146484375,31536,0.0,0.0,0.0
2026-09-02 12:18:00-04:00,708.5999755859375,708.719970703125,708.5800170898438,708.6699829101562,33152,0.0,0.0,0.0
2026-09-02 12:19:00-04:00,708.6749877929688,708.8900146484375,708.6749877929688,708.8049926757812,9705,0.0,0.0,0.0
2026-09-02 12:20:00-04:00,708.8305053710938,708.9600219726562,708.7899780273438,708.864990234375,16164,0.0,0.0,0.0
2026-09-02 12:21:00-04:00,708.8200073242188,708.8499755859375,708.7050170898438,708.8200073242188,10333,0.0,0.0,0.0
2026-09-02 12:22:00-04:00,708.77001953125,708.8400268554688,708.6699829101562,708.719970703125,13887,0.0,0.0,0.0
2026-09-02 12:23:00-04:00,708.7249755859375,708.780029296875,708.5711059570312,708.6119995117188,13863,0.0,0.0,0.0
2026-09-02 12:24:00-04:00,708.6199951171875,708.7352294921875,708.530029296875,708.5900268554688,26124,0.0,0.0,0.0
2026-09-02 12:25:00-04:00,708.625,708.739990234375,708.5900268554688,708.5999755859375,6980,0.0,0.0,0.0
2026-09-02 12:26:00-04:00,708.5726928710938,708.6926879882812,708.3699951171875,708.3699951171875,18013,0.0,0.0,0.0
2026-09-02 12:27:00-04:00,708.4199829101562,708.469970703125,708.239990234375,708.280029296875,28464,0.0,0.0,0.0
2026-09-02 12:28:00-04:00,708.2999877929688,708.4000244140625,708.2999877929688,708.3300170898438,16557,0.0,0.0,0.0
2026-09-02 12:29:00-04:00,708.4099731445312,708.4099731445312,708.1699829101562,708.385009765625,20183,0.0,0.0,0.0
2026-09-02 12:30:00-04:00,708.3895263671875,708.469970703125,708.3400268554688,708.3800048828125,15298,0.0,0.0,0.0
2026-09-02 12:31:00-04:00,708.405029296875,708.8099975585938,708.405029296875,708.780029296875,41414,0.0,0.0,0.0
2026-09-02 12:32:00-04:00,708.780029296875,708.9199829101562,708.6599731445312,708.6895141601562,73304,0.0,0.0,0.0
2026-09-02 12:33:00-04:00,708.77001953125,708.77001953125,708.5150146484375,708.52001953125,7562,0.0,0.0,0.0
2026-09-02 12:34:00-04:00,708.5,708.780029296875,708.4901123046875,708.5999755859375,17478,0.0,0.0,0.0
2026-09-02 12:35:00-04:00,708.6400146484375,708.7899780273438,708.6400146484375,708.7100219726562,9236,0.0,0.0,0.0
2026-09-02 12:36:00-04:00,708.75,708.8699951171875,708.6099853515625,708.6400146484375,10849,0.0,0.0,0.0
2026-09-02 12:37:00-04:00,708.6799926757812,708.8875122070312,708.52099609375,708.8599853515625,23058,0.0,0.0,0.0
2026-09-02 12:38:00-04:00,708.75,708.8599853515625,708.5900268554688,708.6400146484375,32533,0.0,0.0,0.0
2026-09-02 12:39:00-04:00,708.5700073242188,708.6799926757812,708.5,708.5,21254,0.0,0.0,0.0
2026-09-02 12:40:00-04:00,708.530029296875,708.5399780273438,708.3707275390625,708.5399780273438,11458,0.0,0.0,0.0
2026-09-02 12:41:00-04:00,708.540283203125,708.540283203125,708.2899780273438,708.344970703125,13810,0.0,0.0,0.0
2026-09-02 12:42:00-04:00,708.3699951171875,708.3900146484375,708.1599731445312,708.1599731445312,9420,0.0,0.0,0.0
2026-09-02 12:43:00-04:00,708.1649780273438,708.22998046875,708.1300048828125,708.1900024414062,34391,0.0,0.0,0.0
2026-09-02 12:44:00-04:00,708.1799926757812,708.2000122070312,708.0499877929688,708.0599975585938,24477,0.0,0.0,0.0
2026-09-02 12:45:00-04:00,708.0499877929688,708.2459716796875,708.0499877929688,708.2299194335938,20349,0.0,0.0,0.0
2026-09-02 12:46:00-04:00,708.219970703125,708.3300170898438,708.1799926757812,708.22998046875,32259,0.0,0.0,0.0
2026-09-02 12:47:00-04:00,708.2431030273438,708.2431030273438,708.0499877929688,708.092529296875,16081,0.0,0.0,0.0
2026-09-02 12:48:00-04:00,708.0800170898438,708.1500244140625,708.0565795898438,708.0700073242188,78440,0.0,0.0,0.0
2026-09-02 12:49:00-04:00,708.0900268554688,708.2650146484375,708.0700073242188,708.25,20232,0.0,0.0,0.0
2026-09-02 12:50:00-04:00,708.27001953125,708.3200073242188,708.0599975585938,708.0703735351562,31017,0.0,0.0,0.0
2026-09-02 12:51:00-04:00,708.0784912109375,708.1699829101562,708.0200805664062,708.1599731445312,26909,0.0,0.0,0.0
2026-09-02 12:52:00-04:00,708.1500244140625,708.219970703125,707.97998046875,708.1325073242188,47494,0.0,0.0,0.0
2026-09-02 12:53:00-04:00,708.1400146484375,708.5579833984375,708.0900268554688,708.5579833984375,43776,0.0,0.0,0.0
2026-09-02 12:54:00-04:00,708.5700073242188,708.7150268554688,708.52001953125,708.6649780273438,28969,0.0,0.0,0.0
2026-09-02 12:55:00-04:00,708.6599731445312,708.72998046875,708.5131225585938,708.5399780273438,29647,0.0,0.0,0.0
2026-09-02 12:56:00-04:00,708.5399780273438,708.6950073242188,708.4299926757812,708.6300048828125,35614,0.0,0.0,0.0
2026-09-02 12:57:00-04:00,708.6699829101562,708.6699829101562,708.3900146484375,708.3900146484375,14052,0.0,0.0,0.0
2026-09-02 12:58:00-04:00,708.4176025390625,708.489990234375,708.3200073242188,708.3200073242188,15473,0.0,0.0,0.0
2026-09-02 12:59:00-04:00,708.2999877929688,708.4598999023438,708.280029296875,708.4199829101562,18264,0.0,0.0,0.0
2026-09-02 13:00:00-04:00,708.4500122070312,708.8599853515625,708.4500122070312,708.6799926757812,35454,0.0,0.0,0.0
2026-09-02 13:01:00-04:00,708.7471923828125,708.9000244140625,708.739990234375,708.89501953125,16027,0.0,0.0,0.0
2026-09-02 13:02:00-04:00,708.9099731445312,709.030029296875,708.8499755859375,709.030029296875,22859,0.0,0.0,0.0
2026-09-02 13:03:00-04:00,709.02001953125,709.0800170898438,708.8900146484375,708.8900146484375,36623,0.0,0.0,0.0
2026-09-02 13:04:00-04:00,708.8699951171875,708.9223022460938,708.7949829101562,708.8900146484375,29018,0.0,0.0,0.0
2026-09-02 13:05:00-04:00,708.8800048828125,708.969482421875,708.844970703125,708.8599853515625,20303,0.0,0.0,0.0
2026-09-02 13:06:00-04:00,708.8300170898438,708.8499755859375,708.7100219726562,708.7999877929688,22324,0.0,0.0,0.0
2026-09-02 13:07:00-04:00,708.780029296875,708.7949829101562,708.1837768554688,708.2009887695312,81379,0.0,0.0,0.0
2026-09-02 13:08:00-04:00,708.2000122070312,708.25,707.8150024414062,707.844970703125,39090,0.0,0.0,0.0
2026-09-02 13:09:00-04:00,707.8499755859375,707.9600219726562,707.7401123046875,707.844970703125,45657,0.0,0.0,0.0
2026-09-02 13:10:00-04:00,707.8350219726562,708.0399780273438,707.8049926757812,707.969970703125,36260,0.0,0.0,0.0
2026-09-02 13:11:00-04:00,707.969970703125,708.02001953125,707.8800048828125,707.9299926757812,45730,0.0,0.0,0.0
2026-09-02 13:12:00-04:00,707.9400024414062,708.0900268554688,707.8300170898438,708.0900268554688,42811,0.0,0.0,0.0
2026-09-02 13:13:00-04:00,708.0900268554688,708.2449951171875,708.010009765625,708.2100219726562,62722,0.0,0.0,0.0
2026-09-02 13:14:00-04:00,708.2050170898438,708.3599853515625,708.1699829101562,708.1799926757812,27099,0.0,0.0,0.0
2026-09-02 13:15:00-04:00,708.2000122070312,708.2214965820312,708.030029296875,708.2214965820312,33977,0.0,0.0,0.0
2026-09-02 13:16:00-04:00,708.2128295898438,708.2150268554688,708.0029907226562,708.114990234375,17058,0.0,0.0,0.0
2026-09-02 13:17:00-04:00,708.1099853515625,708.1099853515625,707.8499755859375,707.8499755859375,12104,0.0,0.0,0.0
2026-09-02 13:18:00-04:00,707.8800048828125,707.9000244140625,707.719970703125,707.739501953125,17603,0.0,0.0,0.0
2026-09-02 13:19:00-04:00,707.719970703125,707.8599853515625,707.719970703125,707.8599853515625,18269,0.0,0.0,0.0
2026-09-02 13:20:00-04:00,707.85498046875,707.9500122070312,707.8200073242188,707.905029296875,14510,0.0,0.0,0.0
2026-09-02 13:21:00-04:00,707.9000244140625,708.114990234375,707.7520141601562,708.114990234375,28657,0.0,0.0,0.0
2026-09-02 13:22:00-04:00,708.1599731445312,708.280029296875,708.030029296875,708.1799926757812,52530,0.0,0.0,0.0
2026-09-02 13:23:00-04:00,708.1400146484375,708.3300170898438,708.0650024414062,708.2891235351562,43218,0.0,0.0,0.0
2026-09-02 13:24:00-04:00,708.3200073242188,708.3499755859375,708.221923828125,708.2249755859375,19224,0.0,0.0,0.0
2026-09-02 13:25:00-04:00,708.2100830078125,708.2650146484375,708.1199951171875,708.2650146484375,20570,0.0,0.0,0.0
2026-09-02 13:26:00-04:00,708.27001953125,708.4199829101562,708.1849975585938,708.25,46968,0.0,0.0,0.0
2026-09-02 13:27:00-04:00,708.2205200195312,708.2349853515625,708.0999755859375,708.135009765625,10606,0.0,0.0,0.0
2026-09-02 13:28:00-04:00,708.1572265625,708.3699951171875,708.1572265625,708.340087890625,11693,0.0,0.0,0.0
2026-09-02 13:29:00-04:00,708.3599853515625,708.3800048828125,708.239990234375,708.3200073242188,29403,0.0,0.0,0.0
2026-09-02 13:30:00-04:00,708.3350219726562,708.4400024414062,708.260009765625,708.3900146484375,27701,0.0,0.0,0.0
2026-09-02 13:31:00-04:00,708.3800048828125,708.4000244140625,708.1300048828125,708.3200073242188,23229,0.0,0.0,0.0
2026-09-02 13:32:00-04:00,708.3300170898438,708.3300170898438,708.0938110351562,708.14501953125,20327,0.0,0.0,0.0
2026-09-02 13:33:00-04:00,708.1300048828125,708.1300048828125,708.02001953125,708.0349731445312,14979,0.0,0.0,0.0
2026-09-02 13:34:00-04:00,708.030029296875,708.0900268554688,707.9000244140625,707.9000244140625,33944,0.0,0.0,0.0
2026-09-02 13:35:00-04:00,707.8950805664062,708.0701293945312,707.8900146484375,708.010009765625,14969,0.0,0.0,0.0
2026-09-02 13:36:00-04:00,707.9749755859375,708.034912109375,707.8400268554688,707.9000244140625,12245,0.0,0.0,0.0
2026-09-02 13:37:00-04:00,707.9450073242188,708.0369873046875,707.9299926757812,707.97998046875,9605,0.0,0.0,0.0
2026-09-02 13:38:00-04:00,707.9600219726562,707.9849853515625,707.8701171875,707.9149780273438,11255,0.0,0.0,0.0
2026-09-02 13:39:00-04:00,707.9400024414062,708.0700073242188,707.8900756835938,707.9400024414062,12081,0.0,0.0,0.0
2026-09-02 13:40:00-04:00,707.9299926757812,708.0800170898438,707.9299926757812,708.0499877929688,38941,0.0,0.0,0.0
2026-09-02 13:41:00-04:00,707.9400024414062,707.9500122070312,707.760009765625,707.8200073242188,27170,0.0,0.0,0.0
2026-09-02 13:42:00-04:00,707.8300170898438,708.25,707.802490234375,708.0599975585938,57612,0.0,0.0,0.0
2026-09-02 13:43:00-04:00,708.0800170898438,708.27001953125,708.0422973632812,708.2100219726562,34324,0.0,0.0,0.0
2026-09-02 13:44:00-04:00,708.219970703125,708.5,708.219970703125,708.493408203125,51270,0.0,0.0,0.0
2026-09-02 13:45:00-04:00,708.5,708.8499755859375,708.489990234375,708.77001953125,48185,0.0,0.0,0.0
2026-09-02 13:46:00-04:00,708.72998046875,708.8800048828125,708.6900024414062,708.8250122070312,130983,0.0,0.0,0.0
2026-09-02 13:47:00-04:00,708.8150024414062,708.8228759765625,708.5700073242188,708.7899780273438,20782,0.0,0.0,0.0
2026-09-02 13:48:00-04:00,708.7849731445312,708.8099975585938,708.6500244140625,708.6500244140625,12693,0.0,0.0,0.0
2026-09-02 13:49:00-04:00,708.6400146484375,708.655029296875,708.530029296875,708.530029296875,19202,0.0,0.0,0.0
2026-09-02 13:50:00-04:00,708.5399780273438,708.6500244140625,708.3300170898438,708.5250244140625,26016,0.0,0.0,0.0
2026-09-02 13:51:00-04:00,708.501220703125,708.5900268554688,708.4000244140625,708.489990234375,24325,0.0,0.0,0.0
2026-09-02 13:52:00-04:00,708.489990234375,708.619873046875,708.4849853515625,708.510009765625,30965,0.0,0.0,0.0
2026-09-02 13:53:00-04:00,708.4949951171875,708.5150146484375,708.4144897460938,708.4400024414062,34379,0.0,0.0,0.0
2026-09-02 13:54:00-04:00,708.4149780273438,708.5784912109375,708.4149780273438,708.5,28334,0.0,0.0,0.0
2026-09-02 13:55:00-04:00,708.469970703125,708.489990234375,708.1400146484375,708.4500122070312,39538,0.0,0.0,0.0
2026-09-02 13:56:00-04:00,708.4600219726562,708.510009765625,708.3800048828125,708.4500122070312,17377,0.0,0.0,0.0
2026-09-02 13:57:00-04:00,708.4500122070312,708.739990234375,708.4450073242188,708.6900024414062,30065,0.0,0.0,0.0
2026-09-02 13:58:00-04:00,708.6699829101562,708.6699829101562,708.469970703125,708.5250854492188,21705,0.0,0.0,0.0
2026-09-02 13:59:00-04:00,708.5100708007812,708.7000122070312,708.5,708.5399780273438,62260,0.0,0.0,0.0
2026-09-02 14:00:00-04:00,708.5499877929688,708.5599975585938,707.989990234375,707.989990234375,51785,0.0,0.0,0.0
2026-09-02 14:01:00-04:00,707.97998046875,708.1400146484375,707.969970703125,708.0137939453125,18065,0.0,0.0,0.0
2026-09-02 14:02:00-04:00,708.030029296875,708.2000122070312,708.02001953125,708.14990234375,16944,0.0,0.0,0.0
2026-09-02 14:03:00-04:00,708.2000122070312,708.5,708.1900024414062,708.4500122070312,20261,0.0,0.0,0.0
2026-09-02 14:04:00-04:00,708.4199829101562,708.5499877929688,708.3900146484375,708.52001953125,29628,0.0,0.0,0.0
2026-09-02 14:05:00-04:00,708.469970703125,708.6799926757812,708.4199829101562,708.5601196289062,164926,0.0,0.0,0.0
2026-09-02 14:06:00-04:00,708.6099853515625,708.6599731445312,708.5599975585938,708.6099853515625,16386,0.0,0.0,0.0
2026-09-02 14:07:00-04:00,708.5999755859375,708.6199951171875,708.2899780273438,708.2899780273438,52989,0.0,0.0,0.0
2026-09-02 14:08:00-04:00,708.2999877929688,708.3400268554688,708.2249755859375,708.2498779296875,15240,0.0,0.0,0.0
2026-09-02 14:09:00-04:00,708.25,708.3798828125,708.239990234375,708.3300170898438,11673,0.0,0.0,0.0
2026-09-02 14:10:00-04:00,708.3031005859375,708.4000244140625,708.2750244140625,708.2899780273438,7294,0.0,0.0,0.0
2026-09-02 14:11:00-04:00,708.3295288085938,708.3350219726562,708.1400146484375,708.1400146484375,10709,0.0,0.0,0.0
2026-09-02 14:12:00-04:00,708.1749877929688,708.1900024414062,708.0599975585938,708.0650024414062,11073,0.0,0.0,0.0
2026-09-02 14:13:00-04:00,708.030029296875,708.35498046875,708.030029296875,708.2210083007812,20285,0.0,0.0,0.0
2026-09-02 14:14:00-04:00,708.239990234375,708.2550048828125,708.1500244140625,708.1901245117188,14463,0.0,0.0,0.0
2026-09-02 14:15:00-04:00,708.22998046875,708.3699951171875,708.1600952148438,708.239990234375,13461,0.0,0.0,0.0
2026-09-02 14:16:00-04:00,708.2349853515625,708.3121948242188,708.2000122070312,708.2100219726562,23313,0.0,0.0,0.0
2026-09-02 14:17:00-04:00,708.2650146484375,708.3499755859375,708.2349853515625,708.3499755859375,15348,0.0,0.0,0.0
2026-09-02 14:18:00-04:00,708.3499755859375,709.489990234375,708.3099975585938,708.9600219726562,928353,0.0,0.0,0.0
2026-09-02 14:19:00-04:00,708.9500122070312,708.989990234375,708.8106079101562,708.8499755859375,67466,0.0,0.0,0.0
2026-09-02 14:20:00-04:00,708.8499755859375,708.9000244140625,708.72998046875,708.760009765625,34937,0.0,0.0,0.0
2026-09-02 14:21:00-04:00,708.8300170898438,708.9299926757812,708.6400146484375,708.739501953125,28749,0.0,0.0,0.0
2026-09-02 14:22:00-04:00,708.72900390625,708.775390625,708.5800170898438,708.7550048828125,15023,0.0,0.0,0.0
2026-09-02 14:23:00-04:00,708.7449951171875,708.780029296875,708.6699829101562,708.6699829101562,6226,0.0,0.0,0.0
2026-09-02 14:24:00-04:00,708.6599731445312,708.7994995117188,708.6599731445312,708.7750244140625,11983,0.0,0.0,0.0
2026-09-02 14:25:00-04:00,708.7999877929688,708.9000244140625,708.780029296875,708.8200073242188,14046,0.0,0.0,0.0
2026-09-02 14:26:00-04:00,708.8300170898438,708.8400268554688,708.5999755859375,708.614990234375,14010,0.0,0.0,0.0
2026-09-02 14:27:00-04:00,708.6448974609375,708.6649780273438,708.4500732421875,708.489990234375,10022,0.0,0.0,0.0
2026-09-02 14:28:00-04:00,708.469970703125,708.625,708.469970703125,708.4700927734375,7728,0.0,0.0,0.0
2026-09-02 14:29:00-04:00,708.5050048828125,708.5599975585938,708.4349975585938,708.530029296875,8641,0.0,0.0,0.0
2026-09-02 14:30:00-04:00,708.530029296875,708.7999877929688,708.5137939453125,708.7940063476562,19946,0.0,0.0,0.0
2026-09-02 14:31:00-04:00,708.7962036132812,708.7999877929688,708.6646728515625,708.6749877929688,9857,0.0,0.0,0.0
2026-09-02 14:32:00-04:00,708.6950073242188,708.7999267578125,708.6799926757812,708.7794799804688,11859,0.0,0.0,0.0
2026-09-02 14:33:00-04:00,708.7799072265625,708.8599853515625,708.7100219726562,708.8300170898438,13958,0.0,0.0,0.0
2026-09-02 14:34:00-04:00,708.85498046875,708.8900146484375,708.5029296875,708.5029296875,28789,0.0,0.0,0.0
2026-09-02 14:35:00-04:00,708.5,708.65478515625,708.4901123046875,708.5399780273438,10153,0.0,0.0,0.0
2026-09-02 14:36:00-04:00,708.469970703125,708.5499877929688,708.3699951171875,708.405029296875,48835,0.0,0.0,0.0
2026-09-02 14:37:00-04:00,708.4000244140625,708.405029296875,708.2000122070312,708.2150268554688,31061,0.0,0.0,0.0
2026-09-02 14:38:00-04:00,708.22998046875,708.260009765625,708.1599731445312,708.1799926757812,11761,0.0,0.0,0.0
2026-09-02 14:39:00-04:00,708.198974609375,708.239990234375,708.0499877929688,708.119873046875,20193,0.0,0.0,0.0
2026-09-02 14:40:00-04:00,708.1063232421875,708.1400146484375,708.030029296875,708.0599975585938,10152,0.0,0.0,0.0
2026-09-02 14:41:00-04:00,708.030029296875,708.030029296875,707.885009765625,707.9500122070312,31893,0.0,0.0,0.0
2026-09-02 14:42:00-04:00,707.9400024414062,708.0115966796875,707.9000244140625,707.905029296875,16961,0.0,0.0,0.0
2026-09-02 14:43:00-04:00,707.9099731445312,708.030029296875,707.9000244140625,708.0,13245,0.0,0.0,0.0
2026-09-02 14:44:00-04:00,708.02001953125,708.0399780273438,707.9450073242188,707.989990234375,19888,0.0,0.0,0.0
2026-09-02 14:45:00-04:00,708.0399780273438,708.1400146484375,707.989990234375,708.030029296875,16304,0.0,0.0,0.0
2026-09-02 14:46:00-04:00,708.0399780273438,708.0599975585938,707.8499755859375,707.85009765625,19757,0.0,0.0,0.0
2026-09-02 14:47:00-04:00,707.8499755859375,707.989990234375,707.8499755859375,707.905029296875,16869,0.0,0.0,0.0
2026-09-02 14:48:00-04:00,707.9099731445312,708.239990234375,707.9099731445312,708.239990234375,32213,0.0,0.0,0.0
2026-09-02 14:49:00-04:00,708.2449951171875,708.3897705078125,708.22998046875,708.3099975585938,24333,0.0,0.0,0.0
2026-09-02 14:50:00-04:00,708.3099975585938,708.4199829101562,708.1900024414062,708.2000122070312,14127,0.0,0.0,0.0
2026-09-02 14:51:00-04:00,708.2349853515625,708.2349853515625,708.0999755859375,708.1055908203125,9806,0.0,0.0,0.0
2026-09-02 14:52:00-04:00,708.1099853515625,708.1099853515625,707.9400024414062,707.9600219726562,21395,0.0,0.0,0.0
2026-09-02 14:53:00-04:00,707.9550170898438,708.2100219726562,707.9550170898438,708.1749877929688,52938,0.0,0.0,0.0
2026-09-02 14:54:00-04:00,708.1799926757812,708.1998901367188,708.0499877929688,708.0599975585938,20471,0.0,0.0,0.0
2026-09-02 14:55:00-04:00,708.1300048828125,708.22998046875,708.040771484375,708.1799926757812,14607,0.0,0.0,0.0
2026-09-02 14:56:00-04:00,708.1799926757812,708.3099975585938,708.155029296875,708.3099975585938,14572,0.0,0.0,0.0
2026-09-02 14:57:00-04:00,708.3200073242188,708.385009765625,708.1329956054688,708.14501953125,24680,0.0,0.0,0.0
2026-09-02 14:58:00-04:00,708.1300048828125,708.2280883789062,708.0399780273438,708.2280883789062,44319,0.0,0.0,0.0
2026-09-02 14:59:00-04:00,708.25,708.280029296875,708.1950073242188,708.2100219726562,56472,0.0,0.0,0.0
2026-09-02 15:00:00-04:00,708.2249755859375,708.3300170898438,708.07568359375,708.0800170898438,71804,0.0,0.0,0.0
2026-09-02 15:01:00-04:00,708.1199951171875,708.2420043945312,708.1099853515625,708.1500244140625,26488,0.0,0.0,0.0
2026-09-02 15:02:00-04:00,708.1400146484375,708.2501220703125,708.1400146484375,708.219970703125,17249,0.0,0.0,0.0
2026-09-02 15:03:00-04:00,708.219970703125,708.4500122070312,708.219970703125,708.2899780273438,25138,0.0,0.0,0.0
2026-09-02 15:04:00-04:00,708.27001953125,708.3150024414062,708.2349853515625,708.2999877929688,7638,0.0,0.0,0.0
2026-09-02 15:05:00-04:00,708.3200073242188,708.5,708.2899780273438,708.4600219726562,35394,0.0,0.0,0.0
2026-09-02 15:06:00-04:00,708.4450073242188,708.5700073242188,708.4400024414062,708.47998046875,18361,0.0,0.0,0.0
2026-09-02 15:07:00-04:00,708.489990234375,708.5,708.330078125,708.385009765625,22410,0.0,0.0,0.0
2026-09-02 15:08:00-04:00,708.3699951171875,708.4199829101562,708.3699951171875,708.3900146484375,17902,0.0,0.0,0.0
2026-09-02 15:09:00-04:00,708.3699951171875,708.7000122070312,708.369873046875,708.7000122070312,41130,0.0,0.0,0.0
2026-09-02 15:10:00-04:00,708.719970703125,708.760009765625,708.6400146484375,708.739990234375,166373,0.0,0.0,0.0
2026-09-02 15:11:00-04:00,708.739990234375,708.739990234375,708.5900268554688,708.6099853515625,14671,0.0,0.0,0.0
2026-09-02 15:12:00-04:00,708.6099853515625,708.8250122070312,708.5800170898438,708.7899780273438,42046,0.0,0.0,0.0
2026-09-02 15:13:00-04:00,708.7849731445312,708.7899780273438,708.6950073242188,708.72998046875,152975,0.0,0.0,0.0
2026-09-02 15:14:00-04:00,708.72998046875,708.7999877929688,708.7000732421875,708.7100219726562,20941,0.0,0.0,0.0
2026-09-02 15:15:00-04:00,708.7000122070312,708.739990234375,708.5427856445312,708.5499877929688,31427,0.0,0.0,0.0
2026-09-02 15:16:00-04:00,708.5599975585938,708.60498046875,708.5,708.5999755859375,24774,0.0,0.0,0.0
2026-09-02 15:17:00-04:00,708.6199951171875,708.7150268554688,708.5598754882812,708.5750122070312,749953,0.0,0.0,0.0
2026-09-02 15:18:00-04:00,708.5701293945312,708.64990234375,708.510009765625,708.6400146484375,15586,0.0,0.0,0.0
2026-09-02 15:19:00-04:00,708.6099853515625,708.7598876953125,708.6099853515625,708.7598876953125,14237,0.0,0.0,0.0
2026-09-02 15:20:00-04:00,708.7999877929688,708.7999877929688,708.3400268554688,708.4149780273438,26858,0.0,0.0,0.0
2026-09-02 15:21:00-04:00,708.4749755859375,708.7249755859375,708.4749755859375,708.5900268554688,248585,0.0,0.0,0.0
2026-09-02 15:22:00-04:00,708.6300048828125,708.77001953125,708.6300048828125,708.7050170898438,8886,0.0,0.0,0.0
2026-09-02 15:23:00-04:00,708.7100219726562,708.75,708.5601196289062,708.5700073242188,10065,0.0,0.0,0.0
2026-09-02 15:24:00-04:00,708.5800170898438,708.5900268554688,708.469970703125,708.47998046875,151526,0.0,0.0,0.0
2026-09-02 15:25:00-04:00,708.47998046875,708.5399780273438,708.3400268554688,708.3400268554688,30581,0.0,0.0,0.0
2026-09-02 15:26:00-04:00,708.3400268554688,708.5599975585938,708.3300170898438,708.5499877929688,36675,0.0,0.0,0.0
2026-09-02 15:27:00-04:00,708.5449829101562,708.5650024414062,708.4849853515625,708.5549926757812,0,0.0,0.0,0.0
2026-09-02 15:28:00-04:00,708.5399780273438,708.739990234375,708.5399780273438,708.6799926757812,31693,0.0,0.0,0.0
2026-09-02 15:29:00-04:00,708.7000122070312,708.7899780273438,708.6199951171875,708.75,25380,0.0,0.0,0.0
2026-09-02 15:30:00-04:00,708.72998046875,708.748291015625,708.6514282226562,708.6699829101562,526921,0.0,0.0,0.0
2026-09-02 15:31:00-04:00,708.6699829101562,708.7899780273438,708.5900268554688,708.764892578125,15751,0.0,0.0,0.0
2026-09-02 15:32:00-04:00,708.780029296875,708.7949829101562,708.6099853515625,708.6749877929688,16732,0.0,0.0,0.0
2026-09-02 15:33:00-04:00,708.6749877929688,708.8699951171875,708.614990234375,708.6300048828125,17461,0.0,0.0,0.0
2026-09-02 15:34:00-04:00,708.6400146484375,708.8200073242188,708.5599975585938,708.8200073242188,33354,0.0,0.0,0.0
2026-09-02 15:35:00-04:00,708.8250122070312,708.8300170898438,708.6231079101562,708.6599731445312,36703,0.0,0.0,0.0
2026-09-02 15:36:00-04:00,708.6500244140625,708.760009765625,708.5499877929688,708.639892578125,49562,0.0,0.0,0.0
2026-09-02 15:37:00-04:00,708.6199951171875,708.739990234375,708.5,708.5020141601562,29501,0.0,0.0,0.0
2026-09-02 15:38:00-04:00,708.4600219726562,708.5800170898438,708.4329223632812,708.5399780273438,15121,0.0,0.0,0.0
2026-09-02 15:39:00-04:00,708.5549926757812,708.6400146484375,708.530029296875,708.6199951171875,17711,0.0,0.0,0.0
2026-09-02 15:40:00-04:00,708.5599975585938,708.6799926757812,708.5200805664062,708.5800170898438,13639,0.0,0.0,0.0
2026-09-02 15:41:00-04:00,708.5404052734375,708.614990234375,708.5004272460938,708.614990234375,11531,0.0,0.0,0.0
2026-09-02 15:42:00-04:00,708.6199951171875,708.6500244140625,708.5399780273438,708.5972290039062,11009,0.0,0.0,0.0
2026-09-02 15:43:00-04:00,708.594970703125,708.9400024414062,708.590087890625,708.9100952148438,51020,0.0,0.0,0.0
2026-09-02 15:44:00-04:00,708.9099731445312,708.9180297851562,708.8300170898438,708.9099731445312,28257,0.0,0.0,0.0
2026-09-02 15:45:00-04:00,708.9000244140625,709.0999755859375,708.8800048828125,708.9650268554688,77549,0.0,0.0,0.0
2026-09-02 15:46:00-04:00,708.9400024414062,708.9899291992188,708.85498046875,708.969970703125,42101,0.0,0.0,0.0
2026-09-02 15:47:00-04:00,708.989990234375,709.0700073242188,708.9299926757812,708.9500122070312,36086,0.0,0.0,0.0
2026-09-02 15:48:00-04:00,708.969970703125,709.1500244140625,708.969970703125,709.10498046875,41928,0.0,0.0,0.0
2026-09-02 15:49:00-04:00,709.1400146484375,709.1939697265625,709.0499877929688,709.1199951171875,50022,0.0,0.0,0.0
2026-09-02 15:50:00-04:00,709.0999755859375,709.2999877929688,708.8900146484375,709.094970703125,127010,0.0,0.0,0.0
2026-09-02 15:51:00-04:00,709.0999755859375,709.1799926757812,708.85498046875,708.9600219726562,77931,0.0,0.0,0.0
2026-09-02 15:52:00-04:00,708.9500122070312,709.0549926757812,708.7899780273438,708.8499755859375,101740,0.0,0.0,0.0
2026-09-02 15:53:00-04:00,708.8300170898438,709.010009765625,708.8200073242188,708.9600219726562,37761,0.0,0.0,0.0
2026-09-02 15:54:00-04:00,708.9600219726562,709.4249877929688,708.9400024414062,709.3226928710938,73104,0.0,0.0,0.0
2026-09-02 15:55:00-04:00,709.3099975585938,709.3300170898438,708.8300170898438,708.969970703125,110377,0.0,0.0,0.0
2026-09-02 15:56:00-04:00,708.9769287109375,708.989990234375,708.8150024414062,708.989990234375,65369,0.0,0.0,0.0
2026-09-02 15:57:00-04:00,709.0,709.14501953125,708.97998046875,709.0599975585938,124991,0.0,0.0,0.0
2026-09-02 15:58:00-04:00,709.0499877929688,709.1400146484375,709.0399780273438,709.0650024414062,307661,0.0,0.0,0.0
2026-09-02 15:59:00-04:00,709.0700073242188,709.3599853515625,709.0,709.25,410800,0.0,0.0,0.0
2026-09-03 09:30:00-04:00,710.8499755859375,711.6599731445312,710.6400146484375,711.625,1875692,0.0,0.0,0.0
2026-09-03 09:31:00-04:00,711.5999755859375,711.5999755859375,710.6699829101562,710.7957763671875,131788,0.0,0.0,0.0
2026-09-03 09:32:00-04:00,710.7100219726562,710.9199829101562,710.2000122070312,710.6055297851562,212839,0.0,0.0,0.0
2026-09-03 09:33:00-04:00,710.5499877929688,711.0999755859375,710.3099975585938,711.0800170898438,106223,0.0,0.0,0.0
2026-09-03 09:34:00-04:00,711.0800170898438,711.6599731445312,710.9400024414062,710.969970703125,115123,0.0,0.0,0.0
2026-09-03 09:35:00-04:00,710.9400024414062,711.3099975585938,710.77001953125,710.8800048828125,165513,0.0,0.0,0.0
2026-09-03 09:36:00-04:00,710.9099731445312,710.9600219726562,709.6937866210938,710.0449829101562,160299,0.0,0.0,0.0
2026-09-03 09:37:00-04:00,710.1500244140625,711.1900024414062,710.0795288085938,711.1179809570312,232626,0.0,0.0,0.0
2026-09-03 09:38:00-04:00,711.114990234375,711.8599853515625,710.9199829101562,711.610107421875,159641,0.0,0.0,0.0
2026-09-03 09:39:00-04:00,711.6400146484375,712.9099731445312,711.6099853515625,712.77001953125,137198,0.0,0.0,0.0
2026-09-03 09:40:00-04:00,712.780029296875,713.1279907226562,712.3900146484375,712.7999877929688,120663,0.0,0.0,0.0
2026-09-03 09:41:00-04:00,712.8049926757812,713.489990234375,712.7000122070312,713.3790283203125,142594,0.0,0.0,0.0
2026-09-03 09:42:00-04:00,713.3599853515625,713.4149780273438,712.7152709960938,712.9099731445312,98119,0.0,0.0,0.0
2026-09-03 09:43:00-04:00,712.9450073242188,712.9899291992188,712.52099609375,712.6400146484375,96286,0.0,0.0,0.0
2026-09-03 09:44:00-04:00,712.6849975585938,713.1749877929688,712.4849853515625,713.1500244140625,65216,0.0,0.0,0.0
2026-09-03 09:45:00-04:00,713.1500244140625,713.2100219726562,712.760009765625,712.7999877929688,166584,0.0,0.0,0.0
2026-09-03 09:46:00-04:00,712.8699951171875,713.2813110351562,712.530029296875,713.0700073242188,58571,0.0,0.0,0.0
2026-09-03 09:47:00-04:00,713.0900268554688,713.3699951171875,713.010009765625,713.0999755859375,45715,0.0,0.0,0.0
2026-09-03 09:48:00-04:00,713.0900268554688,713.260009765625,712.8900146484375,713.0700073242188,56796,0.0,0.0,0.0
2026-09-03 09:49:00-04:00,713.0599975585938,713.6500244140625,712.989990234375,713.469970703125,97392,0.0,0.0,0.0
2026-09-03 09:50:00-04:00,713.5050048828125,713.8101196289062,713.3900146484375,713.5399169921875,142368,0.0,0.0,0.0
2026-09-03 09:51:00-04:00,713.5289916992188,713.7949829101562,713.2000122070312,713.7803955078125,129414,0.0,0.0,0.0
2026-09-03 09:52:00-04:00,713.7999877929688,713.8496704101562,713.1199951171875,713.1400146484375,106872,0.0,0.0,0.0
2026-09-03 09:53:00-04:00,713.1300048828125,713.27001953125,712.719970703125,712.8499755859375,77183,0.0,0.0,0.0
2026-09-03 09:54:00-04:00,712.8699951171875,713.25,712.6699829101562,713.25,60522,0.0,0.0,0.0
2026-09-03 09:55:00-04:00,713.2495727539062,713.3699951171875,712.7301025390625,712.760009765625,95141,0.0,0.0,0.0
2026-09-03 09:56:00-04:00,712.7100219726562,712.7100219726562,712.1900024414062,712.2000122070312,123116,0.0,0.0,0.0
2026-09-03 09:57:00-04:00,712.25,712.4149780273438,711.97998046875,712.010009765625,69115,0.0,0.0,0.0
2026-09-03 09:58:00-04:00,712.010009765625,712.5800170898438,712.010009765625,712.5621948242188,158163,0.0,0.0,0.0
2026-09-03 09:59:00-04:00,712.5700073242188,712.9400024414062,712.3800048828125,712.8800048828125,145580,0.0,0.0,0.0
2026-09-03 10:00:00-04:00,712.8400268554688,712.840087890625,711.7050170898438,711.739990234375,239921,0.0,0.0,0.0
2026-09-03 10:01:00-04:00,711.7000122070312,711.7000122070312,711.1799926757812,711.22998046875,301482,0.0,0.0,0.0
2026-09-03 10:02:00-04:00,711.2100219726562,711.5250854492188,710.8699951171875,711.5250854492188,126796,0.0,0.0,0.0
2026-09-03 10:03:00-04:00,711.52001953125,711.8547973632812,711.2003784179688,711.8547973632812,195812,0.0,0.0,0.0
2026-09-03 10:04:00-04:00,711.8499755859375,711.8499755859375,711.1599731445312,711.280029296875,77391,0.0,0.0,0.0
2026-09-03 10:05:00-04:00,711.2750244140625,711.6099853515625,711.0900268554688,711.5999755859375,88670,0.0,0.0,0.0
2026-09-03 10:06:00-04:00,711.6300048828125,711.6500244140625,711.1699829101562,711.6199951171875,67313,0.0,0.0,0.0
2026-09-03 10:07:00-04:00,711.5499877929688,711.5999755859375,710.9400024414062,710.9450073242188,66038,0.0,0.0,0.0
2026-09-03 10:08:00-04:00,710.9199829101562,711.0700073242188,710.6799926757812,710.97998046875,93684,0.0,0.0,0.0
2026-09-03 10:09:00-04:00,710.9600219726562,711.385009765625,710.8300170898438,711.2401123046875,58468,0.0,0.0,0.0
2026-09-03 10:10:00-04:00,711.280029296875,711.47998046875,710.8499755859375,711.1099853515625,56642,0.0,0.0,0.0
2026-09-03 10:11:00-04:00,711.030029296875,711.719970703125,710.9099731445312,711.7050170898438,45758,0.0,0.0,0.0
2026-09-03 10:12:00-04:00,711.719970703125,712.010009765625,711.5499877929688,711.7000122070312,57223,0.0,0.0,0.0
2026-09-03 10:13:00-04:00,711.7100219726562,711.969970703125,711.4301147460938,711.6849975585938,43695,0.0,0.0,0.0
2026-09-03 10:14:00-04:00,711.7199096679688,712.1099853515625,711.7199096679688,712.0549926757812,151986,0.0,0.0,0.0
2026-09-03 10:15:00-04:00,712.0399780273438,712.6400146484375,711.9600219726562,712.4299926757812,138773,0.0,0.0,0.0
2026-09-03 10:16:00-04:00,712.4199829101562,712.5800170898438,712.239990234375,712.4110717773438,89976,0.0,0.0,0.0
2026-09-03 10:17:00-04:00,712.4199829101562,712.719970703125,712.27001953125,712.6699829101562,121396,0.0,0.0,0.0
2026-09-03 10:18:00-04:00,712.6599731445312,712.677490234375,712.4000244140625,712.52001953125,88049,0.0,0.0,0.0
2026-09-03 10:19:00-04:00,712.510009765625,713.2150268554688,712.510009765625,713.0549926757812,125139,0.0,0.0,0.0
2026-09-03 10:20:00-04:00,713.0700073242188,713.47998046875,713.0599975585938,713.1699829101562,156900,0.0,0.0,0.0
2026-09-03 10:21:00-04:00,713.25,713.2550048828125,712.72998046875,712.8300170898438,77863,0.0,0.0,0.0
2026-09-03 10:22:00-04:00,712.880126953125,713.260009765625,712.8400268554688,713.1699829101562,66737,0.0,0.0,0.0
2026-09-03 10:23:00-04:00,713.219970703125,713.5499877929688,713.219970703125,713.3350219726562,88336,0.0,0.0,0.0
2026-09-03 10:24:00-04:00,713.3400268554688,713.510009765625,713.1900024414062,713.25,49818,0.0,0.0,0.0
2026-09-03 10:25:00-04:00,713.2550048828125,713.2899780273438,712.7103271484375,713.1099853515625,75711,0.0,0.0,0.0
2026-09-03 10:26:00-04:00,713.114990234375,713.4199829101562,713.0399780273438,713.125,56054,0.0,0.0,0.0
2026-09-03 10:27:00-04:00,713.2000122070312,713.5,713.1500244140625,713.4783935546875,63307,0.0,0.0,0.0
2026-09-03 10:28:00-04:00,713.5,713.5599975585938,713.1400146484375,713.2100219726562,43285,0.0,0.0,0.0
2026-09-03 10:29:00-04:00,713.22998046875,713.344970703125,713.0599975585938,713.0750122070312,28700,0.0,0.0,0.0
2026-09-03 10:30:00-04:00,713.0599975585938,713.469970703125,712.969970703125,713.3800048828125,51542,0.0,0.0,0.0
2026-09-03 10:31:00-04:00,713.3599853515625,713.3699951171875,712.5750122070312,712.6900024414062,54797,0.0,0.0,0.0
2026-09-03 10:32:00-04:00,712.7000122070312,712.760009765625,712.22998046875,712.4899291992188,70586,0.0,0.0,0.0
2026-09-03 10:33:00-04:00,712.489990234375,712.8150024414062,712.2374877929688,712.260009765625,46497,0.0,0.0,0.0
2026-09-03 10:34:00-04:00,712.219970703125,712.3200073242188,711.653076171875,711.6995239257812,80028,0.0,0.0,0.0
2026-09-03 10:35:00-04:00,711.760009765625,712.4400024414062,711.7100219726562,712.3049926757812,62894,0.0,0.0,0.0
2026-09-03 10:36:00-04:00,712.3300170898438,712.5,712.0999755859375,712.0999755859375,35156,0.0,0.0,0.0
2026-09-03 10:37:00-04:00,712.0999755859375,712.2349853515625,711.8599853515625,711.9199829101562,32740,0.0,0.0,0.0
2026-09-03 10:38:00-04:00,712.0,712.1019897460938,711.6799926757812,711.7899780273438,29663,0.0,0.0,0.0
2026-09-03 10:39:00-04:00,711.8350219726562,711.8900146484375,711.5800170898438,711.6500244140625,40965,0.0,0.0,0.0
2026-09-03 10:40:00-04:00,711.6500244140625,711.8699951171875,711.4201049804688,711.4600219726562,46847,0.0,0.0,0.0
2026-09-03 10:41:00-04:00,711.4349975585938,711.9749755859375,711.4199829101562,711.9600219726562,41656,0.0,0.0,0.0
2026-09-03 10:42:00-04:00,711.97998046875,712.3099975585938,711.8900146484375,711.9600219726562,46409,0.0,0.0,0.0
2026-09-03 10:43:00-04:00,712.010009765625,712.030029296875,711.6099853515625,711.7999877929688,45300,0.0,0.0,0.0
2026-09-03 10:44:00-04:00,711.7899780273438,711.969970703125,711.5601196289062,711.6099853515625,37639,0.0,0.0,0.0
2026-09-03 10:45:00-04:00,711.655029296875,712.0,711.52001953125,712.0,45984,0.0,0.0,0.0
2026-09-03 10:46:00-04:00,711.9749755859375,712.0900268554688,711.47998046875,711.5831909179688,50272,0.0,0.0,0.0
2026-09-03 10:47:00-04:00,711.5399169921875,712.0,711.4849853515625,711.8599853515625,32928,0.0,0.0,0.0
2026-09-03 10:48:00-04:00,711.760009765625,712.1799926757812,711.614990234375,712.0999755859375,31323,0.0,0.0,0.0
2026-09-03 10:49:00-04:00,712.1099853515625,712.3400268554688,711.9600219726562,712.260009765625,32428,0.0,0.0,0.0
2026-09-03 10:50:00-04:00,712.27392578125,712.3200073242188,711.8099975585938,712.1096801757812,20489,0.0,0.0,0.0
2026-09-03 10:51:00-04:00,712.0650024414062,712.1744995117188,711.8499755859375,712.1744995117188,24276,0.0,0.0,0.0
2026-09-03 10:52:00-04:00,712.1400146484375,712.14501953125,711.7100219726562,711.760009765625,28492,0.0,0.0,0.0
2026-09-03 10:53:00-04:00,711.77001953125,711.9099731445312,711.6799926757812,711.8800048828125,10845,0.0,0.0,0.0
2026-09-03 10:54:00-04:00,711.8900146484375,712.375,711.7999877929688,712.375,46879,0.0,0.0,0.0
2026-09-03 10:55:00-04:00,712.3485717773438,712.489990234375,712.22998046875,712.3610229492188,101964,0.0,0.0,0.0
2026-09-03 10:56:00-04:00,712.4099731445312,712.6328125,710.8099975585938,711.97998046875,273725,0.0,0.0,0.0
2026-09-03 10:57:00-04:00,711.9600219726562,712.3400268554688,711.8599853515625,712.3099975585938,73001,0.0,0.0,0.0
2026-09-03 10:58:00-04:00,712.3200073242188,713.0159912109375,712.3200073242188,712.9896240234375,82586,0.0,0.0,0.0
2026-09-03 10:59:00-04:00,712.969970703125,713.64501953125,712.9500122070312,713.5499877929688,115824,0.0,0.0,0.0
2026-09-03 11:00:00-04:00,713.5698852539062,714.1950073242188,713.5650024414062,713.9600219726562,248318,0.0,0.0,0.0
2026-09-03 11:01:00-04:00,713.9849853515625,714.280029296875,713.9199829101562,714.0,136297,0.0,0.0,0.0
2026-09-03 11:02:00-04:00,713.969970703125,714.5499877929688,713.969970703125,714.52001953125,119900,0.0,0.0,0.0
2026-09-03 11:03:00-04:00,714.510009765625,715.030029296875,714.510009765625,714.85498046875,168433,0.0,0.0,0.0
2026-09-03 11:04:00-04:00,714.8099975585938,715.3499755859375,714.5999755859375,715.3300170898438,200337,0.0,0.0,0.0
2026-09-03 11:05:00-04:00,715.3599853515625,715.47998046875,715.2144165039062,715.3920288085938,128469,0.0,0.0,0.0
2026-09-03 11:06:00-04:00,715.3800048828125,715.5,715.0700073242188,715.1950073242188,132018,0.0,0.0,0.0
2026-09-03 11:07:00-04:00,715.1900024414062,715.39501953125,714.97998046875,715.239990234375,122514,0.0,0.0,0.0
2026-09-03 11:08:00-04:00,715.22998046875,715.530029296875,715.1500244140625,715.3800048828125,75374,0.0,0.0,0.0
2026-09-03 11:09:00-04:00,715.3900146484375,715.4199829101562,715.1682739257812,715.1699829101562,46339,0.0,0.0,0.0
2026-09-03 11:10:00-04:00,715.177978515625,715.5695190429688,715.0900268554688,715.47998046875,77401,0.0,0.0,0.0
2026-09-03 11:11:00-04:00,715.5,716.0449829101562,715.4699096679688,715.9600219726562,176452,0.0,0.0,0.0
2026-09-03 11:12:00-04:00,715.9299926757812,716.0399780273438,715.6500244140625,715.7000122070312,146046,0.0,0.0,0.0
2026-09-03 11:13:00-04:00,715.6900024414062,715.9600219726562,715.6500244140625,715.8900146484375,46336,0.0,0.0,0.0
2026-09-03 11:14:00-04:00,715.9199829101562,716.0150146484375,715.7100830078125,716.0,54792,0.0,0.0,0.0
2026-09-03 11:15:00-04:00,716.0050048828125,716.239990234375,715.9400024414062,716.1749877929688,85269,0.0,0.0,0.0
2026-09-03 11:16:00-04:00,716.1699829101562,716.2999877929688,715.9600219726562,716.219970703125,90761,0.0,0.0,0.0
2026-09-03 11:17:00-04:00,716.2100219726562,716.3699951171875,716.1199951171875,716.2899780273438,75458,0.0,0.0,0.0
2026-09-03 11:18:00-04:00,716.3300170898438,716.3499755859375,716.0499877929688,716.260009765625,116293,0.0,0.0,0.0
2026-09-03 11:19:00-04:00,716.27001953125,716.3599853515625,716.1701049804688,716.25,77052,0.0,0.0,0.0
2026-09-03 11:20:00-04:00,716.2000122070312,716.2000122070312,715.864990234375,715.864990234375,66112,0.0,0.0,0.0
2026-09-03 11:21:00-04:00,715.8306274414062,715.9199829101562,715.760009765625,715.8212890625,61150,0.0,0.0,0.0
2026-09-03 11:22:00-04:00,715.8200073242188,716.4000244140625,715.8099975585938,716.3051147460938,93283,0.0,0.0,0.0
2026-09-03 11:23:00-04:00,716.3300170898438,716.719970703125,716.3300170898438,716.6500244140625,98925,0.0,0.0,0.0
2026-09-03 11:24:00-04:00,716.6300048828125,716.7100219726562,716.4000244140625,716.4099731445312,86800,0.0,0.0,0.0
2026-09-03 11:25:00-04:00,716.4000244140625,716.6199951171875,716.3499755859375,716.6199951171875,155876,0.0,0.0,0.0
2026-09-03 11:26:00-04:00,716.5800170898438,717.2000122070312,716.5800170898438,717.1599731445312,75180,0.0,0.0,0.0
2026-09-03 11:27:00-04:00,717.1300048828125,717.4450073242188,717.030029296875,717.4000244140625,204054,0.0,0.0,0.0
2026-09-03 11:28:00-04:00,717.4099731445312,717.4199829101562,717.1799926757812,717.3900146484375,106237,0.0,0.0,0.0
2026-09-03 11:29:00-04:00,717.3699951171875,717.8200073242188,717.3699951171875,717.72998046875,176890,0.0,0.0,0.0
2026-09-03 11:30:00-04:00,717.760009765625,717.760009765625,717.47998046875,717.72998046875,199478,0.0,0.0,0.0
2026-09-03 11:31:00-04:00,717.7100219726562,717.864990234375,717.489990234375,717.8250122070312,85645,0.0,0.0,0.0
2026-09-03 11:32:00-04:00,717.8200073242188,717.8200073242188,717.5900268554688,717.6300048828125,106617,0.0,0.0,0.0
2026-09-03 11:33:00-04:00,717.6500244140625,717.719970703125,717.2899780273438,717.4299926757812,104123,0.0,0.0,0.0
2026-09-03 11:34:00-04:00,717.4400024414062,717.5700073242188,717.3300170898438,717.5549926757812,59467,0.0,0.0,0.0
2026-09-03 11:35:00-04:00,717.5399780273438,717.75,717.5205078125,717.6749877929688,61583,0.0,0.0,0.0
2026-09-03 11:36:00-04:00,717.6699829101562,717.6699829101562,717.4400024414062,717.52001953125,34519,0.0,0.0,0.0
2026-09-03 11:37:00-04:00,717.5399780273438,717.7249755859375,717.239990234375,717.260009765625,51639,0.0,0.0,0.0
2026-09-03 11:38:00-04:00,717.2470703125,717.3399047851562,717.1500244140625,717.280029296875,61761,0.0,0.0,0.0
2026-09-03 11:39:00-04:00,717.2650146484375,717.3200073242188,717.0999755859375,717.2000122070312,43537,0.0,0.0,0.0
2026-09-03 11:40:00-04:00,717.2000122070312,717.3200073242188,716.97998046875,717.0399780273438,62268,0.0,0.0,0.0
2026-09-03 11:41:00-04:00,717.031982421875,717.280029296875,716.9400024414062,717.1199951171875,51636,0.0,0.0,0.0
2026-09-03 11:42:00-04:00,717.1699829101562,717.3699951171875,717.0499877929688,717.2999877929688,42239,0.0,0.0,0.0
2026-09-03 11:43:00-04:00,717.2999877929688,717.4500122070312,717.2999877929688,717.4000244140625,17501,0.0,0.0,0.0
2026-09-03 11:44:00-04:00,717.3599853515625,717.3699951171875,716.969970703125,717.0,47316,0.0,0.0,0.0
2026-09-03 11:45:00-04:00,717.0800170898438,717.3499755859375,717.0399780273438,717.2249755859375,40033,0.0,0.0,0.0
2026-09-03 11:46:00-04:00,717.25,717.3250122070312,717.1400146484375,717.1900024414062,22220,0.0,0.0,0.0
2026-09-03 11:47:00-04:00,717.1849975585938,717.1849975585938,717.0050048828125,717.0950927734375,16972,0.0,0.0,0.0
2026-09-03 11:48:00-04:00,717.1099853515625,717.2698974609375,716.9575805664062,717.260009765625,22563,0.0,0.0,0.0
2026-09-03 11:49:00-04:00,717.2000122070312,717.3099975585938,717.1500244140625,717.1799926757812,29588,0.0,0.0,0.0
2026-09-03 11:50:00-04:00,717.1799926757812,717.2650146484375,717.1300048828125,717.25,35995,0.0,0.0,0.0
2026-09-03 11:51:00-04:00,717.2349853515625,717.4500122070312,717.02001953125,717.4199829101562,75456,0.0,0.0,0.0
2026-09-03 11:52:00-04:00,717.4400024414062,717.6300048828125,717.4400024414062,717.5700073242188,51224,0.0,0.0,0.0
2026-09-03 11:53:00-04:00,717.5399780273438,717.5700073242188,717.2999877929688,717.3499755859375,17045,0.0,0.0,0.0
2026-09-03 11:54:00-04:00,717.3400268554688,717.5800170898438,717.2401123046875,717.5599975585938,17760,0.0,0.0,0.0
2026-09-03 11:55:00-04:00,717.5499877929688,717.6099853515625,717.469970703125,717.5499877929688,16444,0.0,0.0,0.0
2026-09-03 11:56:00-04:00,717.5399780273438,717.5700073242188,717.3900146484375,717.4949951171875,15688,0.0,0.0,0.0
2026-09-03 11:57:00-04:00,717.5092163085938,717.7000122070312,717.4500122070312,717.5701293945312,26391,0.0,0.0,0.0
2026-09-03 11:58:00-04:00,717.5900268554688,717.6199951171875,717.5401000976562,717.6199951171875,25698,0.0,0.0,0.0
2026-09-03 11:59:00-04:00,717.6199951171875,717.8200073242188,717.5599975585938,717.8200073242188,58860,0.0,0.0,0.0
2026-09-03 12:00:00-04:00,717.8049926757812,717.8200073242188,717.5250854492188,717.5700073242188,192307,0.0,0.0,0.0
2026-09-03 12:01:00-04:00,717.5700073242188,717.6950073242188,717.4600219726562,717.594970703125,48454,0.0,0.0,0.0
2026-09-03 12:02:00-04:00,717.530029296875,717.7100219726562,717.4299926757812,717.6013793945312,29496,0.0,0.0,0.0
2026-09-03 12:03:00-04:00,717.5700073242188,717.655029296875,717.4075927734375,717.5601196289062,45982,0.0,0.0,0.0
2026-09-03 12:04:00-04:00,717.5650024414062,717.5877075195312,717.1599731445312,717.1699829101562,59892,0.0,0.0,0.0
2026-09-03 12:05:00-04:00,717.1611938476562,717.3099975585938,717.1199951171875,717.1699829101562,89302,0.0,0.0,0.0
2026-09-03 12:06:00-04:00,717.1799926757812,717.1799926757812,716.9332275390625,717.0499877929688,72324,0.0,0.0,0.0
2026-09-03 12:07:00-04:00,717.0499877929688,717.1400146484375,716.9700927734375,717.010009765625,28994,0.0,0.0,0.0
2026-09-03 12:08:00-04:00,717.02001953125,717.1699829101562,716.9600219726562,717.0759887695312,503922,0.0,0.0,0.0
2026-09-03 12:09:00-04:00,717.1199951171875,717.2857055664062,717.114990234375,717.1199951171875,59110,0.0,0.0,0.0
2026-09-03 12:10:00-04:00,717.0900268554688,717.3499755859375,717.0599975585938,717.3493041992188,43053,0.0,0.0,0.0
2026-09-03 12:11:00-04:00,717.3200073242188,717.3900146484375,717.0499877929688,717.0549926757812,21758,0.0,0.0,0.0
2026-09-03 12:12:00-04:00,717.030029296875,717.10498046875,716.989990234375,717.0549926757812,36680,0.0,0.0,0.0
2026-09-03 12:13:00-04:00,717.0700073242188,717.2000122070312,717.0599975585938,717.1300048828125,24126,0.0,0.0,0.0
2026-09-03 12:14:00-04:00,717.1400146484375,717.4099731445312,717.139892578125,717.3250122070312,119330,0.0,0.0,0.0
2026-09-03 12:15:00-04:00,717.3400268554688,717.4199829101562,717.2000122070312,717.2999877929688,15901,0.0,0.0,0.0
2026-09-03 12:16:00-04:00,717.3499755859375,717.364990234375,717.1329956054688,717.22998046875,21774,0.0,0.0,0.0
2026-09-03 12:17:00-04:00,717.260009765625,717.39501953125,717.2305297851562,717.3400268554688,24454,0.0,0.0,0.0
2026-09-03 12:18:00-04:00,717.3150024414062,717.3150024414062,717.219970703125,717.27001953125,18796,0.0,0.0,0.0
2026-09-03 12:19:00-04:00,717.260009765625,717.5499877929688,717.260009765625,717.4600219726562,32832,0.0,0.0,0.0
2026-09-03 12:20:00-04:00,717.510009765625,717.5100708007812,717.2249755859375,717.3353271484375,19516,0.0,0.0,0.0
2026-09-03 12:21:00-04:00,717.3300170898438,717.3499755859375,717.239990234375,717.2750244140625,25339,0.0,0.0,0.0
2026-09-03 12:22:00-04:00,717.27001953125,717.3300170898438,717.0399780273438,717.0399780273438,68601,0.0,0.0,0.0
2026-09-03 12:23:00-04:00,717.0567016601562,717.1500244140625,717.0399780273438,717.1400146484375,22282,0.0,0.0,0.0
2026-09-03 12:24:00-04:00,717.14501953125,717.1599731445312,716.9000244140625,716.9000244140625,24415,0.0,0.0,0.0
2026-09-03 12:25:00-04:00,716.9099731445312,716.919921875,716.739013671875,716.7650146484375,31210,0.0,0.0,0.0
2026-09-03 12:26:00-04:00,716.780029296875,716.9349975585938,716.6199951171875,716.6599731445312,64383,0.0,0.0,0.0
2026-09-03 12:27:00-04:00,716.6500244140625,716.8699951171875,716.5999755859375,716.8699951171875,46895,0.0,0.0,0.0
2026-09-03 12:28:00-04:00,716.8800048828125,716.9000244140625,716.719970703125,716.7899780273438,15942,0.0,0.0,0.0
2026-09-03 12:29:00-04:00,716.8599853515625,716.8599853515625,716.7100219726562,716.780029296875,48154,0.0,0.0,0.0
2026-09-03 12:30:00-04:00,716.7940063476562,716.8699951171875,716.7138061523438,716.75,43694,0.0,0.0,0.0
2026-09-03 12:31:00-04:00,716.8049926757812,716.8300170898438,716.5399780273438,716.6300048828125,21551,0.0,0.0,0.0
2026-09-03 12:32:00-04:00,716.6303100585938,716.6303100585938,716.489990234375,716.510009765625,45151,0.0,0.0,0.0
2026-09-03 12:33:00-04:00,716.530029296875,716.719970703125,716.52001953125,716.7100219726562,15707,0.0,0.0,0.0
2026-09-03 12:34:00-04:00,716.72998046875,716.75,716.5549926757812,716.5999755859375,11127,0.0,0.0,0.0
2026-09-03 12:35:00-04:00,716.594970703125,716.6099853515625,716.4400024414062,716.4600219726562,40363,0.0,0.0,0.0
2026-09-03 12:36:00-04:00,716.5,716.6900024414062,716.5,716.6300048828125,108369,0.0,0.0,0.0
2026-09-03 12:37:00-04:00,716.6199951171875,716.8699951171875,716.47998046875,716.8699951171875,64756,0.0,0.0,0.0
2026-09-03 12:38:00-04:00,716.8699951171875,717.14501953125,716.8599853515625,717.14501953125,30171,0.0,0.0,0.0
2026-09-03 12:39:00-04:00,717.1950073242188,717.47802734375,717.1900024414062,717.4000244140625,28341,0.0,0.0,0.0
2026-09-03 12:40:00-04:00,717.375,717.4650268554688,717.3499755859375,717.3599853515625,13730,0.0,0.0,0.0
2026-09-03 12:41:00-04:00,717.35498046875,717.6998901367188,717.344970703125,717.6599731445312,18455,0.0,0.0,0.0
2026-09-03 12:42:00-04:00,717.6500244140625,717.6699829101562,717.4749755859375,717.47998046875,13669,0.0,0.0,0.0
2026-09-03 12:43:00-04:00,717.469970703125,717.5700073242188,717.4476928710938,717.530029296875,22261,0.0,0.0,0.0
2026-09-03 12:44:00-04:00,717.5349731445312,717.6400146484375,717.510009765625,717.5499877929688,24119,0.0,0.0,0.0
2026-09-03 12:45:00-04:00,717.5700073242188,717.5750122070312,717.4099731445312,717.5499877929688,18782,0.0,0.0,0.0
2026-09-03 12:46:00-04:00,717.5380249023438,717.5700073242188,717.4151000976562,717.510009765625,8849,0.0,0.0,0.0
2026-09-03 12:47:00-04:00,717.5750122070312,717.5999755859375,717.4349975585938,717.4650268554688,60382,0.0,0.0,0.0
2026-09-03 12:48:00-04:00,717.4600219726562,717.5701293945312,717.4500122070312,717.52001953125,14094,0.0,0.0,0.0
2026-09-03 12:49:00-04:00,717.5700073242188,717.669677734375,717.4749755859375,717.60498046875,18792,0.0,0.0,0.0
2026-09-03 12:50:00-04:00,717.6199951171875,717.6599731445312,717.5,717.6082763671875,10358,0.0,0.0,0.0
2026-09-03 12:51:00-04:00,717.6099853515625,717.6699829101562,717.4000244140625,717.5,16878,0.0,0.0,0.0
2026-09-03 12:52:00-04:00,717.4949951171875,717.510009765625,717.3300170898438,717.3300170898438,19632,0.0,0.0,0.0
2026-09-03 12:53:00-04:00,717.3400268554688,717.4099731445312,717.2999877929688,717.3300170898438,12717,0.0,0.0,0.0
2026-09-03 12:54:00-04:00,717.3250122070312,717.4299926757812,717.2949829101562,717.4099731445312,15356,0.0,0.0,0.0
2026-09-03 12:55:00-04:00,717.39501953125,717.5050048828125,717.3800048828125,717.4901123046875,16284,0.0,0.0,0.0
2026-09-03 12:56:00-04:00,717.5050048828125,717.5700073242188,717.4299926757812,717.4393920898438,14395,0.0,0.0,0.0
2026-09-03 12:57:00-04:00,717.5050048828125,717.8599853515625,717.4600830078125,717.8300170898438,26467,0.0,0.0,0.0
2026-09-03 12:58:00-04:00,717.8400268554688,717.9299926757812,717.6400146484375,717.6400146484375,26511,0.0,0.0,0.0
2026-09-03 12:59:00-04:00,717.6325073242188,717.6649780273438,717.510009765625,717.5549926757812,11557,0.0,0.0,0.0
2026-09-03 13:00:00-04:00,717.5700073242188,717.6799926757812,717.3800048828125,717.385009765625,27130,0.0,0.0,0.0
2026-09-03 13:01:00-04:00,717.3900146484375,717.6002197265625,717.3699951171875,717.5999755859375,22105,0.0,0.0,0.0
2026-09-03 13:02:00-04:00,717.5999755859375,717.5999755859375,717.1400146484375,717.1400146484375,22957,0.0,0.0,0.0
2026-09-03 13:03:00-04:00,717.14501953125,717.219970703125,717.10498046875,717.1400146484375,19129,0.0,0.0,0.0
2026-09-03 13:04:00-04:00,717.1898803710938,717.344970703125,717.1749877929688,717.344970703125,8111,0.0,0.0,0.0
2026-09-03 13:05:00-04:00,717.3200073242188,717.3499755859375,717.239990234375,717.2999877929688,8604,0.0,0.0,0.0
2026-09-03 13:06:00-04:00,717.2999877929688,717.3099975585938,717.0700073242188,717.0900268554688,10879,0.0,0.0,0.0
2026-09-03 13:07:00-04:00,717.0499877929688,717.0999755859375,716.97998046875,717.0299072265625,27809,0.0,0.0,0.0
2026-09-03 13:08:00-04:00,717.02001953125,717.0700073242188,716.780029296875,716.8300170898438,17530,0.0,0.0,0.0
2026-09-03 13:09:00-04:00,716.8400268554688,716.8499755859375,716.7000122070312,716.7000122070312,24528,0.0,0.0,0.0
2026-09-03 13:10:00-04:00,716.70849609375,716.8599853515625,716.6500244140625,716.8599853515625,30471,0.0,0.0,0.0
2026-09-03 13:11:00-04:00,716.8400268554688,716.9099731445312,716.7899780273438,716.8300170898438,40702,0.0,0.0,0.0
2026-09-03 13:12:00-04:00,716.8400268554688,716.8599853515625,716.6599731445312,716.7249755859375,21036,0.0,0.0,0.0
2026-09-03 13:13:00-04:00,716.7100219726562,716.760009765625,716.6500244140625,716.6900024414062,33591,0.0,0.0,0.0
2026-09-03 13:14:00-04:00,716.6849975585938,716.739990234375,716.5800170898438,716.6500854492188,35591,0.0,0.0,0.0
2026-09-03 13:15:00-04:00,716.6699829101562,716.8300170898438,716.6699829101562,716.7100219726562,16593,0.0,0.0,0.0
2026-09-03 13:16:00-04:00,716.75,716.777099609375,716.64501953125,716.7100219726562,37087,0.0,0.0,0.0
2026-09-03 13:17:00-04:00,716.739990234375,716.875,716.7098999023438,716.844970703125,25049,0.0,0.0,0.0
2026-09-03 13:18:00-04:00,716.8400268554688,716.9000244140625,716.7000122070312,716.72998046875,28526,0.0,0.0,0.0
2026-09-03 13:19:00-04:00,716.75,716.8200073242188,716.52001953125,716.5750122070312,28043,0.0,0.0,0.0
2026-09-03 13:20:00-04:00,716.5700073242188,716.5700073242188,716.3535766601562,716.4500732421875,27254,0.0,0.0,0.0
2026-09-03 13:21:00-04:00,716.4650268554688,716.5399780273438,716.3400268554688,716.4099731445312,75655,0.0,0.0,0.0
2026-09-03 13:22:00-04:00,716.4099731445312,716.4849853515625,716.3800048828125,716.4849853515625,16222,0.0,0.0,0.0
2026-09-03 13:23:00-04:00,716.47998046875,716.5900268554688,716.3599853515625,716.5700073242188,16755,0.0,0.0,0.0
2026-09-03 13:24:00-04:00,716.52001953125,716.5499877929688,716.4500122070312,716.4705200195312,12870,0.0,0.0,0.0
2026-09-03 13:25:00-04:00,716.489501953125,716.6900024414062,716.469970703125,716.6799926757812,35562,0.0,0.0,0.0
2026-09-03 13:26:00-04:00,716.7000122070312,716.7999877929688,716.6900024414062,716.760009765625,21002,0.0,0.0,0.0
2026-09-03 13:27:00-04:00,716.780029296875,716.9299926757812,716.760009765625,716.8065795898438,20206,0.0,0.0,0.0
2026-09-03 13:28:00-04:00,716.7999877929688,717.0800170898438,716.7805786132812,716.98876953125,30111,0.0,0.0,0.0
2026-09-03 13:29:00-04:00,716.9650268554688,716.989990234375,716.9000244140625,716.969970703125,13438,0.0,0.0,0.0
2026-09-03 13:30:00-04:00,716.9580078125,717.1641845703125,716.9580078125,717.155029296875,15788,0.0,0.0,0.0
2026-09-03 13:31:00-04:00,717.169921875,717.2000122070312,717.0900268554688,717.14501953125,22175,0.0,0.0,0.0
2026-09-03 13:32:00-04:00,717.1400146484375,717.25,717.1400146484375,717.2000732421875,43849,0.0,0.0,0.0
2026-09-03 13:33:00-04:00,717.2050170898438,717.2899780273438,717.1799926757812,717.260009765625,13278,0.0,0.0,0.0
2026-09-03 13:34:00-04:00,717.2899780273438,717.3250122070312,717.219970703125,717.22998046875,8551,0.0,0.0,0.0
2026-09-03 13:35:00-04:00,717.239990234375,717.3400268554688,717.1799926757812,717.3300170898438,28152,0.0,0.0,0.0
2026-09-03 13:36:00-04:00,717.38623046875,717.5855712890625,717.360107421875,717.44873046875,30077,0.0,0.0,0.0
2026-09-03 13:37:00-04:00,717.4299926757812,717.4299926757812,717.27001953125,717.2899780273438,24640,0.0,0.0,0.0
2026-09-03 13:38:00-04:00,717.2899780273438,717.4249877929688,717.260009765625,717.3416748046875,15545,0.0,0.0,0.0
2026-09-03 13:39:00-04:00,717.3499145507812,717.4000244140625,717.239990234375,717.3699951171875,15000,0.0,0.0,0.0
2026-09-03 13:40:00-04:00,717.3870239257812,717.5549926757812,717.3599853515625,717.511474609375,36053,0.0,0.0,0.0
2026-09-03 13:41:00-04:00,717.5349731445312,717.6199951171875,717.4650268554688,717.5750122070312,26193,0.0,0.0,0.0
2026-09-03 13:42:00-04:00,717.5800170898438,717.6199951171875,717.54150390625,717.5800170898438,21956,0.0,0.0,0.0
2026-09-03 13:43:00-04:00,717.572021484375,717.5999755859375,717.5250244140625,717.5900268554688,20214,0.0,0.0,0.0
2026-09-03 13:44:00-04:00,717.5599975585938,717.5900268554688,717.4489135742188,717.5800170898438,30497,0.0,0.0,0.0
2026-09-03 13:45:00-04:00,717.5549926757812,717.6594848632812,717.4650268554688,717.6199951171875,42457,0.0,0.0,0.0
2026-09-03 13:46:00-04:00,717.6011962890625,717.7050170898438,717.4949951171875,717.5900268554688,24949,0.0,0.0,0.0
2026-09-03 13:47:00-04:00,717.594970703125,717.6400146484375,717.5009765625,717.6300048828125,139535,0.0,0.0,0.0
2026-09-03 13:48:00-04:00,717.5499877929688,717.5499877929688,717.3975830078125,717.4650268554688,19363,0.0,0.0,0.0
2026-09-03 13:49:00-04:00,717.4650268554688,717.5900268554688,717.3900146484375,717.5800170898438,54693,0.0,0.0,0.0
2026-09-03 13:50:00-04:00,717.5999755859375,717.6699829101562,717.47998046875,717.655029296875,29610,0.0,0.0,0.0
2026-09-03 13:51:00-04:00,717.6339721679688,717.989990234375,717.6339721679688,717.9099731445312,143161,0.0,0.0,0.0
2026-09-03 13:52:00-04:00,717.9199829101562,718.0700073242188,717.9099731445312,718.0200805664062,89958,0.0,0.0,0.0
2026-09-03 13:53:00-04:00,718.0349731445312,718.1500244140625,717.9600219726562,718.010009765625,86284,0.0,0.0,0.0
2026-09-03 13:54:00-04:00,717.989990234375,718.0349731445312,717.9500732421875,717.989990234375,14591,0.0,0.0,0.0
2026-09-03 13:55:00-04:00,717.97998046875,718.0999755859375,717.9500122070312,718.0650024414062,11252,0.0,0.0,0.0
2026-09-03 13:56:00-04:00,718.0499877929688,718.1300048828125,718.0189208984375,718.0781860351562,23702,0.0,0.0,0.0
2026-09-03 13:57:00-04:00,718.0999755859375,718.1102294921875,717.9500122070312,717.9500122070312,18010,0.0,0.0,0.0
2026-09-03 13:58:00-04:00,717.9199829101562,717.97998046875,717.8800048828125,717.885009765625,27771,0.0,0.0,0.0
2026-09-03 13:59:00-04:00,717.885009765625,717.9299926757812,717.8499755859375,717.9199829101562,32932,0.0,0.0,0.0
2026-09-03 14:00:00-04:00,717.9199829101562,718.4650268554688,717.9199829101562,718.4099731445312,215476,0.0,0.0,0.0
2026-09-03 14:01:00-04:00,718.4199829101562,718.760009765625,718.4199829101562,718.5800170898438,83105,0.0,0.0,0.0
2026-09-03 14:02:00-04:00,718.6099853515625,718.719970703125,718.4400024414062,718.4600219726562,83854,0.0,0.0,0.0
2026-09-03 14:03:00-04:00,718.469970703125,718.719970703125,718.4400024414062,718.6199951171875,39937,0.0,0.0,0.0
2026-09-03 14:04:00-04:00,718.5499877929688,718.5800170898438,718.489990234375,718.5800170898438,19630,0.0,0.0,0.0
2026-09-03 14:05:00-04:00,718.7100219726562,718.719970703125,718.6599731445312,718.6599731445312,115337,0.0,0.0,0.0
2026-09-03 14:06:00-04:00,718.6599731445312,718.8049926757812,718.5599975585938,718.5750122070312,63649,0.0,0.0,0.0
2026-09-03 14:07:00-04:00,718.5700073242188,718.6300048828125,718.469970703125,718.5499877929688,35357,0.0,0.0,0.0
2026-09-03 14:08:00-04:00,718.5,718.5399780273438,718.5,718.5399780273438,354,0.0,0.0,0.0
2026-09-03 14:10:00-04:00,718.6699829101562,718.760009765625,718.6699829101562,718.719970703125,71129,0.0,0.0,0.0
2026-09-03 14:11:00-04:00,718.7105102539062,718.7863159179688,718.6749877929688,718.7050170898438,13643,0.0,0.0,0.0
2026-09-03 14:12:00-04:00,718.6599731445312,718.6599731445312,718.5900268554688,718.5900268554688,23985,0.0,0.0,0.0
2026-09-03 14:13:00-04:00,718.5999755859375,718.75,718.5800170898438,718.7050170898438,30684,0.0,0.0,0.0
2026-09-03 14:14:00-04:00,718.7000122070312,718.72998046875,718.6500244140625,718.6500244140625,134745,0.0,0.0,0.0
2026-09-03 14:15:00-04:00,718.6575927734375,718.875,718.6575927734375,718.875,36019,0.0,0.0,0.0
2026-09-03 14:16:00-04:00,718.8800048828125,718.885009765625,718.7750244140625,718.8350219726562,34631,0.0,0.0,0.0
2026-09-03 14:17:00-04:00,718.8300170898438,718.9099731445312,718.7999877929688,718.89501953125,290995,0.0,0.0,0.0
2026-09-03 14:18:00-04:00,718.9000244140625,718.9000244140625,718.68798828125,718.6900024414062,24512,0.0,0.0,0.0
2026-09-03 14:19:00-04:00,718.6900024414062,718.7100219726562,718.5499877929688,718.6199951171875,52679,0.0,0.0,0.0
2026-09-03 14:20:00-04:00,718.64501953125,718.6799926757812,718.5419921875,718.625,54089,0.0,0.0,0.0
2026-09-03 14:21:00-04:00,718.6199951171875,718.7000122070312,718.5800170898438,718.6599731445312,32022,0.0,0.0,0.0
2026-09-03 14:22:00-04:00,718.6199951171875,718.6699829101562,718.6038208007812,718.610107421875,41400,0.0,0.0,0.0
2026-09-03 14:23:00-04:00,718.6099853515625,718.6300048828125,718.4569091796875,718.4600219726562,29773,0.0,0.0,0.0
2026-09-03 14:24:00-04:00,718.4429931640625,718.6199951171875,718.4429931640625,718.6099853515625,29344,0.0,0.0,0.0
2026-09-03 14:25:00-04:00,718.6099853515625,718.739990234375,718.5700073242188,718.6900024414062,14948,0.0,0.0,0.0
2026-09-03 14:26:00-04:00,718.6900024414062,718.7698974609375,718.5549926757812,718.5599975585938,148970,0.0,0.0,0.0
2026-09-03 14:27:00-04:00,718.5650024414062,718.5750122070312,718.5,718.5501098632812,18148,0.0,0.0,0.0
2026-09-03 14:28:00-04:00,718.5250244140625,718.6389770507812,718.50830078125,718.594970703125,11637,0.0,0.0,0.0
2026-09-03 14:29:00-04:00,718.5999755859375,718.6400146484375,718.5549926757812,718.5850219726562,9158,0.0,0.0,0.0
2026-09-03 14:30:00-04:00,718.5999755859375,718.6400146484375,718.4849853515625,718.625,18421,0.0,0.0,0.0
2026-09-03 14:31:00-04:00,718.6400146484375,718.6400146484375,718.4299926757812,718.4849853515625,19709,0.0,0.0,0.0
2026-09-03 14:32:00-04:00,718.469970703125,718.5800170898438,718.469970703125,718.530029296875,11471,0.0,0.0,0.0
2026-09-03 14:33:00-04:00,718.4849853515625,718.719970703125,718.47998046875,718.719970703125,15705,0.0,0.0,0.0
2026-09-03 14:34:00-04:00,718.7239990234375,718.77001953125,718.6599731445312,718.739990234375,28177,0.0,0.0,0.0
2026-09-03 14:35:00-04:00,718.75,718.7999877929688,718.6199951171875,718.6799926757812,51427,0.0,0.0,0.0
2026-09-03 14:36:00-04:00,718.6799926757812,718.7100219726562,718.5900268554688,718.6099853515625,23331,0.0,0.0,0.0
2026-09-03 14:37:00-04:00,718.6199951171875,718.6900024414062,718.5999755859375,718.6799926757812,35487,0.0,0.0,0.0
2026-09-03 14:38:00-04:00,718.6699829101562,718.75,718.6599731445312,718.6900024414062,22868,0.0,0.0,0.0
2026-09-03 14:39:00-04:00,718.6900024414062,718.780029296875,718.6900024414062,718.72998046875,17636,0.0,0.0,0.0
2026-09-03 14:40:00-04:00,718.72998046875,718.760009765625,718.5250244140625,718.543212890625,24409,0.0,0.0,0.0
2026-09-03 14:41:00-04:00,718.5499877929688,718.6400146484375,718.52001953125,718.52001953125,21575,0.0,0.0,0.0
2026-09-03 14:42:00-04:00,718.5250244140625,718.5599975585938,718.3900146484375,718.489990234375,206007,0.0,0.0,0.0
2026-09-03 14:43:00-04:00,718.4849853515625,718.4899291992188,718.3499755859375,718.4376831054688,15160,0.0,0.0,0.0
2026-09-03 14:44:00-04:00,718.4299926757812,718.489990234375,718.3350219726562,718.3400268554688,53183,0.0,0.0,0.0
2026-09-03 14:45:00-04:00,718.3350219726562,718.47998046875,718.3350219726562,718.47998046875,124940,0.0,0.0,0.0
2026-09-03 14:46:00-04:00,718.469970703125,718.5599975585938,718.4600219726562,718.489990234375,18691,0.0,0.0,0.0
2026-09-03 14:47:00-04:00,718.489990234375,718.6199951171875,718.4600219726562,718.594970703125,27470,0.0,0.0,0.0
2026-09-03 14:48:00-04:00,718.5900268554688,718.6199951171875,718.52001953125,718.52001953125,91485,0.0,0.0,0.0
2026-09-03 14:49:00-04:00,718.5050048828125,718.75,718.469970703125,718.75,23811,0.0,0.0,0.0
2026-09-03 14:50:00-04:00,718.739990234375,718.8400268554688,718.6799926757812,718.6799926757812,39834,0.0,0.0,0.0
2026-09-03 14:51:00-04:00,718.6649780273438,718.6699829101562,718.52001953125,718.5499877929688,26041,0.0,0.0,0.0
2026-09-03 14:52:00-04:00,718.5499877929688,718.5900268554688,718.4500122070312,718.530029296875,23413,0.0,0.0,0.0
2026-09-03 14:53:00-04:00,718.510009765625,718.5964965820312,718.489990234375,718.5700073242188,13832,0.0,0.0,0.0
2026-09-03 14:54:00-04:00,718.5900268554688,718.5999755859375,718.510009765625,718.5800170898438,26814,0.0,0.0,0.0
2026-09-03 14:55:00-04:00,718.5850219726562,718.5850219726562,718.3900146484375,718.4149780273438,15659,0.0,0.0,0.0
2026-09-03 14:56:00-04:00,718.4199829101562,718.4500122070312,718.3800048828125,718.4299926757812,134377,0.0,0.0,0.0
2026-09-03 14:57:00-04:00,718.4199829101562,718.4500122070312,718.3499755859375,718.3599853515625,35084,0.0,0.0,0.0
2026-09-03 14:58:00-04:00,718.37060546875,718.469970703125,718.3599853515625,718.4650268554688,39612,0.0,0.0,0.0
2026-09-03 14:59:00-04:00,718.4650268554688,718.5499877929688,718.4600219726562,718.510009765625,38609,0.0,0.0,0.0
2026-09-03 15:00:00-04:00,718.5250244140625,718.5599975585938,718.2000122070312,718.219970703125,54667,0.0,0.0,0.0
2026-09-03 15:01:00-04:00,718.239990234375,718.2899780273438,718.1749877929688,718.280029296875,23584,0.0,0.0,0.0
2026-09-03 15:02:00-04:00,718.2899780273438,718.3099975585938,718.1599731445312,718.2150268554688,54404,0.0,0.0,0.0
2026-09-03 15:03:00-04:00,718.2100219726562,718.3150024414062,718.1799926757812,718.2000122070312,31897,0.0,0.0,0.0
2026-09-03 15:04:00-04:00,718.1849975585938,718.2650146484375,718.155029296875,718.2490234375,15668,0.0,0.0,0.0
2026-09-03 15:05:00-04:00,718.25,718.340087890625,718.1699829101562,718.25,71558,0.0,0.0,0.0
2026-09-03 15:06:00-04:00,718.2449951171875,718.280029296875,718.1699829101562,718.239990234375,15603,0.0,0.0,0.0
2026-09-03 15:07:00-04:00,718.239990234375,718.27001953125,718.2000122070312,718.2000122070312,12358,0.0,0.0,0.0
2026-09-03 15:08:00-04:00,718.1599731445312,718.1799926757812,718.030029296875,718.1596069335938,18200,0.0,0.0,0.0
2026-09-03 15:09:00-04:00,718.1400146484375,718.1400146484375,718.0449829101562,718.0750122070312,9399,0.0,0.0,0.0
2026-09-03 15:10:00-04:00,718.0599975585938,718.1300048828125,718.030029296875,718.1199951171875,25436,0.0,0.0,0.0
2026-09-03 15:11:00-04:00,718.0999755859375,718.0999755859375,717.9400024414062,717.9600219726562,33418,0.0,0.0,0.0
2026-09-03 15:12:00-04:00,717.969970703125,718.0,717.9099731445312,717.9650268554688,26592,0.0,0.0,0.0
2026-09-03 15:13:00-04:00,717.9650268554688,717.969970703125,717.7999877929688,717.8599853515625,17550,0.0,0.0,0.0
2026-09-03 15:14:00-04:00,717.8400268554688,717.844970703125,717.7000122070312,717.8300170898438,39858,0.0,0.0,0.0
2026-09-03 15:15:00-04:00,717.8200073242188,717.9000244140625,717.7000122070312,717.8200073242188,38211,0.0,0.0,0.0
2026-09-03 15:16:00-04:00,717.8300170898438,717.8599853515625,717.7000122070312,717.7000122070312,34378,0.0,0.0,0.0
2026-09-03 15:17:00-04:00,717.7003173828125,717.7799072265625,717.6300048828125,717.760009765625,141033,0.0,0.0,0.0
2026-09-03 15:18:00-04:00,717.760009765625,717.8049926757812,717.6500244140625,717.7899780273438,29457,0.0,0.0,0.0
2026-09-03 15:19:00-04:00,717.78857421875,717.9550170898438,717.760009765625,717.9550170898438,24937,0.0,0.0,0.0
2026-09-03 15:20:00-04:00,717.9500122070312,717.9600219726562,717.6900024414062,717.8200073242188,47271,0.0,0.0,0.0
2026-09-03 15:21:00-04:00,717.8350219726562,717.9600219726562,717.719970703125,717.8300170898438,55864,0.0,0.0,0.0
2026-09-03 15:22:00-04:00,717.8599853515625,717.8699951171875,717.77001953125,717.8099975585938,85124,0.0,0.0,0.0
2026-09-03 15:23:00-04:00,717.7999877929688,717.8699951171875,717.72998046875,717.7550048828125,84561,0.0,0.0,0.0
2026-09-03 15:24:00-04:00,717.760009765625,717.77001953125,717.5599975585938,717.6500244140625,40673,0.0,0.0,0.0
2026-09-03 15:25:00-04:00,717.655029296875,717.719970703125,717.5999755859375,717.6900024414062,48147,0.0,0.0,0.0
2026-09-03 15:26:00-04:00,717.6900024414062,717.7949829101562,717.5999755859375,717.75,62456,0.0,0.0,0.0
2026-09-03 15:27:00-04:00,717.760009765625,717.7999877929688,717.6300048828125,717.6893920898438,37485,0.0,0.0,0.0
2026-09-03 15:28:00-04:00,717.6699829101562,717.6749877929688,717.543701171875,717.6666870117188,44203,0.0,0.0,0.0
2026-09-03 15:29:00-04:00,717.6900024414062,717.780029296875,717.6599731445312,717.72998046875,43354,0.0,0.0,0.0
2026-09-03 15:30:00-04:00,717.7150268554688,717.8599853515625,717.6699829101562,717.7100219726562,120853,0.0,0.0,0.0
2026-09-03 15:31:00-04:00,717.739990234375,717.869873046875,717.739990234375,717.7949829101562,50347,0.0,0.0,0.0
2026-09-03 15:32:00-04:00,717.780029296875,717.780029296875,717.6900024414062,717.6950073242188,47709,0.0,0.0,0.0
2026-09-03 15:33:00-04:00,717.6900024414062,717.72998046875,717.5999755859375,717.64501953125,38395,0.0,0.0,0.0
2026-09-03 15:34:00-04:00,717.635009765625,717.635009765625,717.5,717.5499877929688,63981,0.0,0.0,0.0
2026-09-03 15:35:00-04:00,717.5499877929688,717.719970703125,717.5499877929688,717.614990234375,82534,0.0,0.0,0.0
2026-09-03 15:36:00-04:00,717.5999755859375,717.739990234375,717.5700073242188,717.6699829101562,44597,0.0,0.0,0.0
2026-09-03 15:37:00-04:00,717.6799926757812,717.780029296875,717.6500244140625,717.7550048828125,33543,0.0,0.0,0.0
2026-09-03 15:38:00-04:00,717.7598876953125,717.760009765625,717.6300048828125,717.6599731445312,88473,0.0,0.0,0.0
2026-09-03 15:39:00-04:00,717.6599731445312,717.739990234375,717.6300048828125,717.6968994140625,57637,0.0,0.0,0.0
2026-09-03 15:40:00-04:00,717.6799926757812,717.8800048828125,717.6799926757812,717.7550048828125,51467,0.0,0.0,0.0
2026-09-03 15:41:00-04:00,717.75,717.75,717.5700073242188,717.5800170898438,26656,0.0,0.0,0.0
2026-09-03 15:42:00-04:00,717.5700073242188,717.6599731445312,717.47998046875,717.5700073242188,46436,0.0,0.0,0.0
2026-09-03 15:43:00-04:00,717.5750122070312,717.5900268554688,717.4600219726562,717.5399780273438,33322,0.0,0.0,0.0
2026-09-03 15:44:00-04:00,717.5499267578125,717.5999755859375,717.5001220703125,717.510009765625,34765,0.0,0.0,0.0
2026-09-03 15:45:00-04:00,717.510009765625,717.760009765625,717.5,717.760009765625,115389,0.0,0.0,0.0
2026-09-03 15:46:00-04:00,717.760009765625,717.77001953125,717.5399780273438,717.5399780273438,50962,0.0,0.0,0.0
2026-09-03 15:47:00-04:00,717.5599975585938,717.5900268554688,717.4600219726562,717.4650268554688,81348,0.0,0.0,0.0
2026-09-03 15:48:00-04:00,717.4650268554688,717.5,717.2999877929688,717.469970703125,137729,0.0,0.0,0.0
2026-09-03 15:49:00-04:00,717.469970703125,717.47998046875,717.3200073242188,717.4099731445312,68586,0.0,0.0,0.0
2026-09-03 15:50:00-04:00,717.4199829101562,717.5499877929688,717.3499755859375,717.4000244140625,92675,0.0,0.0,0.0
2026-09-03 15:51:00-04:00,717.405029296875,717.4099731445312,717.1680297851562,717.3300170898438,117389,0.0,0.0,0.0
2026-09-03 15:52:00-04:00,717.3200073242188,717.4650268554688,717.22998046875,717.2354736328125,73211,0.0,0.0,0.0
2026-09-03 15:53:00-04:00,717.22998046875,717.3400268554688,717.1900024414062,717.2150268554688,82244,0.0,0.0,0.0
2026-09-03 15:54:00-04:00,717.2100219726562,717.5999755859375,717.1699829101562,717.5599975585938,170312,0.0,0.0,0.0
2026-09-03 15:55:00-04:00,717.5800170898438,717.6099853515625,717.1400146484375,717.280029296875,195925,0.0,0.0,0.0
2026-09-03 15:56:00-04:00,717.2849731445312,717.3150024414062,717.1799926757812,717.2999877929688,332963,0.0,0.0,0.0
2026-09-03 15:57:00-04:00,717.3300170898438,717.510009765625,717.3200073242188,717.47998046875,246501,0.0,0.0,0.0
2026-09-03 15:58:00-04:00,717.469970703125,717.489990234375,717.1400146484375,717.3099975585938,348865,0.0,0.0,0.0
2026-09-03 15:59:00-04:00,717.2999877929688,717.739990234375,717.2100219726562,717.6099853515625,696379,0.0,0.0,0.0
2026-09-04 09:30:00-04:00,719.3599853515625,719.5,718.6099853515625,718.7899780273438,1947120,0.0,0.0,0.0
2026-09-04 09:31:00-04:00,718.8201293945312,719.8599853515625,718.5250244140625,719.7949829101562,187247,0.0,0.0,0.0
2026-09-04 09:32:00-04:00,719.8099975585938,720.2100219726562,719.3599853515625,720.2000122070312,138673,0.0,0.0,0.0
2026-09-04 09:33:00-04:00,720.1599731445312,720.2000122070312,719.5910034179688,719.97998046875,90639,0.0,0.0,0.0
2026-09-04 09:34:00-04:00,719.9500122070312,720.47998046875,719.9500122070312,720.4600219726562,72296,0.0,0.0,0.0
2026-09-04 09:35:00-04:00,720.469970703125,720.52001953125,720.0999145507812,720.4299926757812,152433,0.0,0.0,0.0
2026-09-04 09:36:00-04:00,720.4445190429688,720.6849975585938,719.9500122070312,720.0211791992188,83476,0.0,0.0,0.0
2026-09-04 09:37:00-04:00,720.0449829101562,720.6300048828125,720.010009765625,720.52001953125,122235,0.0,0.0,0.0
2026-09-04 09:38:00-04:00,720.530029296875,720.5800170898438,720.2100219726562,720.4500122070312,69155,0.0,0.0,0.0
2026-09-04 09:39:00-04:00,720.4199829101562,720.4400024414062,719.989990234375,720.3482055664062,71713,0.0,0.0,0.0
2026-09-04 09:40:00-04:00,720.3200073242188,720.6199951171875,720.0,720.0999755859375,63935,0.0,0.0,0.0
2026-09-04 09:41:00-04:00,720.1099853515625,720.3300170898438,719.6801147460938,719.969970703125,146584,0.0,0.0,0.0
2026-09-04 09:42:00-04:00,719.9600219726562,720.3400268554688,719.8300170898438,719.969970703125,159775,0.0,0.0,0.0
2026-09-04 09:43:00-04:00,719.97998046875,720.6500244140625,719.9600219726562,720.6500244140625,157022,0.0,0.0,0.0
2026-09-04 09:44:00-04:00,720.6599731445312,720.7100219726562,719.59912109375,720.0399780273438,195308,0.0,0.0,0.0
2026-09-04 09:45:00-04:00,720.02001953125,720.0900268554688,719.1199951171875,719.4600219726562,117679,0.0,0.0,0.0
2026-09-04 09:46:00-04:00,719.4600219726562,720.1900024414062,719.3800048828125,720.1799926757812,75908,0.0,0.0,0.0
2026-09-04 09:47:00-04:00,720.1599731445312,720.4299926757812,720.0399780273438,720.280029296875,79027,0.0,0.0,0.0
2026-09-04 09:48:00-04:00,720.3200073242188,720.8049926757812,720.3099975585938,720.4600219726562,142673,0.0,0.0,0.0
2026-09-04 09:49:00-04:00,720.4600219726562,720.5745239257812,720.239990234375,720.47998046875,55167,0.0,0.0,0.0
2026-09-04 09:50:00-04:00,720.4749755859375,720.6799926757812,720.2669067382812,720.6799926757812,40024,0.0,0.0,0.0
2026-09-04 09:51:00-04:00,720.6500244140625,720.6588134765625,720.0700073242188,720.27001953125,63763,0.0,0.0,0.0
2026-09-04 09:52:00-04:00,720.219970703125,720.469970703125,719.885009765625,720.469970703125,132492,0.0,0.0,0.0
2026-09-04 09:53:00-04:00,720.4600219726562,720.9000244140625,720.3200073242188,720.8350219726562,79217,0.0,0.0,0.0
2026-09-04 09:54:00-04:00,720.8679809570312,721.2100219726562,720.8599853515625,721.0900268554688,105203,0.0,0.0,0.0
2026-09-04 09:55:00-04:00,721.0800170898438,721.469970703125,720.9299926757812,721.469970703125,70022,0.0,0.0,0.0
2026-09-04 09:56:00-04:00,721.489990234375,721.7000122070312,721.4600219726562,721.5549926757812,66085,0.0,0.0,0.0
2026-09-04 09:57:00-04:00,721.5999755859375,721.7449951171875,721.5599975585938,721.7000122070312,57433,0.0,0.0,0.0
2026-09-04 09:58:00-04:00,721.719970703125,721.8599853515625,721.6500244140625,721.7849731445312,63537,0.0,0.0,0.0
2026-09-04 09:59:00-04:00,721.760009765625,721.8499755859375,721.469970703125,721.8380126953125,83366,0.0,0.0,0.0
2026-09-04 10:00:00-04:00,721.8200073242188,721.8400268554688,721.4600219726562,721.6500244140625,83330,0.0,0.0,0.0
2026-09-04 10:01:00-04:00,721.6099853515625,721.6500244140625,720.9500122070312,721.030029296875,101573,0.0,0.0,0.0
2026-09-04 10:02:00-04:00,721.0599975585938,721.3400268554688,721.02001953125,721.27001953125,65796,0.0,0.0,0.0
2026-09-04 10:03:00-04:00,721.2999877929688,721.510009765625,721.0499877929688,721.4500122070312,55509,0.0,0.0,0.0
2026-09-04 10:04:00-04:00,721.4099731445312,721.4500122070312,721.1629028320312,721.3099975585938,50486,0.0,0.0,0.0
2026-09-04 10:05:00-04:00,721.3099975585938,721.5,721.1400146484375,721.1699829101562,130105,0.0,0.0,0.0
2026-09-04 10:06:00-04:00,721.1199951171875,721.4556884765625,721.02001953125,721.4556884765625,125219,0.0,0.0,0.0
2026-09-04 10:07:00-04:00,721.4199829101562,721.4199829101562,720.8400268554688,720.8900146484375,77829,0.0,0.0,0.0
2026-09-04 10:08:00-04:00,720.8800048828125,721.0451049804688,720.739990234375,720.9500122070312,99685,0.0,0.0,0.0
2026-09-04 10:09:00-04:00,720.9600219726562,721.0700073242188,720.6699829101562,720.760009765625,78963,0.0,0.0,0.0
2026-09-04 10:10:00-04:00,720.719970703125,720.9600219726562,720.3900146484375,720.4199829101562,91449,0.0,0.0,0.0
2026-09-04 10:11:00-04:00,720.4000244140625,720.5800170898438,720.260009765625,720.3200073242188,102654,0.0,0.0,0.0
2026-09-04 10:12:00-04:00,720.2999877929688,720.2999877929688,719.5399780273438,719.75,165590,0.0,0.0,0.0
2026-09-04 10:13:00-04:00,719.77001953125,720.239990234375,719.7000122070312,720.2249755859375,96820,0.0,0.0,0.0
2026-09-04 10:14:00-04:00,720.2100219726562,720.9299926757812,720.1900024414062,720.8499755859375,114730,0.0,0.0,0.0
2026-09-04 10:15:00-04:00,720.8599853515625,720.8900146484375,720.3405151367188,720.5,104641,0.0,0.0,0.0
2026-09-04 10:16:00-04:00,720.5198974609375,720.6799926757812,720.1749877929688,720.1749877929688,74770,0.0,0.0,0.0
2026-09-04 10:17:00-04:00,720.2000122070312,720.4349975585938,720.0399780273438,720.1104125976562,109503,0.0,0.0,0.0
2026-09-04 10:18:00-04:00,720.1199951171875,720.4199829101562,720.02001953125,720.219970703125,64702,0.0,0.0,0.0
2026-09-04 10:19:00-04:00,720.22998046875,720.2484130859375,719.6904907226562,719.7050170898438,63937,0.0,0.0,0.0
2026-09-04 10:20:00-04:00,719.719970703125,719.82958984375,719.1950073242188,719.4299926757812,217310,0.0,0.0,0.0
2026-09-04 10:21:00-04:00,719.4099731445312,719.869873046875,719.3900146484375,719.8499755859375,89353,0.0,0.0,0.0
2026-09-04 10:22:00-04:00,719.8599853515625,719.9600219726562,719.5,719.9199829101562,205387,0.0,0.0,0.0
2026-09-04 10:23:00-04:00,719.9099731445312,719.9400024414062,719.72998046875,719.9000244140625,80966,0.0,0.0,0.0
2026-09-04 10:24:00-04:00,719.9099731445312,719.9099731445312,719.3900146484375,719.5900268554688,81612,0.0,0.0,0.0
2026-09-04 10:25:00-04:00,719.5399780273438,719.739990234375,719.3099975585938,719.3300170898438,129641,0.0,0.0,0.0
2026-09-04 10:26:00-04:00,719.3300170898438,719.375,718.8499755859375,719.1799926757812,202861,0.0,0.0,0.0
2026-09-04 10:27:00-04:00,719.1599731445312,719.3400268554688,719.125,719.1500244140625,105329,0.0,0.0,0.0
2026-09-04 10:28:00-04:00,719.14501953125,719.489990234375,718.9099731445312,719.4099731445312,230862,0.0,0.0,0.0
2026-09-04 10:29:00-04:00,719.4099731445312,719.6475219726562,719.3350219726562,719.5900268554688,86229,0.0,0.0,0.0
2026-09-04 10:30:00-04:00,719.5999755859375,719.6400146484375,718.9514770507812,718.9550170898438,134650,0.0,0.0,0.0
2026-09-04 10:31:00-04:00,718.9199829101562,718.97998046875,718.5999755859375,718.8200073242188,152306,0.0,0.0,0.0
2026-09-04 10:32:00-04:00,718.8300170898438,719.1500244140625,718.7899169921875,719.0972290039062,68764,0.0,0.0,0.0
2026-09-04 10:33:00-04:00,719.0750122070312,719.2999877929688,718.8099975585938,718.9000244140625,78550,0.0,0.0,0.0
2026-09-04 10:34:00-04:00,718.9099731445312,718.9400024414062,718.6199951171875,718.719970703125,79722,0.0,0.0,0.0
2026-09-04 10:35:00-04:00,718.6900024414062,719.0599975585938,718.6900024414062,719.010009765625,94033,0.0,0.0,0.0
2026-09-04 10:36:00-04:00,719.010009765625,719.3599853515625,718.9099731445312,719.260009765625,153451,0.0,0.0,0.0
2026-09-04 10:37:00-04:00,719.26611328125,719.4000244140625,718.9000244140625,719.27001953125,61490,0.0,0.0,0.0
2026-09-04 10:38:00-04:00,719.280029296875,719.4000244140625,719.1099853515625,719.1699829101562,42697,0.0,0.0,0.0
2026-09-04 10:39:00-04:00,719.1799926757812,719.375,719.02001953125,719.375,40737,0.0,0.0,0.0
2026-09-04 10:40:00-04:00,719.3300170898438,719.3599853515625,718.9400024414062,718.97998046875,85437,0.0,0.0,0.0
2026-09-04 10:41:00-04:00,718.97998046875,719.0662231445312,718.7999877929688,719.0399169921875,52470,0.0,0.0,0.0
2026-09-04 10:42:00-04:00,719.02001953125,719.0499877929688,718.2899780273438,718.3400268554688,78874,0.0,0.0,0.0
2026-09-04 10:43:00-04:00,718.3455810546875,718.4000244140625,718.0449829101562,718.0999755859375,97413,0.0,0.0,0.0
2026-09-04 10:44:00-04:00,718.10498046875,718.2550048828125,718.0377197265625,718.0715942382812,99184,0.0,0.0,0.0
2026-09-04 10:45:00-04:00,718.0700073242188,718.3295288085938,717.9505004882812,718.02001953125,187799,0.0,0.0,0.0
2026-09-04 10:46:00-04:00,718.0399780273438,718.22998046875,718.0,718.1799926757812,56427,0.0,0.0,0.0
2026-09-04 10:47:00-04:00,718.1799926757812,718.1799926757812,717.8950805664062,718.0800170898438,66788,0.0,0.0,0.0
2026-09-04 10:48:00-04:00,718.0800170898438,718.2000122070312,717.739990234375,717.8668823242188,73426,0.0,0.0,0.0
2026-09-04 10:49:00-04:00,717.8825073242188,717.9199829101562,717.510009765625,717.5100708007812,86437,0.0,0.0,0.0
2026-09-04 10:50:00-04:00,717.510009765625,717.9099731445312,717.5,717.8099975585938,132639,0.0,0.0,0.0
2026-09-04 10:51:00-04:00,717.8300170898438,718.114990234375,717.8099975585938,717.8499755859375,78152,0.0,0.0,0.0
2026-09-04 10:52:00-04:00,717.8400268554688,717.9400024414062,717.6400146484375,717.9099731445312,72870,0.0,0.0,0.0
2026-09-04 10:53:00-04:00,717.8800048828125,718.02001953125,717.739990234375,717.77001953125,75204,0.0,0.0,0.0
2026-09-04 10:54:00-04:00,717.8099975585938,717.856201171875,717.5,717.5999755859375,171610,0.0,0.0,0.0
2026-09-04 10:55:00-04:00,717.6599731445312,717.8800048828125,717.52001953125,717.7899780273438,69164,0.0,0.0,0.0
2026-09-04 10:56:00-04:00,717.7750244140625,717.8363037109375,717.260009765625,717.2716064453125,93981,0.0,0.0,0.0
2026-09-04 10:57:00-04:00,717.2899780273438,717.780029296875,717.27001953125,717.7761840820312,78465,0.0,0.0,0.0
2026-09-04 10:58:00-04:00,717.7899780273438,718.0,717.72998046875,717.9714965820312,110043,0.0,0.0,0.0
2026-09-04 10:59:00-04:00,717.9000244140625,718.0,717.5689697265625,717.7100219726562,194629,0.0,0.0,0.0
2026-09-04 11:00:00-04:00,717.760009765625,717.989990234375,717.6300048828125,717.8699951171875,75979,0.0,0.0,0.0
2026-09-04 11:01:00-04:00,717.8699951171875,718.0,717.7401123046875,717.8099975585938,59435,0.0,0.0,0.0
2026-09-04 11:02:00-04:00,717.8049926757812,717.8400268554688,717.25,717.5250244140625,110428,0.0,0.0,0.0
2026-09-04 11:03:00-04:00,717.5250244140625,717.5562133789062,717.3400268554688,717.4199829101562,84924,0.0,0.0,0.0
2026-09-04 11:04:00-04:00,717.3699951171875,717.6849975585938,717.239990234375,717.669921875,66625,0.0,0.0,0.0
2026-09-04 11:05:00-04:00,717.6500244140625,717.6699829101562,717.3699951171875,717.5267944335938,85556,0.0,0.0,0.0
2026-09-04 11:06:00-04:00,717.5700073242188,717.6900024414062,717.4949951171875,717.6199951171875,64152,0.0,0.0,0.0
2026-09-04 11:07:00-04:00,717.6229248046875,717.8800048828125,717.5399780273438,717.864990234375,231880,0.0,0.0,0.0
2026-09-04 11:08:00-04:00,717.8599853515625,718.0399169921875,717.7800903320312,717.8499755859375,62842,0.0,0.0,0.0
2026-09-04 11:09:00-04:00,717.9400024414062,717.9400024414062,717.6799926757812,717.9400024414062,152389,0.0,0.0,0.0
2026-09-04 11:10:00-04:00,717.8900146484375,717.9099731445312,717.5700073242188,717.7550048828125,67274,0.0,0.0,0.0
2026-09-04 11:11:00-04:00,717.7550048828125,718.0399780273438,717.739990234375,717.9099731445312,64364,0.0,0.0,0.0
2026-09-04 11:12:00-04:00,717.9000244140625,718.25,717.8400268554688,718.25,184288,0.0,0.0,0.0
2026-09-04 11:13:00-04:00,718.25,718.2579956054688,718.0399780273438,718.1500244140625,49074,0.0,0.0,0.0
2026-09-04 11:14:00-04:00,718.1300048828125,718.280029296875,718.0,718.280029296875,59627,0.0,0.0,0.0
2026-09-04 11:15:00-04:00,718.259521484375,718.3200073242188,718.1099853515625,718.1599731445312,90964,0.0,0.0,0.0
2026-09-04 11:16:00-04:00,718.2000122070312,718.2899780273438,718.0150146484375,718.0150146484375,62888,0.0,0.0,0.0
2026-09-04 11:17:00-04:00,718.030029296875,718.0499877929688,717.6900024414062,717.7639770507812,110254,0.0,0.0,0.0
2026-09-04 11:18:00-04:00,717.77001953125,717.77001953125,717.1599731445312,717.3385009765625,118114,0.0,0.0,0.0
2026-09-04 11:19:00-04:00,717.2899780273438,717.4299926757812,717.2550048828125,717.330322265625,66700,0.0,0.0,0.0
2026-09-04 11:20:00-04:00,717.3300170898438,717.4500122070312,717.0700073242188,717.239990234375,51601,0.0,0.0,0.0
2026-09-04 11:21:00-04:00,717.2000122070312,717.3195190429688,716.9299926757812,717.0399780273438,191485,0.0,0.0,0.0
2026-09-04 11:22:00-04:00,717.0700073242188,717.4400024414062,717.0700073242188,717.3300170898438,162890,0.0,0.0,0.0
2026-09-04 11:23:00-04:00,717.4199829101562,717.52001953125,717.3350219726562,717.3599853515625,64200,0.0,0.0,0.0
2026-09-04 11:24:00-04:00,717.3400268554688,717.5499877929688,717.2999877929688,717.3499755859375,46713,0.0,0.0,0.0
2026-09-04 11:25:00-04:00,717.3400268554688,717.5800170898438,717.211669921875,717.4299926757812,42725,0.0,0.0,0.0
2026-09-04 11:26:00-04:00,717.4299926757812,717.4500122070312,717.27001953125,717.280029296875,40041,0.0,0.0,0.0
2026-09-04 11:27:00-04:00,717.2999877929688,717.4199829101562,717.2000122070312,717.3200073242188,158602,0.0,0.0,0.0
2026-09-04 11:28:00-04:00,717.3800048828125,717.4799194335938,717.25,717.4500122070312,46746,0.0,0.0,0.0
2026-09-04 11:29:00-04:00,717.47998046875,717.5050048828125,717.239990234375,717.4400024414062,82963,0.0,0.0,0.0
2026-09-04 11:30:00-04:00,717.4299926757812,717.530029296875,716.864990234375,716.9650268554688,114627,0.0,0.0,0.0
2026-09-04 11:31:00-04:00,716.9149780273438,717.1199951171875,716.7899780273438,716.9749755859375,81346,0.0,0.0,0.0
2026-09-04 11:32:00-04:00,716.9749755859375,717.0700073242188,716.8900146484375,716.9550170898438,39399,0.0,0.0,0.0
2026-09-04 11:33:00-04:00,716.9600219726562,717.22998046875,716.9099731445312,717.22998046875,32425,0.0,0.0,0.0
2026-09-04 11:34:00-04:00,717.22998046875,717.3099975585938,716.9520263671875,717.0700073242188,50602,0.0,0.0,0.0
2026-09-04 11:35:00-04:00,717.0784301757812,717.4349975585938,717.0401000976562,717.25,43181,0.0,0.0,0.0
2026-09-04 11:36:00-04:00,717.25,717.3499755859375,717.1400146484375,717.1599731445312,24321,0.0,0.0,0.0
2026-09-04 11:37:00-04:00,717.169921875,717.260009765625,717.11279296875,717.1500244140625,17724,0.0,0.0,0.0
2026-09-04 11:38:00-04:00,717.2150268554688,717.3800048828125,717.2100219726562,717.2899780273438,42110,0.0,0.0,0.0
2026-09-04 11:39:00-04:00,717.2999877929688,717.3599853515625,717.2249755859375,717.3350219726562,37936,0.0,0.0,0.0
2026-09-04 11:40:00-04:00,717.3800048828125,717.4099731445312,717.239990234375,717.3049926757812,41152,0.0,0.0,0.0
2026-09-04 11:41:00-04:00,717.3049926757812,717.5599975585938,717.25,717.5599975585938,55763,0.0,0.0,0.0
2026-09-04 11:42:00-04:00,717.5549926757812,717.8499755859375,717.5549926757812,717.8099975585938,58815,0.0,0.0,0.0
2026-09-04 11:43:00-04:00,717.7899780273438,717.8699951171875,717.7200927734375,717.7899169921875,168939,0.0,0.0,0.0
2026-09-04 11:44:00-04:00,717.7849731445312,717.8200073242188,717.7000122070312,717.760009765625,17940,0.0,0.0,0.0
2026-09-04 11:45:00-04:00,717.7427978515625,717.7427978515625,717.5399780273438,717.7269897460938,35790,0.0,0.0,0.0
2026-09-04 11:46:00-04:00,717.72998046875,717.8098754882812,717.469970703125,717.469970703125,25262,0.0,0.0,0.0
2026-09-04 11:47:00-04:00,717.469970703125,717.4899291992188,717.1199951171875,717.1600952148438,48215,0.0,0.0,0.0
2026-09-04 11:48:00-04:00,717.1699829101562,717.219970703125,717.0,717.2050170898438,26531,0.0,0.0,0.0
2026-09-04 11:49:00-04:00,717.2100219726562,717.3536987304688,717.1599731445312,717.3400268554688,23629,0.0,0.0,0.0
2026-09-04 11:50:00-04:00,717.3350219726562,717.6799926757812,717.22998046875,717.2410278320312,37783,0.0,0.0,0.0
2026-09-04 11:51:00-04:00,717.3099975585938,717.403076171875,717.2214965820312,717.3270263671875,27242,0.0,0.0,0.0
2026-09-04 11:52:00-04:00,717.3300170898438,717.4199829101562,717.2100219726562,717.3200073242188,52440,0.0,0.0,0.0
2026-09-04 11:53:00-04:00,717.3200073242188,717.4299926757812,717.1699829101562,717.3889770507812,21653,0.0,0.0,0.0
2026-09-04 11:54:00-04:00,717.3099975585938,717.4400024414062,717.2501220703125,717.3699951171875,19599,0.0,0.0,0.0
2026-09-04 11:55:00-04:00,717.364990234375,717.598876953125,717.364990234375,717.4650268554688,27110,0.0,0.0,0.0
2026-09-04 11:56:00-04:00,717.469970703125,717.5499877929688,717.4299926757812,717.4400024414062,20556,0.0,0.0,0.0
2026-09-04 11:57:00-04:00,717.4099731445312,717.619384765625,717.22998046875,717.5650024414062,30973,0.0,0.0,0.0
2026-09-04 11:58:00-04:00,717.5900268554688,717.6099853515625,717.4498901367188,717.5,35793,0.0,0.0,0.0
2026-09-04 11:59:00-04:00,717.5650024414062,717.7186279296875,717.5650024414062,717.630126953125,23279,0.0,0.0,0.0
2026-09-04 12:00:00-04:00,717.6500244140625,717.718505859375,717.489990234375,717.718505859375,42604,0.0,0.0,0.0
2026-09-04 12:01:00-04:00,717.739990234375,717.75,717.5399780273438,717.580078125,38094,0.0,0.0,0.0
2026-09-04 12:02:00-04:00,717.5800170898438,717.6599731445312,717.5349731445312,717.6199951171875,39220,0.0,0.0,0.0
2026-09-04 12:03:00-04:00,717.619873046875,717.6400146484375,717.4299926757812,717.489990234375,30614,0.0,0.0,0.0
2026-09-04 12:04:00-04:00,717.4700927734375,717.669921875,717.469970703125,717.6300048828125,35508,0.0,0.0,0.0
2026-09-04 12:05:00-04:00,717.6298828125,717.844970703125,717.6199951171875,717.7999877929688,41774,0.0,0.0,0.0
2026-09-04 12:06:00-04:00,717.8049926757812,717.8300170898438,717.510009765625,717.7750244140625,77050,0.0,0.0,0.0
2026-09-04 12:07:00-04:00,717.77001953125,717.969970703125,717.755615234375,717.969970703125,26303,0.0,0.0,0.0
2026-09-04 12:08:00-04:00,717.9730834960938,718.1500244140625,717.9514770507812,718.135009765625,39808,0.0,0.0,0.0
2026-09-04 12:09:00-04:00,718.1500244140625,718.1649780273438,718.02001953125,718.0750122070312,57290,0.0,0.0,0.0
2026-09-04 12:10:00-04:00,718.082275390625,718.260009765625,717.97998046875,718.2000122070312,71926,0.0,0.0,0.0
2026-09-04 12:11:00-04:00,718.2000122070312,718.2999877929688,718.1400146484375,718.2999877929688,47259,0.0,0.0,0.0
2026-09-04 12:12:00-04:00,718.2999877929688,718.4000244140625,718.2349853515625,718.3610229492188,46868,0.0,0.0,0.0
2026-09-04 12:13:00-04:00,718.4199829101562,718.5499877929688,718.3206787109375,718.344970703125,43415,0.0,0.0,0.0
2026-09-04 12:14:00-04:00,718.3499755859375,718.5,718.3300170898438,718.4550170898438,27344,0.0,0.0,0.0
2026-09-04 12:15:00-04:00,718.4500122070312,718.4500122070312,718.2650146484375,718.3300170898438,26333,0.0,0.0,0.0
2026-09-04 12:16:00-04:00,718.3350219726562,718.4299926757812,718.260009765625,718.260009765625,126698,0.0,0.0,0.0
2026-09-04 12:17:00-04:00,718.25,718.3300170898438,718.1900024414062,718.2999877929688,37711,0.0,0.0,0.0
2026-09-04 12:18:00-04:00,718.2949829101562,718.39501953125,718.1950073242188,718.3400268554688,78241,0.0,0.0,0.0
2026-09-04 12:19:00-04:00,718.375,718.4285888671875,718.3300170898438,718.3699951171875,25975,0.0,0.0,0.0
2026-09-04 12:20:00-04:00,718.3699951171875,718.6699829101562,718.3699951171875,718.614990234375,111426,0.0,0.0,0.0
2026-09-04 12:21:00-04:00,718.5999145507812,718.85498046875,718.594970703125,718.6799926757812,46571,0.0,0.0,0.0
2026-09-04 12:22:00-04:00,718.6300048828125,718.6300048828125,718.5150146484375,718.5499877929688,38181,0.0,0.0,0.0
2026-09-04 12:23:00-04:00,718.5549926757812,718.5700073242188,718.4299926757812,718.5449829101562,39254,0.0,0.0,0.0
2026-09-04 12:24:00-04:00,718.5599975585938,718.6599731445312,718.4099731445312,718.614990234375,34659,0.0,0.0,0.0
2026-09-04 12:25:00-04:00,718.5999755859375,718.6199951171875,718.469970703125,718.5599975585938,22564,0.0,0.0,0.0
2026-09-04 12:26:00-04:00,718.5549926757812,718.5999755859375,718.4299926757812,718.4600219726562,30639,0.0,0.0,0.0
2026-09-04 12:27:00-04:00,718.469970703125,718.72998046875,718.469970703125,718.72998046875,35265,0.0,0.0,0.0
2026-09-04 12:28:00-04:00,718.7249755859375,718.7598876953125,718.635009765625,718.7100219726562,37591,0.0,0.0,0.0
2026-09-04 12:29:00-04:00,718.7050170898438,718.72998046875,718.5050048828125,718.6099853515625,156844,0.0,0.0,0.0
2026-09-04 12:30:00-04:00,718.6094970703125,718.6649780273438,718.489990234375,718.6649780273438,51844,0.0,0.0,0.0
2026-09-04 12:31:00-04:00,718.6500244140625,718.8350219726562,718.6500244140625,718.7999877929688,50883,0.0,0.0,0.0
2026-09-04 12:32:00-04:00,718.8200073242188,718.9099731445312,718.7899780273438,718.9099731445312,59191,0.0,0.0,0.0
2026-09-04 12:33:00-04:00,718.9099731445312,718.9099731445312,718.8200073242188,718.8701171875,24222,0.0,0.0,0.0
2026-09-04 12:34:00-04:00,718.8699951171875,719.0050048828125,718.859619140625,719.0050048828125,55184,0.0,0.0,0.0
2026-09-04 12:35:00-04:00,719.0009765625,719.0800170898438,718.9299926757812,719.010009765625,51132,0.0,0.0,0.0
2026-09-04 12:36:00-04:00,718.9949951171875,719.0,718.8200073242188,718.830078125,283178,0.0,0.0,0.0
2026-09-04 12:37:00-04:00,718.8400268554688,718.9099731445312,718.72998046875,718.8250122070312,202464,0.0,0.0,0.0
2026-09-04 12:38:00-04:00,718.8250122070312,718.8400268554688,718.760009765625,718.760009765625,158717,0.0,0.0,0.0
2026-09-04 12:39:00-04:00,718.7550048828125,718.8300170898438,718.7100219726562,718.8099975585938,47023,0.0,0.0,0.0
2026-09-04 12:40:00-04:00,718.7949829101562,718.9299926757812,718.7949829101562,718.8599853515625,41075,0.0,0.0,0.0
2026-09-04 12:41:00-04:00,718.8699951171875,718.8900146484375,718.7520141601562,718.8350219726562,54619,0.0,0.0,0.0
2026-09-04 12:42:00-04:00,718.8300170898438,718.8499755859375,718.7249755859375,718.780029296875,111564,0.0,0.0,0.0
2026-09-04 12:43:00-04:00,718.8300170898438,718.8699951171875,718.75,718.7949829101562,52412,0.0,0.0,0.0
2026-09-04 12:44:00-04:00,718.8300170898438,718.9600219726562,718.8300170898438,718.9249877929688,40722,0.0,0.0,0.0
2026-09-04 12:45:00-04:00,718.9500122070312,718.97998046875,718.8699951171875,718.9149780273438,50586,0.0,0.0,0.0
2026-09-04 12:46:00-04:00,718.9124755859375,718.9849853515625,718.905029296875,718.9600219726562,46396,0.0,0.0,0.0
2026-09-04 12:47:00-04:00,718.989990234375,719.239990234375,718.989990234375,719.22998046875,62156,0.0,0.0,0.0
2026-09-04 12:48:00-04:00,719.219970703125,719.25,719.0800170898438,719.2130737304688,73661,0.0,0.0,0.0
2026-09-04 12:49:00-04:00,719.2249755859375,719.469970703125,719.2249755859375,719.4450073242188,83792,0.0,0.0,0.0
2026-09-04 12:50:00-04:00,719.4600219726562,719.60498046875,719.4500122070312,719.60498046875,96497,0.0,0.0,0.0
2026-09-04 12:51:00-04:00,719.60498046875,719.60498046875,719.4400024414062,719.5,51947,0.0,0.0,0.0
2026-09-04 12:52:00-04:00,719.510009765625,719.52001953125,719.4349975585938,719.47998046875,22822,0.0,0.0,0.0
2026-09-04 12:53:00-04:00,719.5297241210938,719.5297241210938,719.3800048828125,719.3800048828125,43194,0.0,0.0,0.0
2026-09-04 12:54:00-04:00,719.3699951171875,719.4500122070312,719.3599853515625,719.3599853515625,73822,0.0,0.0,0.0
2026-09-04 12:55:00-04:00,719.3599853515625,719.4099731445312,719.2813720703125,719.389892578125,34168,0.0,0.0,0.0
2026-09-04 12:56:00-04:00,719.385009765625,719.4099731445312,719.1900024414062,719.219970703125,31633,0.0,0.0,0.0
2026-09-04 12:57:00-04:00,719.260009765625,719.3699951171875,719.22998046875,719.3099975585938,68435,0.0,0.0,0.0
2026-09-04 12:58:00-04:00,719.2999877929688,719.4000244140625,719.2899780273438,719.3699951171875,21680,0.0,0.0,0.0
2026-09-04 12:59:00-04:00,719.375,719.385009765625,719.1420288085938,719.1599731445312,39393,0.0,0.0,0.0
2026-09-04 13:00:00-04:00,719.1599731445312,719.219970703125,718.8800048828125,718.9949951171875,87558,0.0,0.0,0.0
2026-09-04 13:01:00-04:00,719.0050048828125,719.02001953125,718.8699951171875,718.969970703125,46422,0.0,0.0,0.0
2026-09-04 13:02:00-04:00,718.9400024414062,718.9500122070312,718.5850219726562,718.6699829101562,60545,0.0,0.0,0.0
2026-09-04 13:03:00-04:00,718.6696166992188,718.6699829101562,718.52001953125,718.530029296875,37307,0.0,0.0,0.0
2026-09-04 13:04:00-04:00,718.5250244140625,718.5900268554688,718.39501953125,718.5349731445312,64109,0.0,0.0,0.0
2026-09-04 13:05:00-04:00,718.530029296875,718.780029296875,718.510009765625,718.6699829101562,90634,0.0,0.0,0.0
2026-09-04 13:06:00-04:00,718.6799926757812,718.6893920898438,718.5150146484375,718.5598754882812,33265,0.0,0.0,0.0
2026-09-04 13:07:00-04:00,718.5499877929688,718.6500244140625,718.5050048828125,718.5399780273438,37814,0.0,0.0,0.0
2026-09-04 13:08:00-04:00,718.5800170898438,718.6300048828125,718.3099975585938,718.3200073242188,57236,0.0,0.0,0.0
2026-09-04 13:09:00-04:00,718.3300170898438,718.35498046875,718.2349853515625,718.239990234375,86394,0.0,0.0,0.0
2026-09-04 13:10:00-04:00,718.239990234375,718.4083862304688,718.239990234375,718.2650146484375,75210,0.0,0.0,0.0
2026-09-04 13:11:00-04:00,718.2650146484375,718.3599853515625,718.110107421875,718.110107421875,70005,0.0,0.0,0.0
2026-09-04 13:12:00-04:00,718.0900268554688,718.2550048828125,718.0650024414062,718.25,39360,0.0,0.0,0.0
2026-09-04 13:13:00-04:00,718.25,718.2899780273438,718.1699829101562,718.2100219726562,30797,0.0,0.0,0.0
2026-09-04 13:14:00-04:00,718.2098999023438,718.280029296875,718.0999755859375,718.1400146484375,24888,0.0,0.0,0.0
2026-09-04 13:15:00-04:00,718.1400146484375,718.2249755859375,718.0750122070312,718.10498046875,43974,0.0,0.0,0.0
2026-09-04 13:16:00-04:00,718.1300048828125,718.1950073242188,717.97998046875,718.1500244140625,60680,0.0,0.0,0.0
2026-09-04 13:17:00-04:00,718.1749877929688,718.3300170898438,718.1749877929688,718.2899780273438,56570,0.0,0.0,0.0
2026-09-04 13:18:00-04:00,718.3049926757812,718.3049926757812,718.1849975585938,718.219970703125,54597,0.0,0.0,0.0
2026-09-04 13:19:00-04:00,718.2050170898438,718.260009765625,717.969970703125,718.0499877929688,108653,0.0,0.0,0.0
2026-09-04 13:20:00-04:00,718.0599975585938,718.1599731445312,718.0599975585938,718.1199951171875,73125,0.0,0.0,0.0
2026-09-04 13:21:00-04:00,718.0999755859375,718.0999755859375,717.8099975585938,717.8499755859375,94572,0.0,0.0,0.0
2026-09-04 13:22:00-04:00,717.8300170898438,717.9849853515625,717.8300170898438,717.9400024414062,67428,0.0,0.0,0.0
2026-09-04 13:23:00-04:00,717.9400024414062,717.9451293945312,717.8300170898438,717.9099731445312,94909,0.0,0.0,0.0
2026-09-04 13:24:00-04:00,717.9000244140625,717.9099731445312,717.72998046875,717.739990234375,71724,0.0,0.0,0.0
2026-09-04 13:25:00-04:00,717.75,717.8699951171875,717.7050170898438,717.8499755859375,54800,0.0,0.0,0.0
2026-09-04 13:26:00-04:00,717.85498046875,717.9349975585938,717.780029296875,717.780029296875,57249,0.0,0.0,0.0
2026-09-04 13:27:00-04:00,717.77001953125,717.8099975585938,717.7100219726562,717.77001953125,61301,0.0,0.0,0.0
2026-09-04 13:28:00-04:00,717.7899780273438,717.8200073242188,717.6099853515625,717.6099853515625,62642,0.0,0.0,0.0
2026-09-04 13:29:00-04:00,717.5999755859375,717.6099853515625,717.4199829101562,717.5050048828125,75311,0.0,0.0,0.0
2026-09-04 13:30:00-04:00,717.5,717.5,717.2349853515625,717.2899780273438,117057,0.0,0.0,0.0
2026-09-04 13:31:00-04:00,717.2899780273438,717.4000244140625,717.22998046875,717.3400268554688,45027,0.0,0.0,0.0
2026-09-04 13:32:00-04:00,717.3599853515625,717.3800048828125,717.1599731445312,717.239990234375,102473,0.0,0.0,0.0
2026-09-04 13:33:00-04:00,717.25,717.427490234375,717.0800170898438,717.0800170898438,31281,0.0,0.0,0.0
2026-09-04 13:34:00-04:00,717.0800170898438,717.1690063476562,716.97998046875,717.1690063476562,155307,0.0,0.0,0.0
2026-09-04 13:35:00-04:00,717.1500244140625,717.3300170898438,717.0599975585938,717.2454223632812,57266,0.0,0.0,0.0
2026-09-04 13:36:00-04:00,717.25,717.3049926757812,717.1599731445312,717.2299194335938,145944,0.0,0.0,0.0
2026-09-04 13:37:00-04:00,717.239990234375,717.260009765625,717.0999755859375,717.1550903320312,44456,0.0,0.0,0.0
2026-09-04 13:38:00-04:00,717.1599731445312,717.2750244140625,717.0999755859375,717.1699829101562,47313,0.0,0.0,0.0
2026-09-04 13:39:00-04:00,717.2000122070312,717.239990234375,717.10498046875,717.1950073242188,49789,0.0,0.0,0.0
2026-09-04 13:40:00-04:00,717.2000122070312,717.2100219726562,716.9215698242188,717.1400146484375,84415,0.0,0.0,0.0
2026-09-04 13:41:00-04:00,717.1300048828125,717.1400146484375,716.8300170898438,716.8599853515625,79709,0.0,0.0,0.0
2026-09-04 13:42:00-04:00,716.8599853515625,716.905029296875,716.719970703125,716.719970703125,92009,0.0,0.0,0.0
2026-09-04 13:43:00-04:00,716.719970703125,716.989990234375,716.7000122070312,716.9581298828125,59279,0.0,0.0,0.0
2026-09-04 13:44:00-04:00,716.9600219726562,717.0170288085938,716.7849731445312,716.8049926757812,24795,0.0,0.0,0.0
2026-09-04 13:45:00-04:00,716.7949829101562,716.8499755859375,716.5599975585938,716.655029296875,58494,0.0,0.0,0.0
2026-09-04 13:46:00-04:00,716.6599731445312,716.8300170898438,716.5850219726562,716.8200073242188,29494,0.0,0.0,0.0
2026-09-04 13:47:00-04:00,716.864990234375,717.1298828125,716.7849731445312,716.9500122070312,45173,0.0,0.0,0.0
2026-09-04 13:48:00-04:00,716.986328125,717.089599609375,716.8499755859375,717.0050048828125,45042,0.0,0.0,0.0
2026-09-04 13:49:00-04:00,716.989990234375,717.0499877929688,716.9130859375,716.9299926757812,126347,0.0,0.0,0.0
2026-09-04 13:50:00-04:00,716.9400024414062,717.0700073242188,716.9400024414062,716.969970703125,50408,0.0,0.0,0.0
2026-09-04 13:51:00-04:00,716.969970703125,717.0,716.8602294921875,716.9998779296875,69280,0.0,0.0,0.0
2026-09-04 13:52:00-04:00,716.97998046875,717.2000122070312,716.97998046875,717.1199951171875,64089,0.0,0.0,0.0
2026-09-04 13:53:00-04:00,717.1162109375,717.1199951171875,716.9749755859375,717.0098876953125,78803,0.0,0.0,0.0
2026-09-04 13:54:00-04:00,717.0,717.02001953125,716.9194946289062,716.9650268554688,51672,0.0,0.0,0.0
2026-09-04 13:55:00-04:00,716.9600219726562,716.97998046875,716.8499755859375,716.9299926757812,41836,0.0,0.0,0.0
2026-09-04 13:56:00-04:00,716.9249877929688,717.02001953125,716.8800048828125,716.9249877929688,35709,0.0,0.0,0.0
2026-09-04 13:57:00-04:00,716.9298706054688,717.010009765625,716.905029296875,716.9500122070312,30637,0.0,0.0,0.0
2026-09-04 13:58:00-04:00,716.9749755859375,717.22998046875,716.9500122070312,717.2100219726562,21455,0.0,0.0,0.0
2026-09-04 13:59:00-04:00,717.2100219726562,717.2659912109375,717.0900268554688,717.1199951171875,24880,0.0,0.0,0.0
2026-09-04 14:00:00-04:00,717.1099853515625,717.2634887695312,717.10498046875,717.1749877929688,28471,0.0,0.0,0.0
2026-09-04 14:01:00-04:00,717.1799926757812,717.2050170898438,716.7899780273438,716.8558959960938,48194,0.0,0.0,0.0
2026-09-04 14:02:00-04:00,716.8099975585938,716.8900146484375,716.7750244140625,716.7899780273438,158381,0.0,0.0,0.0
2026-09-04 14:03:00-04:00,716.7949829101562,716.8499755859375,716.7349853515625,716.7349853515625,78910,0.0,0.0,0.0
2026-09-04 14:04:00-04:00,716.7449951171875,716.7999877929688,716.6599731445312,716.7496948242188,51566,0.0,0.0,0.0
2026-09-04 14:05:00-04:00,716.760009765625,716.844970703125,716.6500244140625,716.8200073242188,158671,0.0,0.0,0.0
2026-09-04 14:06:00-04:00,716.8115234375,716.8400268554688,716.6400146484375,716.75,46559,0.0,0.0,0.0
2026-09-04 14:07:00-04:00,716.7550048828125,716.8099975585938,716.739990234375,716.7899780273438,27877,0.0,0.0,0.0
2026-09-04 14:08:00-04:00,716.7849731445312,716.9199829101562,716.760009765625,716.9199829101562,45378,0.0,0.0,0.0
2026-09-04 14:09:00-04:00,716.9100952148438,717.0900268554688,716.8400268554688,717.0900268554688,56774,0.0,0.0,0.0
2026-09-04 14:10:00-04:00,717.0599975585938,717.1500244140625,716.989990234375,717.1400146484375,33334,0.0,0.0,0.0
2026-09-04 14:11:00-04:00,717.135009765625,717.2449951171875,717.0599975585938,717.0900268554688,43110,0.0,0.0,0.0
2026-09-04 14:12:00-04:00,717.0900268554688,717.2100219726562,717.0599975585938,717.1400146484375,53229,0.0,0.0,0.0
2026-09-04 14:13:00-04:00,717.1300048828125,717.2050170898438,717.0800170898438,717.1199951171875,28856,0.0,0.0,0.0
2026-09-04 14:14:00-04:00,717.1699829101562,717.1900024414062,717.010009765625,717.010009765625,30096,0.0,0.0,0.0
2026-09-04 14:15:00-04:00,717.0349731445312,717.125,716.9949951171875,717.0198974609375,30320,0.0,0.0,0.0
2026-09-04 14:16:00-04:00,717.030029296875,717.0999755859375,716.9600219726562,717.0250244140625,43597,0.0,0.0,0.0
2026-09-04 14:17:00-04:00,717.0800170898438,717.1699829101562,717.030517578125,717.1500244140625,49341,0.0,0.0,0.0
2026-09-04 14:18:00-04:00,717.1400146484375,717.3699951171875,717.1400146484375,717.35498046875,57806,0.0,0.0,0.0
2026-09-04 14:19:00-04:00,717.3541870117188,717.4550170898438,717.3541870117188,717.4299926757812,54675,0.0,0.0,0.0
2026-09-04 14:20:00-04:00,717.4349975585938,717.5700073242188,717.3599853515625,717.5515747070312,78203,0.0,0.0,0.0
2026-09-04 14:21:00-04:00,717.5599975585938,717.6699829101562,717.5015869140625,717.635009765625,47026,0.0,0.0,0.0
2026-09-04 14:22:00-04:00,717.6215209960938,717.6400146484375,717.5401000976562,717.595703125,29587,0.0,0.0,0.0
2026-09-04 14:23:00-04:00,717.5999755859375,717.6300048828125,717.530029296875,717.5700073242188,34646,0.0,0.0,0.0
2026-09-04 14:24:00-04:00,717.5599975585938,717.6300048828125,717.4600219726562,717.4749755859375,136845,0.0,0.0,0.0
2026-09-04 14:25:00-04:00,717.489990234375,717.6015014648438,717.489990234375,717.5599975585938,20013,0.0,0.0,0.0
2026-09-04 14:26:00-04:00,717.5549926757812,717.5800170898438,717.4299926757812,717.4550170898438,37381,0.0,0.0,0.0
2026-09-04 14:27:00-04:00,717.47998046875,717.5999755859375,717.3900146484375,717.594970703125,141532,0.0,0.0,0.0
2026-09-04 14:28:00-04:00,717.5900268554688,717.5900268554688,717.4299926757812,717.4349975585938,38481,0.0,0.0,0.0
2026-09-04 14:29:00-04:00,717.4299926757812,717.5999755859375,717.3900146484375,717.5629272460938,262886,0.0,0.0,0.0
2026-09-04 14:30:00-04:00,717.5999755859375,717.7249755859375,717.5885009765625,717.64501953125,44307,0.0,0.0,0.0
2026-09-04 14:31:00-04:00,717.6550903320312,717.7000122070312,717.5814819335938,717.6599731445312,133653,0.0,0.0,0.0
2026-09-04 14:32:00-04:00,717.6649780273438,717.7098999023438,717.5900268554688,717.6649780273438,27353,0.0,0.0,0.0
2026-09-04 14:33:00-04:00,717.6649780273438,717.6900024414062,717.6099853515625,717.6550903320312,65629,0.0,0.0,0.0
2026-09-04 14:34:00-04:00,717.7000122070312,717.73876953125,717.6799926757812,717.72998046875,23294,0.0,0.0,0.0
2026-09-04 14:35:00-04:00,717.7249755859375,717.77001953125,717.5800170898438,717.6099853515625,72152,0.0,0.0,0.0
2026-09-04 14:36:00-04:00,717.6099853515625,717.6171264648438,717.4299926757812,717.5499877929688,64572,0.0,0.0,0.0
2026-09-04 14:37:00-04:00,717.530029296875,717.5900268554688,717.4400024414062,717.4400024414062,20505,0.0,0.0,0.0
2026-09-04 14:38:00-04:00,717.4500122070312,717.5750122070312,717.4400024414062,717.5750122070312,12202,0.0,0.0,0.0
2026-09-04 14:39:00-04:00,717.5700073242188,717.5700073242188,717.5,717.5499877929688,17147,0.0,0.0,0.0
2026-09-04 14:40:00-04:00,717.5750122070312,717.6699829101562,717.489990234375,717.5150756835938,46051,0.0,0.0,0.0
2026-09-04 14:41:00-04:00,717.52001953125,717.5999755859375,717.4299926757812,717.510009765625,34881,0.0,0.0,0.0
2026-09-04 14:42:00-04:00,717.5300903320312,717.6300048828125,717.5300903320312,717.5701293945312,20820,0.0,0.0,0.0
2026-09-04 14:43:00-04:00,717.57958984375,717.7650146484375,717.5399780273438,717.7449951171875,59929,0.0,0.0,0.0
2026-09-04 14:44:00-04:00,717.760009765625,717.875,717.7550048828125,717.8250122070312,25145,0.0,0.0,0.0
2026-09-04 14:45:00-04:00,717.8200073242188,717.885009765625,717.8098754882812,717.8316040039062,37261,0.0,0.0,0.0
2026-09-04 14:46:00-04:00,717.85498046875,717.969970703125,717.85498046875,717.8599853515625,28250,0.0,0.0,0.0
2026-09-04 14:47:00-04:00,717.8699951171875,717.9600219726562,717.8599853515625,717.9199829101562,24931,0.0,0.0,0.0
2026-09-04 14:48:00-04:00,717.9400024414062,717.9600219726562,717.8499755859375,717.905029296875,26510,0.0,0.0,0.0
2026-09-04 14:49:00-04:00,717.9011840820312,718.0,717.885009765625,717.9849853515625,30319,0.0,0.0,0.0
2026-09-04 14:50:00-04:00,717.969970703125,717.989990234375,717.9099731445312,717.9299926757812,24483,0.0,0.0,0.0
2026-09-04 14:51:00-04:00,717.9298706054688,717.9298706054688,717.8350219726562,717.8800048828125,30089,0.0,0.0,0.0
2026-09-04 14:52:00-04:00,717.8800048828125,718.0150146484375,717.8800048828125,718.010009765625,27398,0.0,0.0,0.0
2026-09-04 14:53:00-04:00,718.010009765625,718.030029296875,717.9550170898438,717.9600830078125,26493,0.0,0.0,0.0
2026-09-04 14:54:00-04:00,717.97998046875,718.0599975585938,717.9699096679688,718.0,45386,0.0,0.0,0.0
2026-09-04 14:55:00-04:00,718.010009765625,718.1300048828125,717.9400024414062,718.0590209960938,57736,0.0,0.0,0.0
2026-09-04 14:56:00-04:00,718.0850219726562,718.2100219726562,718.0599975585938,718.2091064453125,39770,0.0,0.0,0.0
2026-09-04 14:57:00-04:00,718.219970703125,718.2750854492188,718.1849975585938,718.2750854492188,22235,0.0,0.0,0.0
2026-09-04 14:58:00-04:00,718.2999877929688,718.3200073242188,718.1699829101562,718.2000122070312,32829,0.0,0.0,0.0
2026-09-04 14:59:00-04:00,718.2000122070312,718.27001953125,718.1900024414062,718.22998046875,23753,0.0,0.0,0.0
2026-09-04 15:00:00-04:00,718.2349853515625,718.3599853515625,718.0800170898438,718.2100219726562,43928,0.0,0.0,0.0
2026-09-04 15:01:00-04:00,718.2550048828125,718.2899780273438,718.1699829101562,718.2349853515625,37670,0.0,0.0,0.0
2026-09-04 15:02:00-04:00,718.228515625,718.228515625,717.9400024414062,717.9450073242188,29676,0.0,0.0,0.0
2026-09-04 15:03:00-04:00,717.9749755859375,717.9783935546875,717.7799072265625,717.780029296875,77435,0.0,0.0,0.0
2026-09-04 15:04:00-04:00,717.7750244140625,717.7899780273438,717.5599975585938,717.5900268554688,42672,0.0,0.0,0.0
2026-09-04 15:05:00-04:00,717.6199951171875,717.719970703125,717.5900268554688,717.719970703125,31750,0.0,0.0,0.0
2026-09-04 15:06:00-04:00,717.739990234375,717.739990234375,717.5349731445312,717.5700073242188,29104,0.0,0.0,0.0
2026-09-04 15:07:00-04:00,717.5825805664062,717.719970703125,717.47998046875,717.5050048828125,24833,0.0,0.0,0.0
2026-09-04 15:08:00-04:00,717.5050048828125,717.5900268554688,717.47998046875,717.5800170898438,27003,0.0,0.0,0.0
2026-09-04 15:09:00-04:00,717.5900268554688,717.6300048828125,717.530029296875,717.5499877929688,25546,0.0,0.0,0.0
2026-09-04 15:10:00-04:00,717.530029296875,717.6699829101562,717.47998046875,717.6699829101562,20630,0.0,0.0,0.0
2026-09-04 15:11:00-04:00,717.6649780273438,717.739990234375,717.6199951171875,717.6900024414062,131524,0.0,0.0,0.0
2026-09-04 15:12:00-04:00,717.7000122070312,717.77001953125,717.64501953125,717.6599731445312,24574,0.0,0.0,0.0
2026-09-04 15:13:00-04:00,717.6671752929688,717.6671752929688,717.594970703125,717.6199951171875,24746,0.0,0.0,0.0
2026-09-04 15:14:00-04:00,717.64501953125,717.7098999023438,717.5599975585938,717.5599975585938,42250,0.0,0.0,0.0
2026-09-04 15:15:00-04:00,717.5900268554688,717.7100219726562,717.5750122070312,717.6900024414062,30352,0.0,0.0,0.0
2026-09-04 15:16:00-04:00,717.7100219726562,717.72998046875,717.5999755859375,717.5999755859375,11013,0.0,0.0,0.0
2026-09-04 15:17:00-04:00,717.6099243164062,717.8298950195312,717.5905151367188,717.719970703125,33565,0.0,0.0,0.0
2026-09-04 15:18:00-04:00,717.7299194335938,717.780029296875,717.7000122070312,717.7000122070312,33832,0.0,0.0,0.0
2026-09-04 15:19:00-04:00,717.7100219726562,717.72998046875,717.6199951171875,717.6799926757812,12004,0.0,0.0,0.0
2026-09-04 15:20:00-04:00,717.6799926757812,717.7949829101562,717.6500244140625,717.780029296875,19475,0.0,0.0,0.0
2026-09-04 15:21:00-04:00,717.77001953125,717.8400268554688,717.75,717.780029296875,12261,0.0,0.0,0.0
2026-09-04 15:22:00-04:00,717.7899780273438,717.8200073242188,717.664306640625,717.719970703125,10636,0.0,0.0,0.0
2026-09-04 15:23:00-04:00,717.72998046875,717.780029296875,717.6749877929688,717.77001953125,16280,0.0,0.0,0.0
2026-09-04 15:24:00-04:00,717.7899780273438,717.8900146484375,717.77001953125,717.8699951171875,44129,0.0,0.0,0.0
2026-09-04 15:25:00-04:00,717.9299926757812,717.97998046875,717.8900146484375,717.8900146484375,30641,0.0,0.0,0.0
2026-09-04 15:26:00-04:00,717.8900146484375,717.9299926757812,717.83251953125,717.8400268554688,19129,0.0,0.0,0.0
2026-09-04 15:27:00-04:00,717.8599853515625,718.0698852539062,717.8400268554688,717.9600219726562,33490,0.0,0.0,0.0
2026-09-04 15:28:00-04:00,717.9500122070312,718.0399780273438,717.9321899414062,717.9949951171875,39833,0.0,0.0,0.0
2026-09-04 15:29:00-04:00,717.97998046875,718.0,717.8701171875,717.9500122070312,25346,0.0,0.0,0.0
2026-09-04 15:30:00-04:00,717.9500122070312,718.0,717.7899780273438,718.0,28849,0.0,0.0,0.0
2026-09-04 15:31:00-04:00,718.030029296875,718.0999755859375,717.9600219726562,718.0050048828125,36213,0.0,0.0,0.0
2026-09-04 15:32:00-04:00,718.0,718.0449829101562,717.9600219726562,718.010009765625,45410,0.0,0.0,0.0
2026-09-04 15:33:00-04:00,718.0,718.22998046875,718.0,718.22998046875,51249,0.0,0.0,0.0
2026-09-04 15:34:00-04:00,718.22998046875,718.2899780273438,718.2100219726562,718.2550048828125,59383,0.0,0.0,0.0
2026-09-04 15:35:00-04:00,718.2449951171875,718.3887939453125,718.1699829101562,718.3400268554688,58861,0.0,0.0,0.0
2026-09-04 15:36:00-04:00,718.3400268554688,718.4600219726562,718.2449951171875,718.3099975585938,98232,0.0,0.0,0.0
2026-09-04 15:37:00-04:00,718.3150024414062,718.3300170898438,718.219970703125,718.239990234375,31832,0.0,0.0,0.0
2026-09-04 15:38:00-04:00,718.2485961914062,718.2485961914062,717.969970703125,718.0399780273438,54015,0.0,0.0,0.0
2026-09-04 15:39:00-04:00,718.031982421875,718.1900024414062,718.031982421875,718.1500244140625,44359,0.0,0.0,0.0
2026-09-04 15:40:00-04:00,718.1300048828125,718.239990234375,718.0499877929688,718.219970703125,37437,0.0,0.0,0.0
2026-09-04 15:41:00-04:00,718.2100219726562,718.3300170898438,718.1199951171875,718.1401977539062,31922,0.0,0.0,0.0
2026-09-04 15:42:00-04:00,718.1599731445312,718.239990234375,718.0999755859375,718.0999755859375,125331,0.0,0.0,0.0
2026-09-04 15:43:00-04:00,718.1099853515625,718.239990234375,718.094970703125,718.1799926757812,25326,0.0,0.0,0.0
2026-09-04 15:44:00-04:00,718.219970703125,718.3099975585938,718.1799926757812,718.3099975585938,44762,0.0,0.0,0.0
2026-09-04 15:45:00-04:00,718.2999877929688,718.4099731445312,718.29248046875,718.405029296875,251412,0.0,0.0,0.0
2026-09-04 15:46:00-04:00,718.405029296875,718.5,718.3099975585938,718.4199829101562,111301,0.0,0.0,0.0
2026-09-04 15:47:00-04:00,718.4199829101562,718.5399780273438,718.4099731445312,718.5250244140625,89405,0.0,0.0,0.0
2026-09-04 15:48:00-04:00,718.5349731445312,718.5349731445312,718.3975830078125,718.4650268554688,62000,0.0,0.0,0.0
2026-09-04 15:49:00-04:00,718.4600219726562,718.5850219726562,718.4099731445312,718.5549926757812,525705,0.0,0.0,0.0
2026-09-04 15:50:00-04:00,718.5800170898438,719.010009765625,718.5800170898438,718.885009765625,307486,0.0,0.0,0.0
2026-09-04 15:51:00-04:00,718.8800048828125,719.090087890625,718.8800048828125,719.0800170898438,191128,0.0,0.0,0.0
2026-09-04 15:52:00-04:00,719.0800170898438,719.2100219726562,719.0399780273438,719.110107421875,140577,0.0,0.0,0.0
2026-09-04 15:53:00-04:00,719.1199951171875,719.1199951171875,718.760009765625,718.9400024414062,80304,0.0,0.0,0.0
2026-09-04 15:54:00-04:00,718.9500122070312,719.1799926757812,718.9400024414062,719.1699829101562,160203,0.0,0.0,0.0
2026-09-04 15:55:00-04:00,719.1799926757812,719.3099975585938,718.9901123046875,719.2069091796875,282878,0.0,0.0,0.0
2026-09-04 15:56:00-04:00,719.2150268554688,719.25,719.0750122070312,719.22998046875,124331,0.0,0.0,0.0
2026-09-04 15:57:00-04:00,719.22998046875,719.3900146484375,719.219970703125,719.2943725585938,163904,0.0,0.0,0.0
2026-09-04 15:58:00-04:00,719.3099975585938,719.4400024414062,719.0349731445312,719.0349731445312,331985,0.0,0.0,0.0
2026-09-04 15:59:00-04:00,719.0399780273438,719.0900268554688,718.7899780273438,719.0599975585938,832547,0.0,0.0,0.0
2026-09-08 09:30:00-04:00,720.969970703125,721.885986328125,720.760009765625,721.3250122070312,1524736,0.0,0.0,0.0
2026-09-08 09:31:00-04:00,721.3090209960938,721.5900268554688,720.6605224609375,720.6849975585938,126090,0.0,0.0,0.0
2026-09-08 09:32:00-04:00,720.6900024414062,720.8400268554688,719.8756713867188,719.919921875,158736,0.0,0.0,0.0
2026-09-08 09:33:00-04:00,719.8699951171875,719.9500122070312,719.2899780273438,719.52001953125,137451,0.0,0.0,0.0
2026-09-08 09:34:00-04:00,719.52001953125,719.8800048828125,719.1500244140625,719.8400268554688,74396,0.0,0.0,0.0
2026-09-08 09:35:00-04:00,719.8499755859375,719.9600219726562,719.0399780273438,719.239990234375,112132,0.0,0.0,0.0
2026-09-08 09:36:00-04:00,719.2899780273438,719.3800048828125,718.9619750976562,719.2000122070312,80587,0.0,0.0,0.0
2026-09-08 09:37:00-04:00,719.22998046875,719.5599975585938,718.9000244140625,719.5599975585938,149545,0.0,0.0,0.0
2026-09-08 09:38:00-04:00,719.530029296875,720.010009765625,719.3599853515625,719.9000244140625,118740,0.0,0.0,0.0
2026-09-08 09:39:00-04:00,719.9793090820312,720.0900268554688,718.8900146484375,719.0399780273438,85572,0.0,0.0,0.0
2026-09-08 09:40:00-04:00,719.010009765625,719.1300048828125,718.3336791992188,718.3499755859375,134662,0.0,0.0,0.0
2026-09-08 09:41:00-04:00,718.3900146484375,718.5700073242188,718.1500244140625,718.1500244140625,98389,0.0,0.0,0.0
2026-09-08 09:42:00-04:00,718.1799926757812,718.1837158203125,717.1300048828125,717.1300048828125,203605,0.0,0.0,0.0
2026-09-08 09:43:00-04:00,717.1300048828125,717.469970703125,717.0999755859375,717.3599853515625,300170,0.0,0.0,0.0
2026-09-08 09:44:00-04:00,717.3200073242188,717.4099731445312,716.5599975585938,716.719970703125,115932,0.0,0.0,0.0
2026-09-08 09:45:00-04:00,716.739990234375,717.6900024414062,716.6400146484375,717.6600952148438,127762,0.0,0.0,0.0
2026-09-08 09:46:00-04:00,717.6699829101562,717.9199829101562,717.0850219726562,717.3599853515625,80072,0.0,0.0,0.0
2026-09-08 09:47:00-04:00,717.3800048828125,717.5399780273438,717.0499877929688,717.194580078125,80343,0.0,0.0,0.0
2026-09-08 09:48:00-04:00,717.2100219726562,717.6900024414062,717.1500244140625,717.6751098632812,78110,0.0,0.0,0.0
2026-09-08 09:49:00-04:00,717.6900024414062,718.0,717.47998046875,717.989990234375,114910,0.0,0.0,0.0
2026-09-08 09:50:00-04:00,718.0,718.0,717.2100219726562,717.3099975585938,69397,0.0,0.0,0.0
2026-09-08 09:51:00-04:00,717.4149780273438,717.4299926757812,716.9600219726562,717.2598876953125,79284,0.0,0.0,0.0
2026-09-08 09:52:00-04:00,717.3049926757812,717.3699951171875,716.77001953125,716.8699951171875,102973,0.0,0.0,0.0
2026-09-08 09:53:00-04:00,716.8049926757812,716.8200073242188,716.3300170898438,716.5543212890625,146853,0.0,0.0,0.0
2026-09-08 09:54:00-04:00,716.5599975585938,717.3800048828125,716.5,717.3699951171875,67814,0.0,0.0,0.0
2026-09-08 09:55:00-04:00,717.3699951171875,717.97998046875,717.1199951171875,717.97998046875,96989,0.0,0.0,0.0
2026-09-08 09:56:00-04:00,717.9400024414062,717.9600219726562,717.6400146484375,717.8400268554688,43884,0.0,0.0,0.0
2026-09-08 09:57:00-04:00,717.844970703125,718.2899780273438,717.77001953125,718.1099853515625,104102,0.0,0.0,0.0
2026-09-08 09:58:00-04:00,718.166015625,718.239990234375,717.8200073242188,717.9929809570312,84495,0.0,0.0,0.0
2026-09-08 09:59:00-04:00,717.969970703125,717.969970703125,717.3599853515625,717.469970703125,94652,0.0,0.0,0.0
2026-09-08 10:00:00-04:00,717.4600219726562,717.6950073242188,716.8699951171875,717.1500244140625,140802,0.0,0.0,0.0
2026-09-08 10:01:00-04:00,717.1099853515625,717.1300048828125,716.5001220703125,716.52001953125,115627,0.0,0.0,0.0
2026-09-08 10:02:00-04:00,716.5,716.5,715.8699951171875,716.385009765625,202587,0.0,0.0,0.0
2026-09-08 10:03:00-04:00,716.4400024414062,717.0443725585938,716.2999267578125,716.7999877929688,74312,0.0,0.0,0.0
2026-09-08 10:04:00-04:00,716.9401245117188,717.0499877929688,716.4747924804688,717.0421752929688,2228,0.0,0.0,0.0
2026-09-08 10:05:00-04:00,717.010009765625,717.1400146484375,716.6599731445312,716.7636108398438,49766,0.0,0.0,0.0
2026-09-08 10:06:00-04:00,716.77001953125,716.8599853515625,716.4000244140625,716.6400146484375,65704,0.0,0.0,0.0
2026-09-08 10:07:00-04:00,716.6199951171875,716.9998779296875,716.2899780273438,716.5549926757812,80509,0.0,0.0,0.0
2026-09-08 10:08:00-04:00,716.5499877929688,716.760009765625,716.4505004882812,716.47998046875,51966,0.0,0.0,0.0
2026-09-08 10:09:00-04:00,716.489990234375,716.6300048828125,716.2650146484375,716.2899780273438,59134,0.0,0.0,0.0
2026-09-08 10:10:00-04:00,716.1900024414062,716.4000244140625,715.8104858398438,716.07373046875,96736,0.0,0.0,0.0
2026-09-08 10:11:00-04:00,716.1199951171875,716.2650146484375,715.5700073242188,715.6619873046875,51905,0.0,0.0,0.0
2026-09-08 10:12:00-04:00,715.6900024414062,716.4600219726562,715.6749877929688,716.4600219726562,54998,0.0,0.0,0.0
2026-09-08 10:13:00-04:00,716.5150146484375,716.7000122070312,716.3499755859375,716.7000122070312,48835,0.0,0.0,0.0
2026-09-08 10:14:00-04:00,716.7100219726562,716.9000244140625,716.5,716.5050048828125,46915,0.0,0.0,0.0
2026-09-08 10:15:00-04:00,716.5,716.9962158203125,716.3900146484375,716.885009765625,56496,0.0,0.0,0.0
2026-09-08 10:16:00-04:00,716.9000244140625,717.2249755859375,716.7138061523438,717.018798828125,59183,0.0,0.0,0.0
2026-09-08 10:17:00-04:00,716.9550170898438,716.969970703125,716.6699829101562,716.75,48214,0.0,0.0,0.0
2026-09-08 10:18:00-04:00,716.7349853515625,716.780029296875,716.4550170898438,716.77001953125,44589,0.0,0.0,0.0
2026-09-08 10:19:00-04:00,716.6900024414062,716.969970703125,716.6400146484375,716.9299926757812,44316,0.0,0.0,0.0
2026-09-08 10:20:00-04:00,716.9398803710938,717.3472290039062,716.8099975585938,717.3472290039062,71006,0.0,0.0,0.0
2026-09-08 10:21:00-04:00,717.3499145507812,717.6959838867188,717.3400268554688,717.6959838867188,65886,0.0,0.0,0.0
2026-09-08 10:22:00-04:00,717.6900024414062,717.8099975585938,717.510009765625,717.6199951171875,76431,0.0,0.0,0.0
2026-09-08 10:23:00-04:00,717.614990234375,717.7849731445312,717.3200073242188,717.739990234375,55371,0.0,0.0,0.0
2026-09-08 10:24:00-04:00,717.7899780273438,717.9400024414062,717.6500244140625,717.9100952148438,46020,0.0,0.0,0.0
2026-09-08 10:25:00-04:00,717.8800048828125,717.9099731445312,717.5399780273438,717.7050170898438,36713,0.0,0.0,0.0
2026-09-08 10:26:00-04:00,717.7000122070312,717.72998046875,717.0999755859375,717.2249755859375,71647,0.0,0.0,0.0
2026-09-08 10:27:00-04:00,717.1699829101562,717.3300170898438,717.030029296875,717.2000122070312,45044,0.0,0.0,0.0
2026-09-08 10:28:00-04:00,717.2100219726562,717.5599975585938,717.2100219726562,717.3400268554688,49638,0.0,0.0,0.0
2026-09-08 10:29:00-04:00,717.3499755859375,717.8049926757812,717.27001953125,717.760009765625,41672,0.0,0.0,0.0
2026-09-08 10:30:00-04:00,717.8161010742188,717.9000244140625,717.27001953125,717.3410034179688,39107,0.0,0.0,0.0
2026-09-08 10:31:00-04:00,717.364990234375,717.5900268554688,717.1500244140625,717.5900268554688,33789,0.0,0.0,0.0
2026-09-08 10:32:00-04:00,717.5700073242188,717.8099975585938,717.3300170898438,717.6300048828125,47579,0.0,0.0,0.0
2026-09-08 10:33:00-04:00,717.6900024414062,717.6900024414062,717.22998046875,717.594970703125,41052,0.0,0.0,0.0
2026-09-08 10:34:00-04:00,717.5800170898438,717.9849853515625,717.510009765625,717.9500122070312,39145,0.0,0.0,0.0
2026-09-08 10:35:00-04:00,717.9299926757812,717.989990234375,717.530029296875,717.75,30690,0.0,0.0,0.0
2026-09-08 10:36:00-04:00,717.7216796875,717.8280029296875,717.4249877929688,717.5800170898438,21688,0.0,0.0,0.0
2026-09-08 10:37:00-04:00,717.5,717.6300048828125,717.3599853515625,717.6052856445312,24138,0.0,0.0,0.0
2026-09-08 10:38:00-04:00,717.6400146484375,717.9299926757812,717.3499755859375,717.9080200195312,26348,0.0,0.0,0.0
2026-09-08 10:39:00-04:00,717.8900146484375,717.9099731445312,717.52001953125,717.5999755859375,30111,0.0,0.0,0.0
2026-09-08 10:40:00-04:00,717.5850830078125,717.719970703125,717.5050048828125,717.7000122070312,47959,0.0,0.0,0.0
2026-09-08 10:41:00-04:00,717.6900024414062,718.0700073242188,717.6699829101562,717.969970703125,60464,0.0,0.0,0.0
2026-09-08 10:42:00-04:00,717.969970703125,718.1500244140625,717.8599853515625,717.969970703125,59637,0.0,0.0,0.0
2026-09-08 10:43:00-04:00,717.9749755859375,717.989990234375,717.7899780273438,717.85498046875,39916,0.0,0.0,0.0
2026-09-08 10:44:00-04:00,717.889892578125,718.3049926757812,717.8599853515625,718.1500244140625,70066,0.0,0.0,0.0
2026-09-08 10:45:00-04:00,718.1500244140625,718.1900024414062,717.7000122070312,718.030029296875,85658,0.0,0.0,0.0
2026-09-08 10:46:00-04:00,718.0050048828125,718.2150268554688,717.8900146484375,717.9500122070312,24167,0.0,0.0,0.0
2026-09-08 10:47:00-04:00,718.030029296875,718.1300048828125,717.8599853515625,717.9349975585938,34664,0.0,0.0,0.0
2026-09-08 10:48:00-04:00,717.9600219726562,717.989990234375,717.7999877929688,717.9400024414062,36842,0.0,0.0,0.0
2026-09-08 10:49:00-04:00,717.9600219726562,718.0999755859375,717.8599853515625,718.0499877929688,41093,0.0,0.0,0.0
2026-09-08 10:50:00-04:00,718.0700073242188,718.4600219726562,717.97998046875,718.4199829101562,92184,0.0,0.0,0.0
2026-09-08 10:51:00-04:00,718.4500122070312,718.6300048828125,718.2899780273438,718.3499755859375,87878,0.0,0.0,0.0
2026-09-08 10:52:00-04:00,718.3499755859375,718.510009765625,718.0999755859375,718.510009765625,83679,0.0,0.0,0.0
2026-09-08 10:53:00-04:00,718.4949951171875,718.6599731445312,718.4727172851562,718.6500244140625,40462,0.0,0.0,0.0
2026-09-08 10:54:00-04:00,718.6400756835938,718.6569213867188,718.4749755859375,718.625,50755,0.0,0.0,0.0
2026-09-08 10:55:00-04:00,718.6300048828125,718.9199829101562,718.6300048828125,718.89501953125,68496,0.0,0.0,0.0
2026-09-08 10:56:00-04:00,718.9000244140625,718.9099731445312,718.75,718.7899780273438,40909,0.0,0.0,0.0
2026-09-08 10:57:00-04:00,718.7999877929688,718.8099975585938,718.5,718.5,60091,0.0,0.0,0.0
2026-09-08 10:58:00-04:00,718.47998046875,718.6799926757812,718.3900146484375,718.6199951171875,60621,0.0,0.0,0.0
2026-09-08 10:59:00-04:00,718.614990234375,718.938720703125,718.6099853515625,718.9299926757812,42626,0.0,0.0,0.0
2026-09-08 11:00:00-04:00,718.9500122070312,719.0399780273438,718.8099975585938,718.9849853515625,88933,0.0,0.0,0.0
2026-09-08 11:01:00-04:00,718.9810180664062,719.0399780273438,718.8800048828125,718.9299926757812,54544,0.0,0.0,0.0
2026-09-08 11:02:00-04:00,718.9199829101562,718.9199829101562,718.6300048828125,718.6400756835938,40525,0.0,0.0,0.0
2026-09-08 11:03:00-04:00,718.7000122070312,718.8800048828125,718.6300048828125,718.739990234375,29961,0.0,0.0,0.0
2026-09-08 11:04:00-04:00,718.760009765625,718.9149780273438,718.6903076171875,718.81298828125,28410,0.0,0.0,0.0
2026-09-08 11:05:00-04:00,718.8200073242188,719.0499877929688,718.8099975585938,718.969970703125,39279,0.0,0.0,0.0
2026-09-08 11:06:00-04:00,718.9600219726562,719.0,718.7310180664062,718.77001953125,33150,0.0,0.0,0.0
2026-09-08 11:07:00-04:00,718.760009765625,718.8400268554688,718.6799926757812,718.8300170898438,171525,0.0,0.0,0.0
2026-09-08 11:08:00-04:00,718.827392578125,718.8800048828125,718.72998046875,718.75,54556,0.0,0.0,0.0
2026-09-08 11:09:00-04:00,718.7550048828125,718.8200073242188,718.5549926757812,718.739990234375,71633,0.0,0.0,0.0
2026-09-08 11:10:00-04:00,718.8200073242188,719.3099975585938,718.7899780273438,719.2849731445312,53646,0.0,0.0,0.0
2026-09-08 11:11:00-04:00,719.2899780273438,719.47998046875,719.2899780273438,719.3599853515625,57706,0.0,0.0,0.0
2026-09-08 11:12:00-04:00,719.3499755859375,719.6300048828125,719.239990234375,719.5800170898438,56973,0.0,0.0,0.0
2026-09-08 11:13:00-04:00,719.5599975585938,719.969970703125,719.5599975585938,719.9699096679688,89299,0.0,0.0,0.0
2026-09-08 11:14:00-04:00,719.9400024414062,720.0750122070312,719.8001098632812,719.9199829101562,84185,0.0,0.0,0.0
2026-09-08 11:15:00-04:00,719.9199829101562,719.9949951171875,719.7008056640625,719.989990234375,98707,0.0,0.0,0.0
2026-09-08 11:16:00-04:00,720.0,720.25,719.989990234375,720.1199951171875,128225,0.0,0.0,0.0
2026-09-08 11:17:00-04:00,720.1300048828125,720.2249755859375,720.0101928710938,720.219970703125,80199,0.0,0.0,0.0
2026-09-08 11:18:00-04:00,720.2100219726562,720.4450073242188,720.1900024414062,720.3800048828125,174761,0.0,0.0,0.0
2026-09-08 11:19:00-04:00,720.385009765625,720.405029296875,720.18310546875,720.3200073242188,189731,0.0,0.0,0.0
2026-09-08 11:20:00-04:00,720.2999877929688,720.3150024414062,720.0250244140625,720.1199951171875,85023,0.0,0.0,0.0
2026-09-08 11:21:00-04:00,720.1400146484375,720.1400146484375,719.5800170898438,719.594970703125,56722,0.0,0.0,0.0
2026-09-08 11:22:00-04:00,719.594970703125,719.6480712890625,719.4000244140625,719.4901123046875,56653,0.0,0.0,0.0
2026-09-08 11:23:00-04:00,719.5050048828125,719.969970703125,719.5050048828125,719.8800048828125,36640,0.0,0.0,0.0
2026-09-08 11:24:00-04:00,719.9000244140625,720.3200073242188,719.8814086914062,720.2899169921875,47118,0.0,0.0,0.0
2026-09-08 11:25:00-04:00,720.2772216796875,720.719970703125,720.0499877929688,720.3699951171875,138363,0.0,0.0,0.0
2026-09-08 11:26:00-04:00,720.3798828125,720.4000244140625,720.10498046875,720.10498046875,39055,0.0,0.0,0.0
2026-09-08 11:27:00-04:00,720.1300048828125,720.260009765625,720.0399780273438,720.1699829101562,55623,0.0,0.0,0.0
2026-09-08 11:28:00-04:00,720.1900024414062,720.27001953125,720.010009765625,720.1500244140625,56085,0.0,0.0,0.0
2026-09-08 11:29:00-04:00,720.1400146484375,720.1699829101562,720.010009765625,720.0850219726562,142800,0.0,0.0,0.0
2026-09-08 11:30:00-04:00,720.1248779296875,720.3599853515625,720.0499877929688,720.1500244140625,46241,0.0,0.0,0.0
2026-09-08 11:31:00-04:00,720.14501953125,720.27001953125,720.0499877929688,720.0900268554688,25046,0.0,0.0,0.0
2026-09-08 11:32:00-04:00,720.094970703125,720.189697265625,719.9425048828125,720.155029296875,73216,0.0,0.0,0.0
2026-09-08 11:33:00-04:00,720.2000122070312,720.2000122070312,719.8900146484375,719.989990234375,31519,0.0,0.0,0.0
2026-09-08 11:34:00-04:00,719.9949951171875,720.1649780273438,719.9199829101562,720.1129760742188,33758,0.0,0.0,0.0
2026-09-08 11:35:00-04:00,720.1099853515625,720.1500244140625,719.7999877929688,719.8499755859375,46568,0.0,0.0,0.0
2026-09-08 11:36:00-04:00,719.8400268554688,719.9849853515625,719.760009765625,719.97998046875,204902,0.0,0.0,0.0
2026-09-08 11:37:00-04:00,719.97998046875,719.989990234375,719.8099975585938,719.905029296875,49449,0.0,0.0,0.0
2026-09-08 11:38:00-04:00,719.9199829101562,719.9400024414062,719.7849731445312,719.89501953125,64255,0.0,0.0,0.0
2026-09-08 11:39:00-04:00,719.9099731445312,720.1400146484375,719.8400268554688,720.1300048828125,21468,0.0,0.0,0.0
2026-09-08 11:40:00-04:00,720.1400146484375,720.219970703125,720.030029296875,720.214111328125,35275,0.0,0.0,0.0
2026-09-08 11:41:00-04:00,720.219970703125,720.77001953125,720.219970703125,720.769287109375,46196,0.0,0.0,0.0
2026-09-08 11:42:00-04:00,720.760009765625,720.8869018554688,720.7349853515625,720.7949829101562,54960,0.0,0.0,0.0
2026-09-08 11:43:00-04:00,720.8262939453125,720.9299926757812,720.7000122070312,720.8699951171875,47385,0.0,0.0,0.0
2026-09-08 11:44:00-04:00,720.885009765625,720.9099731445312,720.730224609375,720.8499755859375,46588,0.0,0.0,0.0
2026-09-08 11:45:00-04:00,720.8900146484375,720.9099731445312,720.6320190429688,720.72998046875,56992,0.0,0.0,0.0
2026-09-08 11:46:00-04:00,720.719970703125,720.7700805664062,720.489990234375,720.5599975585938,58851,0.0,0.0,0.0
2026-09-08 11:47:00-04:00,720.5399780273438,720.6199951171875,720.22998046875,720.2349853515625,68202,0.0,0.0,0.0
2026-09-08 11:48:00-04:00,720.239990234375,720.3400268554688,720.0750122070312,720.1649780273438,73755,0.0,0.0,0.0
2026-09-08 11:49:00-04:00,720.1699829101562,720.25,720.0449829101562,720.155029296875,70269,0.0,0.0,0.0
2026-09-08 11:50:00-04:00,720.2000122070312,720.5,720.1400146484375,720.280029296875,64285,0.0,0.0,0.0
2026-09-08 11:51:00-04:00,720.2999877929688,720.3699951171875,720.10302734375,720.2000122070312,23645,0.0,0.0,0.0
2026-09-08 11:52:00-04:00,720.2125244140625,720.22998046875,720.0700073242188,720.2100219726562,138216,0.0,0.0,0.0
2026-09-08 11:53:00-04:00,720.2000122070312,720.3499145507812,720.0800170898438,720.280029296875,57915,0.0,0.0,0.0
2026-09-08 11:54:00-04:00,720.2349853515625,720.3099975585938,720.0800170898438,720.2050170898438,49585,0.0,0.0,0.0
2026-09-08 11:55:00-04:00,720.1799926757812,720.1900024414062,719.969970703125,720.1099853515625,56428,0.0,0.0,0.0
2026-09-08 11:56:00-04:00,720.10498046875,720.1199951171875,720.0150146484375,720.0709838867188,184210,0.0,0.0,0.0
2026-09-08 11:57:00-04:00,720.0750122070312,720.3200073242188,720.0700073242188,720.260009765625,69903,0.0,0.0,0.0
2026-09-08 11:58:00-04:00,720.2899780273438,720.3599853515625,720.010009765625,720.010009765625,47307,0.0,0.0,0.0
2026-09-08 11:59:00-04:00,720.0,720.030029296875,719.864990234375,719.969970703125,97328,0.0,0.0,0.0
2026-09-08 12:00:00-04:00,719.989990234375,720.0599975585938,719.8900146484375,719.9099731445312,60413,0.0,0.0,0.0
2026-09-08 12:01:00-04:00,719.9099731445312,720.0,719.7999877929688,720.0,56084,0.0,0.0,0.0
2026-09-08 12:02:00-04:00,720.010009765625,720.0399780273438,719.844970703125,719.9650268554688,44902,0.0,0.0,0.0
2026-09-08 12:03:00-04:00,719.97998046875,720.0150146484375,719.844970703125,719.9749755859375,43921,0.0,0.0,0.0
2026-09-08 12:04:00-04:00,719.9600219726562,720.280029296875,719.9000244140625,720.280029296875,38813,0.0,0.0,0.0
2026-09-08 12:05:00-04:00,720.280029296875,720.4000244140625,720.0800170898438,720.3997192382812,34536,0.0,0.0,0.0
2026-09-08 12:06:00-04:00,720.3900146484375,720.3900146484375,720.1950073242188,720.280029296875,31197,0.0,0.0,0.0
2026-09-08 12:07:00-04:00,720.260009765625,720.260009765625,719.8499755859375,720.0499877929688,53496,0.0,0.0,0.0
2026-09-08 12:08:00-04:00,720.0499877929688,720.0750122070312,719.8800048828125,719.8900146484375,32635,0.0,0.0,0.0
2026-09-08 12:09:00-04:00,719.8800048828125,719.8800048828125,719.6212158203125,719.6400146484375,41436,0.0,0.0,0.0
2026-09-08 12:10:00-04:00,719.6300048828125,719.6900024414062,719.489990234375,719.5,139743,0.0,0.0,0.0
2026-09-08 12:11:00-04:00,719.530029296875,719.530029296875,719.3350219726562,719.35498046875,36695,0.0,0.0,0.0
2026-09-08 12:12:00-04:00,719.3699951171875,719.5499877929688,719.344970703125,719.3900146484375,24226,0.0,0.0,0.0
2026-09-08 12:13:00-04:00,719.3900146484375,719.7249755859375,719.3800048828125,719.7000122070312,27582,0.0,0.0,0.0
2026-09-08 12:14:00-04:00,719.7000122070312,719.719970703125,719.5999755859375,719.5999755859375,16179,0.0,0.0,0.0
2026-09-08 12:15:00-04:00,719.5900268554688,719.5900268554688,719.3800048828125,719.4199829101562,28842,0.0,0.0,0.0
2026-09-08 12:16:00-04:00,719.4199829101562,719.4299926757812,719.1400146484375,719.239990234375,39738,0.0,0.0,0.0
2026-09-08 12:17:00-04:00,719.2301025390625,719.3400268554688,719.1699829101562,719.260009765625,37789,0.0,0.0,0.0
2026-09-08 12:18:00-04:00,719.2899780273438,719.4199829101562,719.2100219726562,719.25,40248,0.0,0.0,0.0
2026-09-08 12:19:00-04:00,719.25,719.25,719.1300048828125,719.130126953125,32813,0.0,0.0,0.0
2026-09-08 12:20:00-04:00,719.1400146484375,719.489990234375,718.97998046875,719.4600219726562,46245,0.0,0.0,0.0
2026-09-08 12:21:00-04:00,719.4500122070312,719.52001953125,719.3209838867188,719.4000244140625,36524,0.0,0.0,0.0
2026-09-08 12:22:00-04:00,719.3900146484375,719.5599975585938,719.3800048828125,719.489990234375,125065,0.0,0.0,0.0
2026-09-08 12:23:00-04:00,719.510009765625,719.5579833984375,719.3599853515625,719.5579833984375,32566,0.0,0.0,0.0
2026-09-08 12:24:00-04:00,719.5599975585938,719.6671752929688,719.4400024414062,719.6671752929688,29024,0.0,0.0,0.0
2026-09-08 12:25:00-04:00,719.6500244140625,719.9600219726562,719.6099853515625,719.8099975585938,41354,0.0,0.0,0.0
2026-09-08 12:26:00-04:00,719.8071899414062,719.8200073242188,719.4299926757812,719.4400024414062,107845,0.0,0.0,0.0
2026-09-08 12:27:00-04:00,719.4600219726562,719.489990234375,719.3300170898438,719.3499755859375,43200,0.0,0.0,0.0
2026-09-08 12:28:00-04:00,719.3499755859375,719.35498046875,719.1799926757812,719.3001098632812,36300,0.0,0.0,0.0
2026-09-08 12:29:00-04:00,719.2899780273438,719.2899780273438,719.0601196289062,719.0750122070312,37463,0.0,0.0,0.0
2026-09-08 12:30:00-04:00,719.0999755859375,719.1400146484375,718.9500122070312,719.030029296875,50471,0.0,0.0,0.0
2026-09-08 12:31:00-04:00,719.0599975585938,719.280029296875,719.0399780273438,719.280029296875,292813,0.0,0.0,0.0
2026-09-08 12:32:00-04:00,719.260009765625,719.260009765625,719.0599975585938,719.2399291992188,38983,0.0,0.0,0.0
2026-09-08 12:33:00-04:00,719.219970703125,719.4500122070312,719.1900024414062,719.4500122070312,26318,0.0,0.0,0.0
2026-09-08 12:34:00-04:00,719.4600219726562,719.469970703125,719.260009765625,719.280029296875,46239,0.0,0.0,0.0
2026-09-08 12:35:00-04:00,719.280029296875,719.4249877929688,719.1300048828125,719.3800048828125,35475,0.0,0.0,0.0
2026-09-08 12:36:00-04:00,719.3800048828125,719.4450073242188,719.22998046875,719.27001953125,51357,0.0,0.0,0.0
2026-09-08 12:37:00-04:00,719.260009765625,719.3049926757812,719.22998046875,719.27001953125,29654,0.0,0.0,0.0
2026-09-08 12:38:00-04:00,719.260009765625,719.3400268554688,719.1400146484375,719.3099975585938,27361,0.0,0.0,0.0
2026-09-08 12:39:00-04:00,719.2899780273438,719.39501953125,719.2000122070312,719.260009765625,25790,0.0,0.0,0.0
2026-09-08 12:40:00-04:00,719.280029296875,719.469970703125,719.239990234375,719.2449951171875,125714,0.0,0.0,0.0
2026-09-08 12:41:00-04:00,719.25,719.3599853515625,719.17138671875,719.3099975585938,15662,0.0,0.0,0.0
2026-09-08 12:42:00-04:00,719.3171997070312,719.4000244140625,719.280029296875,719.2899780273438,21751,0.0,0.0,0.0
2026-09-08 12:43:00-04:00,719.25,719.3599853515625,719.0999755859375,719.3599853515625,28760,0.0,0.0,0.0
2026-09-08 12:44:00-04:00,719.3499755859375,719.3499755859375,719.181396484375,719.27001953125,28757,0.0,0.0,0.0
2026-09-08 12:45:00-04:00,719.280029296875,719.43701171875,719.1500244140625,719.1799926757812,33438,0.0,0.0,0.0
2026-09-08 12:46:00-04:00,719.1900024414062,719.3599853515625,719.1649780273438,719.3300170898438,20768,0.0,0.0,0.0
2026-09-08 12:47:00-04:00,719.3300170898438,719.5974731445312,719.2999877929688,719.5900268554688,32373,0.0,0.0,0.0
2026-09-08 12:48:00-04:00,719.5800170898438,719.7669067382812,719.530029296875,719.5750122070312,32824,0.0,0.0,0.0
2026-09-08 12:49:00-04:00,719.58837890625,719.6369018554688,719.4559936523438,719.6300048828125,19116,0.0,0.0,0.0
2026-09-08 12:50:00-04:00,719.6300048828125,720.0700073242188,719.4650268554688,719.9401245117188,78418,0.0,0.0,0.0
2026-09-08 12:51:00-04:00,719.9550170898438,719.9550170898438,719.6400146484375,719.6400146484375,139160,0.0,0.0,0.0
2026-09-08 12:52:00-04:00,719.6799926757812,719.75,719.6199951171875,719.6900024414062,32730,0.0,0.0,0.0
2026-09-08 12:53:00-04:00,719.6599731445312,719.9583740234375,719.5800170898438,719.9400024414062,33466,0.0,0.0,0.0
2026-09-08 12:54:00-04:00,719.97998046875,720.0,719.75,719.7650146484375,31164,0.0,0.0,0.0
2026-09-08 12:55:00-04:00,719.7899780273438,719.8400268554688,719.6799926757812,719.8099975585938,55211,0.0,0.0,0.0
2026-09-08 12:56:00-04:00,719.8099975585938,719.8099975585938,718.97998046875,719.3800048828125,146891,0.0,0.0,0.0
2026-09-08 12:57:00-04:00,719.3499755859375,719.4299926757812,719.260009765625,719.27001953125,34604,0.0,0.0,0.0
2026-09-08 12:58:00-04:00,719.2949829101562,719.3400268554688,719.1599731445312,719.1900024414062,26388,0.0,0.0,0.0
2026-09-08 12:59:00-04:00,719.2000122070312,719.4299926757812,718.6699829101562,719.22998046875,84405,0.0,0.0,0.0
2026-09-08 13:00:00-04:00,719.239990234375,719.9400024414062,719.219970703125,719.9201049804688,39442,0.0,0.0,0.0
2026-09-08 13:01:00-04:00,719.9249877929688,720.4000244140625,719.8400268554688,720.399169921875,165886,0.0,0.0,0.0
2026-09-08 13:02:00-04:00,720.3499755859375,720.489990234375,720.2899780273438,720.39501953125,36974,0.0,0.0,0.0
2026-09-08 13:03:00-04:00,720.3875122070312,720.4500122070312,720.2899780273438,720.4000244140625,55823,0.0,0.0,0.0
2026-09-08 13:04:00-04:00,720.4000244140625,720.5900268554688,720.35498046875,720.5900268554688,47369,0.0,0.0,0.0
2026-09-08 13:05:00-04:00,720.5999755859375,720.6300048828125,720.510009765625,720.5900268554688,21222,0.0,0.0,0.0
2026-09-08 13:06:00-04:00,720.5800170898438,720.8499755859375,720.4099731445312,720.8499755859375,48220,0.0,0.0,0.0
2026-09-08 13:07:00-04:00,720.8350219726562,720.8400268554688,720.5499877929688,720.5499877929688,33165,0.0,0.0,0.0
2026-09-08 13:08:00-04:00,720.5499877929688,720.5700073242188,720.2800903320312,720.4199829101562,58893,0.0,0.0,0.0
2026-09-08 13:09:00-04:00,720.4199829101562,720.4199829101562,720.291015625,720.39501953125,42341,0.0,0.0,0.0
2026-09-08 13:10:00-04:00,720.3900146484375,720.47998046875,720.3499755859375,720.4700927734375,23213,0.0,0.0,0.0
2026-09-08 13:11:00-04:00,720.4400024414062,720.4849853515625,720.3599853515625,720.4569091796875,13831,0.0,0.0,0.0
2026-09-08 13:12:00-04:00,720.4682006835938,720.5499877929688,720.3900146484375,720.4550170898438,25348,0.0,0.0,0.0
2026-09-08 13:13:00-04:00,720.469970703125,720.6500244140625,720.4000244140625,720.6300048828125,32498,0.0,0.0,0.0
2026-09-08 13:14:00-04:00,720.64501953125,720.6599731445312,720.510009765625,720.5599975585938,56251,0.0,0.0,0.0
2026-09-08 13:15:00-04:00,720.5900268554688,720.6199951171875,720.3900146484375,720.530029296875,51181,0.0,0.0,0.0
2026-09-08 13:16:00-04:00,720.539306640625,720.655029296875,720.530029296875,720.5499877929688,36094,0.0,0.0,0.0
2026-09-08 13:17:00-04:00,720.5700073242188,720.6699829101562,720.5499877929688,720.5599975585938,17533,0.0,0.0,0.0
2026-09-08 13:18:00-04:00,720.5599975585938,720.6199951171875,720.4849853515625,720.510009765625,24788,0.0,0.0,0.0
2026-09-08 13:19:00-04:00,720.5,720.614990234375,720.5,720.52001953125,132053,0.0,0.0,0.0
2026-09-08 13:20:00-04:00,720.5399780273438,720.5650024414062,720.3400268554688,720.3599853515625,80655,0.0,0.0,0.0
2026-09-08 13:21:00-04:00,720.3499755859375,720.3699951171875,720.260009765625,720.3300170898438,55167,0.0,0.0,0.0
2026-09-08 13:22:00-04:00,720.3200073242188,720.3300170898438,720.1799926757812,720.280029296875,37855,0.0,0.0,0.0
2026-09-08 13:23:00-04:00,720.280029296875,720.4199829101562,720.219970703125,720.4199829101562,42701,0.0,0.0,0.0
2026-09-08 13:24:00-04:00,720.4400024414062,720.5800170898438,720.27001953125,720.4349975585938,19986,0.0,0.0,0.0
2026-09-08 13:25:00-04:00,720.4299926757812,720.469970703125,720.1799926757812,720.219970703125,29976,0.0,0.0,0.0
2026-09-08 13:26:00-04:00,720.219970703125,720.2249755859375,720.0399780273438,720.1099853515625,23401,0.0,0.0,0.0
2026-09-08 13:27:00-04:00,720.1300048828125,720.22998046875,720.0800170898438,720.1500244140625,16327,0.0,0.0,0.0
2026-09-08 13:28:00-04:00,720.1500244140625,720.3400268554688,720.1099853515625,720.2999877929688,11684,0.0,0.0,0.0
2026-09-08 13:29:00-04:00,720.3400268554688,720.3400268554688,720.22998046875,720.260009765625,22012,0.0,0.0,0.0
2026-09-08 13:30:00-04:00,720.280029296875,720.4500122070312,720.2725219726562,720.3900146484375,39771,0.0,0.0,0.0
2026-09-08 13:31:00-04:00,720.3800048828125,720.39990234375,720.25,720.3699951171875,21448,0.0,0.0,0.0
2026-09-08 13:32:00-04:00,720.4000244140625,720.5,720.3300170898438,720.4949951171875,30439,0.0,0.0,0.0
2026-09-08 13:33:00-04:00,720.469970703125,720.6087036132812,720.4600219726562,720.5999755859375,27708,0.0,0.0,0.0
2026-09-08 13:34:00-04:00,720.5999755859375,720.6699829101562,720.510009765625,720.5800170898438,22169,0.0,0.0,0.0
2026-09-08 13:35:00-04:00,720.5549926757812,720.6495971679688,720.489990234375,720.5900268554688,19537,0.0,0.0,0.0
2026-09-08 13:36:00-04:00,720.5775146484375,720.5775146484375,720.4299926757812,720.4299926757812,38297,0.0,0.0,0.0
2026-09-08 13:37:00-04:00,720.4500122070312,720.5800170898438,720.4299926757812,720.5599975585938,12523,0.0,0.0,0.0
2026-09-08 13:38:00-04:00,720.5999755859375,720.6500244140625,720.47998046875,720.489990234375,19059,0.0,0.0,0.0
2026-09-08 13:39:00-04:00,720.4700927734375,720.489990234375,720.3800048828125,720.3800048828125,21351,0.0,0.0,0.0
2026-09-08 13:40:00-04:00,720.3900146484375,720.3900146484375,720.1199951171875,720.1199951171875,27741,0.0,0.0,0.0
2026-09-08 13:41:00-04:00,720.1024780273438,720.1119995117188,719.9299926757812,720.0399780273438,26946,0.0,0.0,0.0
2026-09-08 13:42:00-04:00,720.010009765625,720.1199951171875,719.989990234375,720.0700073242188,28943,0.0,0.0,0.0
2026-09-08 13:43:00-04:00,720.1099853515625,720.1849975585938,720.0103149414062,720.0150146484375,48639,0.0,0.0,0.0
2026-09-08 13:44:00-04:00,720.0150146484375,720.0399780273438,719.8400268554688,719.8800048828125,31681,0.0,0.0,0.0
2026-09-08 13:45:00-04:00,719.8900146484375,720.0599975585938,719.88720703125,719.9749755859375,21119,0.0,0.0,0.0
2026-09-08 13:46:00-04:00,719.97998046875,720.1099853515625,719.9199829101562,720.0330200195312,27368,0.0,0.0,0.0
2026-09-08 13:47:00-04:00,720.010009765625,720.0800170898438,719.9600219726562,720.0599975585938,119236,0.0,0.0,0.0
2026-09-08 13:48:00-04:00,720.0800170898438,720.16552734375,720.0399780273438,720.0999755859375,24710,0.0,0.0,0.0
2026-09-08 13:49:00-04:00,720.0900268554688,720.1199951171875,720.0,720.0321044921875,21884,0.0,0.0,0.0
2026-09-08 13:50:00-04:00,720.030029296875,720.0349731445312,719.8699951171875,719.97998046875,35346,0.0,0.0,0.0
2026-09-08 13:51:00-04:00,719.9849853515625,720.0,719.7899780273438,719.9299926757812,55797,0.0,0.0,0.0
2026-09-08 13:52:00-04:00,719.9400024414062,720.1400146484375,719.9400024414062,720.0499877929688,19405,0.0,0.0,0.0
2026-09-08 13:53:00-04:00,720.060302734375,720.1900024414062,719.97998046875,720.1599731445312,13802,0.0,0.0,0.0
2026-09-08 13:54:00-04:00,720.1599731445312,720.1599731445312,720.02001953125,720.0700073242188,27724,0.0,0.0,0.0
2026-09-08 13:55:00-04:00,720.0800170898438,720.0800170898438,719.9400024414062,719.9600219726562,16879,0.0,0.0,0.0
2026-09-08 13:56:00-04:00,719.9550170898438,719.9600219726562,719.8099975585938,719.8499755859375,21226,0.0,0.0,0.0
2026-09-08 13:57:00-04:00,719.7899780273438,719.8851928710938,719.760009765625,719.8699951171875,23427,0.0,0.0,0.0
2026-09-08 13:58:00-04:00,719.8800048828125,719.8800048828125,719.760009765625,719.8099975585938,13057,0.0,0.0,0.0
2026-09-08 13:59:00-04:00,719.8300170898438,719.8300170898438,719.6599731445312,719.6599731445312,136970,0.0,0.0,0.0
2026-09-08 14:00:00-04:00,719.6699829101562,719.8696899414062,719.5999755859375,719.6099853515625,42887,0.0,0.0,0.0
2026-09-08 14:01:00-04:00,719.619873046875,719.7598876953125,719.5700073242188,719.6900024414062,53661,0.0,0.0,0.0
2026-09-08 14:02:00-04:00,719.6699829101562,719.7692260742188,719.6400146484375,719.739990234375,28656,0.0,0.0,0.0
2026-09-08 14:03:00-04:00,719.739990234375,719.760009765625,719.6099853515625,719.6199951171875,75312,0.0,0.0,0.0
2026-09-08 14:04:00-04:00,719.6199951171875,719.8200073242188,719.6199951171875,719.8049926757812,21535,0.0,0.0,0.0
2026-09-08 14:05:00-04:00,719.8499755859375,720.0449829101562,719.7904052734375,719.989990234375,57239,0.0,0.0,0.0
2026-09-08 14:06:00-04:00,720.0700073242188,720.0900268554688,719.989990234375,720.0800170898438,42778,0.0,0.0,0.0
2026-09-08 14:07:00-04:00,720.0780029296875,720.1199951171875,719.9949951171875,720.010009765625,30405,0.0,0.0,0.0
2026-09-08 14:08:00-04:00,720.010009765625,720.1074829101562,719.97998046875,720.030029296875,14038,0.0,0.0,0.0
2026-09-08 14:09:00-04:00,720.0250854492188,720.1500244140625,720.0169067382812,720.0300903320312,10040,0.0,0.0,0.0
2026-09-08 14:10:00-04:00,720.0399780273438,720.2000122070312,720.0399780273438,720.1400146484375,16366,0.0,0.0,0.0
2026-09-08 14:11:00-04:00,720.1550903320312,720.2000122070312,720.010009765625,720.10009765625,16251,0.0,0.0,0.0
2026-09-08 14:12:00-04:00,720.1300048828125,720.2000122070312,720.0900268554688,720.0999755859375,18270,0.0,0.0,0.0
2026-09-08 14:13:00-04:00,720.0900268554688,720.1199951171875,719.9349975585938,719.9401245117188,31988,0.0,0.0,0.0
2026-09-08 14:14:00-04:00,719.9349975585938,720.0499877929688,719.9099731445312,720.02001953125,36687,0.0,0.0,0.0
2026-09-08 14:15:00-04:00,720.030029296875,720.1199951171875,720.02001953125,720.042724609375,31893,0.0,0.0,0.0
2026-09-08 14:16:00-04:00,720.0499877929688,720.239990234375,720.030029296875,720.1882934570312,15976,0.0,0.0,0.0
2026-09-08 14:17:00-04:00,720.1710205078125,720.2100219726562,720.0700073242188,720.1199951171875,19678,0.0,0.0,0.0
2026-09-08 14:18:00-04:00,720.1099853515625,720.114990234375,719.97998046875,720.0,18601,0.0,0.0,0.0
2026-09-08 14:19:00-04:00,720.0150146484375,720.1400146484375,720.0150146484375,720.1300048828125,11454,0.0,0.0,0.0
2026-09-08 14:20:00-04:00,720.114990234375,720.219970703125,720.094970703125,720.1599731445312,17608,0.0,0.0,0.0
2026-09-08 14:21:00-04:00,720.1300048828125,720.1300048828125,719.9099731445312,719.9298706054688,22878,0.0,0.0,0.0
2026-09-08 14:22:00-04:00,719.9099731445312,719.9600219726562,719.7650146484375,719.8499755859375,22837,0.0,0.0,0.0
2026-09-08 14:23:00-04:00,719.8599853515625,719.8599853515625,719.760009765625,719.7899780273438,13956,0.0,0.0,0.0
2026-09-08 14:24:00-04:00,719.7899780273438,719.7999877929688,719.6699829101562,719.6862182617188,21342,0.0,0.0,0.0
2026-09-08 14:25:00-04:00,719.6699829101562,719.8200073242188,719.6199951171875,719.760009765625,29760,0.0,0.0,0.0
2026-09-08 14:26:00-04:00,719.75,719.780029296875,719.7100219726562,719.760009765625,17319,0.0,0.0,0.0
2026-09-08 14:27:00-04:00,719.75,719.8599853515625,719.75,719.760009765625,35272,0.0,0.0,0.0
2026-09-08 14:28:00-04:00,719.77001953125,719.780029296875,719.7100219726562,719.7100219726562,17091,0.0,0.0,0.0
2026-09-08 14:29:00-04:00,719.7050170898438,719.8699951171875,719.6500244140625,719.8099975585938,16179,0.0,0.0,0.0
2026-09-08 14:30:00-04:00,719.8300170898438,719.8699951171875,719.7100219726562,719.72998046875,595968,0.0,0.0,0.0
2026-09-08 14:31:00-04:00,719.739990234375,719.7750244140625,719.6699829101562,719.739990234375,16573,0.0,0.0,0.0
2026-09-08 14:32:00-04:00,719.739990234375,719.8800048828125,719.7349853515625,719.8099975585938,18575,0.0,0.0,0.0
2026-09-08 14:33:00-04:00,719.8150024414062,719.8607177734375,719.72998046875,719.7495727539062,18396,0.0,0.0,0.0
2026-09-08 14:34:00-04:00,719.75,719.7999877929688,719.6799926757812,719.6799926757812,48492,0.0,0.0,0.0
2026-09-08 14:35:00-04:00,719.6699829101562,719.6849975585938,719.3800048828125,719.4700927734375,37370,0.0,0.0,0.0
2026-09-08 14:36:00-04:00,719.4650268554688,719.6099853515625,719.4349975585938,719.5399780273438,21310,0.0,0.0,0.0
2026-09-08 14:37:00-04:00,719.510009765625,719.7100219726562,719.489990234375,719.6900024414062,16201,0.0,0.0,0.0
2026-09-08 14:38:00-04:00,719.6799926757812,719.7899780273438,719.6699829101562,719.7249755859375,44136,0.0,0.0,0.0
2026-09-08 14:39:00-04:00,719.72998046875,719.72998046875,719.4500122070312,719.5,18732,0.0,0.0,0.0
2026-09-08 14:40:00-04:00,719.4949951171875,719.5,719.4199829101562,719.4600219726562,12034,0.0,0.0,0.0
2026-09-08 14:41:00-04:00,719.4509887695312,719.530029296875,719.3699951171875,719.4600219726562,21652,0.0,0.0,0.0
2026-09-08 14:42:00-04:00,719.4600219726562,719.6199951171875,719.4600219726562,719.5999755859375,12043,0.0,0.0,0.0
2026-09-08 14:43:00-04:00,719.5900268554688,719.9299926757812,719.5750122070312,719.9149780273438,29295,0.0,0.0,0.0
2026-09-08 14:44:00-04:00,719.9299926757812,719.9500122070312,719.85498046875,719.9299926757812,14526,0.0,0.0,0.0
2026-09-08 14:45:00-04:00,719.9299926757812,720.1099853515625,719.9100952148438,720.0,63615,0.0,0.0,0.0
2026-09-08 14:46:00-04:00,720.0097045898438,720.1199951171875,719.969970703125,720.083984375,18612,0.0,0.0,0.0
2026-09-08 14:47:00-04:00,720.0999755859375,720.1099853515625,719.4299926757812,719.4299926757812,141897,0.0,0.0,0.0
2026-09-08 14:48:00-04:00,719.5050048828125,719.52001953125,718.1599731445312,718.219970703125,135490,0.0,0.0,0.0
2026-09-08 14:49:00-04:00,718.1900024414062,718.8499755859375,717.9099731445312,718.5,134583,0.0,0.0,0.0
2026-09-08 14:50:00-04:00,718.52001953125,719.1699829101562,718.52001953125,719.1699829101562,92698,0.0,0.0,0.0
2026-09-08 14:51:00-04:00,719.1599731445312,719.22998046875,718.8800048828125,718.8900146484375,49307,0.0,0.0,0.0
2026-09-08 14:52:00-04:00,718.8599853515625,718.9149780273438,718.3200073242188,718.3201293945312,58893,0.0,0.0,0.0
2026-09-08 14:53:00-04:00,718.3599853515625,719.1900024414062,718.3499755859375,719.1900024414062,86884,0.0,0.0,0.0
2026-09-08 14:54:00-04:00,719.1699829101562,719.3599853515625,719.0800170898438,719.285888671875,28171,0.0,0.0,0.0
2026-09-08 14:55:00-04:00,719.280029296875,719.3800048828125,719.1600952148438,719.2999877929688,32334,0.0,0.0,0.0
2026-09-08 14:56:00-04:00,719.281005859375,719.3499755859375,719.1464233398438,719.3300170898438,31567,0.0,0.0,0.0
2026-09-08 14:57:00-04:00,719.3300170898438,719.52001953125,719.2999877929688,719.4000244140625,46077,0.0,0.0,0.0
2026-09-08 14:58:00-04:00,719.3800048828125,719.5197143554688,719.239990234375,719.5197143554688,29866,0.0,0.0,0.0
2026-09-08 14:59:00-04:00,719.510009765625,719.510009765625,719.280029296875,719.2899780273438,24629,0.0,0.0,0.0
2026-09-08 15:00:00-04:00,719.3150024414062,719.5463256835938,719.2537841796875,719.3499755859375,29290,0.0,0.0,0.0
2026-09-08 15:01:00-04:00,719.3400268554688,719.4000244140625,719.1500244140625,719.3350219726562,36054,0.0,0.0,0.0
2026-09-08 15:02:00-04:00,719.3450927734375,719.3699951171875,719.2100219726562,719.27001953125,35618,0.0,0.0,0.0
2026-09-08 15:03:00-04:00,719.27001953125,719.3250122070312,719.0700073242188,719.14501953125,26233,0.0,0.0,0.0
2026-09-08 15:04:00-04:00,719.1500244140625,719.1699829101562,718.9099731445312,719.155029296875,52964,0.0,0.0,0.0
2026-09-08 15:05:00-04:00,719.135009765625,719.25,719.0501098632812,719.2349853515625,17855,0.0,0.0,0.0
2026-09-08 15:06:00-04:00,719.2000122070312,719.3433837890625,719.0700073242188,719.1489868164062,65935,0.0,0.0,0.0
2026-09-08 15:07:00-04:00,719.1699829101562,719.47998046875,719.0999755859375,719.4594116210938,61453,0.0,0.0,0.0
2026-09-08 15:08:00-04:00,719.405029296875,719.405029296875,719.239990234375,719.280029296875,27791,0.0,0.0,0.0
2026-09-08 15:09:00-04:00,719.280029296875,719.3250122070312,719.0750122070312,719.0750122070312,43471,0.0,0.0,0.0
2026-09-08 15:10:00-04:00,719.0599975585938,719.3400268554688,719.0399780273438,719.2999877929688,46262,0.0,0.0,0.0
2026-09-08 15:11:00-04:00,719.3150024414062,719.3599853515625,719.219970703125,719.2899169921875,28823,0.0,0.0,0.0
2026-09-08 15:12:00-04:00,719.2849731445312,719.3499755859375,719.2000122070312,719.3098754882812,16647,0.0,0.0,0.0
2026-09-08 15:13:00-04:00,719.2249755859375,719.260009765625,719.114990234375,719.1610107421875,11621,0.0,0.0,0.0
2026-09-08 15:14:00-04:00,719.1599731445312,719.260009765625,719.0750122070312,719.239990234375,17962,0.0,0.0,0.0
2026-09-08 15:15:00-04:00,719.219970703125,719.3099975585938,719.1699829101562,719.260009765625,22752,0.0,0.0,0.0
2026-09-08 15:16:00-04:00,719.2567138671875,719.2899780273438,719.1300048828125,719.25,24208,0.0,0.0,0.0
2026-09-08 15:17:00-04:00,719.239990234375,719.239990234375,718.989990234375,719.1099853515625,16866,0.0,0.0,0.0
2026-09-08 15:18:00-04:00,719.0599975585938,719.1199951171875,718.8699951171875,718.9799194335938,18875,0.0,0.0,0.0
2026-09-08 15:19:00-04:00,718.9650268554688,719.030029296875,718.8914794921875,718.8914794921875,32675,0.0,0.0,0.0
2026-09-08 15:20:00-04:00,718.8900146484375,718.9000244140625,718.7941284179688,718.85498046875,12374,0.0,0.0,0.0
2026-09-08 15:21:00-04:00,718.8551025390625,719.1199951171875,718.8200073242188,719.0900268554688,24739,0.0,0.0,0.0
2026-09-08 15:22:00-04:00,719.0458984375,719.0880126953125,718.72998046875,718.8200073242188,28661,0.0,0.0,0.0
2026-09-08 15:23:00-04:00,718.77001953125,718.8499755859375,718.75,718.780029296875,34641,0.0,0.0,0.0
2026-09-08 15:24:00-04:00,718.7999877929688,718.7999877929688,718.5501098632812,718.6199951171875,35293,0.0,0.0,0.0
2026-09-08 15:25:00-04:00,718.6799926757812,718.7199096679688,718.510009765625,718.5900268554688,24597,0.0,0.0,0.0
2026-09-08 15:26:00-04:00,718.614990234375,718.7689819335938,718.510009765625,718.6599731445312,19039,0.0,0.0,0.0
2026-09-08 15:27:00-04:00,718.6749877929688,718.969970703125,718.6400146484375,718.8922119140625,35781,0.0,0.0,0.0
2026-09-08 15:28:00-04:00,718.885009765625,718.9232788085938,718.7050170898438,718.8350219726562,19055,0.0,0.0,0.0
2026-09-08 15:29:00-04:00,718.8150024414062,719.0789794921875,718.8015747070312,718.9650268554688,54182,0.0,0.0,0.0
2026-09-08 15:30:00-04:00,718.9650268554688,718.9650268554688,718.5700073242188,718.6829223632812,40357,0.0,0.0,0.0
2026-09-08 15:31:00-04:00,718.6799926757812,718.8699951171875,718.5999755859375,718.8499755859375,24127,0.0,0.0,0.0
2026-09-08 15:32:00-04:00,718.8599853515625,718.97998046875,718.7899780273438,718.8099975585938,27884,0.0,0.0,0.0
2026-09-08 15:33:00-04:00,718.7949829101562,718.8400268554688,718.719970703125,718.77001953125,22462,0.0,0.0,0.0
2026-09-08 15:34:00-04:00,718.7899780273438,719.010009765625,718.75,718.9299926757812,47948,0.0,0.0,0.0
2026-09-08 15:35:00-04:00,718.9470825195312,718.9598999023438,718.669921875,718.669921875,50958,0.0,0.0,0.0
2026-09-08 15:36:00-04:00,718.6599731445312,718.7550048828125,718.6199951171875,718.6599731445312,32481,0.0,0.0,0.0
2026-09-08 15:37:00-04:00,718.6400146484375,718.7199096679688,718.6400146484375,718.7000732421875,36904,0.0,0.0,0.0
2026-09-08 15:38:00-04:00,718.719970703125,718.780029296875,718.6500244140625,718.7100219726562,34756,0.0,0.0,0.0
2026-09-08 15:39:00-04:00,718.7100219726562,718.780029296875,718.6400146484375,718.7000122070312,30112,0.0,0.0,0.0
2026-09-08 15:40:00-04:00,718.75,718.85498046875,718.6699829101562,718.8400268554688,40201,0.0,0.0,0.0
2026-09-08 15:41:00-04:00,718.8350219726562,718.8350219726562,718.6400146484375,718.77001953125,43262,0.0,0.0,0.0
2026-09-08 15:42:00-04:00,718.72998046875,718.72998046875,718.52001953125,718.6599731445312,32925,0.0,0.0,0.0
2026-09-08 15:43:00-04:00,718.6400146484375,718.6599731445312,718.4500122070312,718.4600219726562,68357,0.0,0.0,0.0
2026-09-08 15:44:00-04:00,718.4749755859375,718.5850219726562,718.4749755859375,718.5700073242188,46407,0.0,0.0,0.0
2026-09-08 15:45:00-04:00,718.5800170898438,718.6699829101562,718.2100219726562,718.2100219726562,122508,0.0,0.0,0.0
2026-09-08 15:46:00-04:00,718.2150268554688,718.3099975585938,718.1099853515625,718.27001953125,77869,0.0,0.0,0.0
2026-09-08 15:47:00-04:00,718.25,718.3250122070312,718.1699829101562,718.2100830078125,31923,0.0,0.0,0.0
2026-09-08 15:48:00-04:00,718.2150268554688,718.2150268554688,717.989990234375,718.2100219726562,55522,0.0,0.0,0.0
2026-09-08 15:49:00-04:00,718.1799926757812,718.5,718.1669921875,718.469970703125,45172,0.0,0.0,0.0
2026-09-08 15:50:00-04:00,718.5,718.6199951171875,717.72998046875,718.27001953125,225155,0.0,0.0,0.0
2026-09-08 15:51:00-04:00,718.3099975585938,718.469970703125,718.0700073242188,718.1500244140625,76875,0.0,0.0,0.0
2026-09-08 15:52:00-04:00,718.1500244140625,718.1500244140625,717.8576049804688,717.8800048828125,109804,0.0,0.0,0.0
2026-09-08 15:53:00-04:00,717.8699951171875,717.989990234375,717.6599731445312,717.719970703125,175124,0.0,0.0,0.0
2026-09-08 15:54:00-04:00,717.6599731445312,717.6900024414062,717.25,717.4949951171875,277043,0.0,0.0,0.0
2026-09-08 15:55:00-04:00,717.5800170898438,718.0900268554688,717.5700073242188,717.8099975585938,252608,0.0,0.0,0.0
2026-09-08 15:56:00-04:00,717.7999877929688,717.9099731445312,717.6099853515625,717.9099731445312,83865,0.0,0.0,0.0
2026-09-08 15:57:00-04:00,717.9099731445312,717.9650268554688,717.6900024414062,717.8099975585938,136577,0.0,0.0,0.0
2026-09-08 15:58:00-04:00,717.8200073242188,717.89501953125,717.5900268554688,717.6599731445312,198419,0.0,0.0,0.0
2026-09-08 15:59:00-04:00,717.6500244140625,718.5399780273438,717.3900146484375,718.380615234375,1214041,0.0,0.0,0.0
2026-09-09 09:30:00-04:00,716.2899780273438,716.75,715.489990234375,716.4849853515625,1791419,0.0,0.0,0.0
2026-09-09 09:31:00-04:00,716.5,716.5,715.5999755859375,716.3699951171875,172450,0.0,0.0,0.0
2026-09-09 09:32:00-04:00,716.4299926757812,716.6099853515625,715.8599853515625,715.9713134765625,130322,0.0,0.0,0.0
2026-09-09 09:33:00-04:00,716.0399780273438,716.4249877929688,715.8499755859375,716.3300170898438,86149,0.0,0.0,0.0
2026-09-09 09:34:00-04:00,716.3499755859375,717.4074096679688,716.2949829101562,716.9547729492188,113110,0.0,0.0,0.0
2026-09-09 09:35:00-04:00,716.9099731445312,717.27001953125,716.7150268554688,717.1256103515625,92254,0.0,0.0,0.0
2026-09-09 09:36:00-04:00,717.1300048828125,717.1875,716.6799926757812,717.0,114544,0.0,0.0,0.0
2026-09-09 09:37:00-04:00,717.0,717.4398803710938,716.760009765625,717.094970703125,98327,0.0,0.0,0.0
2026-09-09 09:38:00-04:00,716.989990234375,717.405029296875,716.72998046875,717.1199951171875,36212,0.0,0.0,0.0
2026-09-09 09:39:00-04:00,717.0800170898438,717.2894897460938,716.8699951171875,717.0800170898438,40739,0.0,0.0,0.0
2026-09-09 09:40:00-04:00,717.0800170898438,717.41748046875,716.8599853515625,716.9450073242188,85904,0.0,0.0,0.0
2026-09-09 09:41:00-04:00,716.9500122070312,717.5399780273438,716.8599853515625,717.3400268554688,78071,0.0,0.0,0.0
2026-09-09 09:42:00-04:00,717.353271484375,717.3599853515625,716.8699951171875,717.1799926757812,87523,0.0,0.0,0.0
2026-09-09 09:43:00-04:00,717.1799926757812,717.219970703125,716.5800170898438,716.7589721679688,90681,0.0,0.0,0.0
2026-09-09 09:44:00-04:00,716.6900024414062,717.0999755859375,716.551025390625,716.9600219726562,72355,0.0,0.0,0.0
2026-09-09 09:45:00-04:00,716.989990234375,717.2999877929688,716.4600219726562,716.510009765625,372935,0.0,0.0,0.0
2026-09-09 09:46:00-04:00,716.5900268554688,717.1400146484375,716.4099731445312,717.1400146484375,102450,0.0,0.0,0.0
2026-09-09 09:47:00-04:00,717.1199951171875,717.3699951171875,716.7899780273438,716.7999877929688,63225,0.0,0.0,0.0
2026-09-09 09:48:00-04:00,716.79248046875,717.1287841796875,716.6724853515625,717.0549926757812,116438,0.0,0.0,0.0
2026-09-09 09:49:00-04:00,716.989990234375,717.7899780273438,716.8699951171875,717.4500122070312,182973,0.0,0.0,0.0
2026-09-09 09:50:00-04:00,717.4500122070312,717.530029296875,717.0800170898438,717.3699951171875,123770,0.0,0.0,0.0
2026-09-09 09:51:00-04:00,717.3499755859375,717.6925048828125,717.239990234375,717.2999877929688,95294,0.0,0.0,0.0
2026-09-09 09:52:00-04:00,717.2899780273438,717.6500244140625,717.1630859375,717.60498046875,49878,0.0,0.0,0.0
2026-09-09 09:53:00-04:00,717.5800170898438,717.8900146484375,717.3900146484375,717.8200073242188,52500,0.0,0.0,0.0
2026-09-09 09:54:00-04:00,717.7999877929688,718.0,717.7349853515625,717.9000244140625,45627,0.0,0.0,0.0
2026-09-09 09:55:00-04:00,717.8900146484375,718.3699951171875,717.7999877929688,718.3499755859375,139742,0.0,0.0,0.0
2026-09-09 09:56:00-04:00,718.3099975585938,718.5900268554688,718.2899780273438,718.3200073242188,91443,0.0,0.0,0.0
2026-09-09 09:57:00-04:00,718.2999877929688,718.4799194335938,718.1723022460938,718.3900146484375,85777,0.0,0.0,0.0
2026-09-09 09:58:00-04:00,718.4000244140625,718.780029296875,718.219970703125,718.77001953125,77809,0.0,0.0,0.0
2026-09-09 09:59:00-04:00,718.760009765625,719.0599975585938,718.6860961914062,718.8800048828125,116081,0.0,0.0,0.0
2026-09-09 10:00:00-04:00,718.8699951171875,719.0250244140625,718.719970703125,718.780029296875,119635,0.0,0.0,0.0
2026-09-09 10:01:00-04:00,718.8099975585938,718.8099975585938,718.2061767578125,718.3200073242188,90438,0.0,0.0,0.0
2026-09-09 10:02:00-04:00,718.3400268554688,718.5499877929688,718.239990234375,718.5,80103,0.0,0.0,0.0
2026-09-09 10:03:00-04:00,718.5499877929688,719.1599731445312,718.4484252929688,719.1099853515625,96456,0.0,0.0,0.0
2026-09-09 10:04:00-04:00,719.1199951171875,719.5493774414062,719.030029296875,719.3350219726562,92625,0.0,0.0,0.0
2026-09-09 10:05:00-04:00,719.3300170898438,719.7000122070312,719.22998046875,719.5665893554688,107370,0.0,0.0,0.0
2026-09-09 10:06:00-04:00,719.5499877929688,719.6199951171875,719.280029296875,719.4099731445312,116173,0.0,0.0,0.0
2026-09-09 10:07:00-04:00,719.489990234375,719.52001953125,719.1199951171875,719.3200073242188,59546,0.0,0.0,0.0
2026-09-09 10:08:00-04:00,719.3099975585938,719.3400268554688,719.0599975585938,719.1500244140625,48371,0.0,0.0,0.0
2026-09-09 10:09:00-04:00,719.1420288085938,719.1900024414062,718.9199829101562,719.1900024414062,58561,0.0,0.0,0.0
2026-09-09 10:10:00-04:00,719.1900024414062,719.3800048828125,719.02001953125,719.1732177734375,114915,0.0,0.0,0.0
2026-09-09 10:11:00-04:00,719.1400146484375,719.1699829101562,718.5524291992188,718.5900268554688,67692,0.0,0.0,0.0
2026-09-09 10:12:00-04:00,718.5900268554688,718.8519897460938,718.510009765625,718.72998046875,101321,0.0,0.0,0.0
2026-09-09 10:13:00-04:00,718.719970703125,718.9400024414062,718.6300048828125,718.9299926757812,58748,0.0,0.0,0.0
2026-09-09 10:14:00-04:00,718.905517578125,719.0999755859375,718.830078125,718.9450073242188,40495,0.0,0.0,0.0
2026-09-09 10:15:00-04:00,718.8800048828125,718.9199829101562,718.2000122070312,718.3400268554688,170716,0.0,0.0,0.0
2026-09-09 10:16:00-04:00,718.3599853515625,718.3599853515625,717.6199951171875,717.7550048828125,92906,0.0,0.0,0.0
2026-09-09 10:17:00-04:00,717.7611083984375,718.030029296875,717.7100219726562,717.9099731445312,127501,0.0,0.0,0.0
2026-09-09 10:18:00-04:00,717.8599853515625,717.8599853515625,717.3699951171875,717.6099853515625,80715,0.0,0.0,0.0
2026-09-09 10:19:00-04:00,717.6300048828125,717.6599731445312,717.1959228515625,717.4199829101562,68674,0.0,0.0,0.0
2026-09-09 10:20:00-04:00,717.4299926757812,717.6599731445312,717.260009765625,717.3200073242188,54021,0.0,0.0,0.0
2026-09-09 10:21:00-04:00,717.3099975585938,717.3599243164062,716.9450073242188,717.0399780273438,94488,0.0,0.0,0.0
2026-09-09 10:22:00-04:00,717.0316772460938,717.0599975585938,716.6699829101562,716.863525390625,113791,0.0,0.0,0.0
2026-09-09 10:23:00-04:00,716.8599853515625,716.9199829101562,716.6500244140625,716.760009765625,67974,0.0,0.0,0.0
2026-09-09 10:24:00-04:00,716.7899780273438,717.1300048828125,716.510009765625,716.510009765625,160860,0.0,0.0,0.0
2026-09-09 10:25:00-04:00,716.52001953125,717.219970703125,716.489990234375,717.2000122070312,113437,0.0,0.0,0.0
2026-09-09 10:26:00-04:00,717.2098999023438,717.3599853515625,717.030029296875,717.0914916992188,75543,0.0,0.0,0.0
2026-09-09 10:27:00-04:00,717.114990234375,717.489990234375,716.9199829101562,717.4099731445312,80986,0.0,0.0,0.0
2026-09-09 10:28:00-04:00,717.4000244140625,718.1300048828125,717.3800048828125,718.10498046875,121114,0.0,0.0,0.0
2026-09-09 10:29:00-04:00,718.0999755859375,718.3699951171875,718.0850219726562,718.2899780273438,55919,0.0,0.0,0.0
2026-09-09 10:30:00-04:00,718.280029296875,718.3200073242188,717.9199829101562,718.0159912109375,40515,0.0,0.0,0.0
2026-09-09 10:31:00-04:00,718.0,718.0399780273438,717.6900024414062,717.8499755859375,46086,0.0,0.0,0.0
2026-09-09 10:32:00-04:00,717.7899780273438,717.989990234375,717.52001953125,717.7899780273438,52806,0.0,0.0,0.0
2026-09-09 10:33:00-04:00,717.72998046875,717.85498046875,717.469970703125,717.6300048828125,39139,0.0,0.0,0.0
2026-09-09 10:34:00-04:00,717.5150146484375,717.8400268554688,717.47998046875,717.8400268554688,25581,0.0,0.0,0.0
2026-09-09 10:35:00-04:00,717.9000244140625,718.0900268554688,717.8200073242188,717.8900146484375,49550,0.0,0.0,0.0
2026-09-09 10:36:00-04:00,717.8499755859375,718.1799926757812,717.6602783203125,717.6602783203125,31680,0.0,0.0,0.0
2026-09-09 10:37:00-04:00,717.6799926757812,717.8300170898438,717.3300170898438,717.52001953125,54908,0.0,0.0,0.0
2026-09-09 10:38:00-04:00,717.469970703125,717.6699829101562,717.39501953125,717.469970703125,73799,0.0,0.0,0.0
2026-09-09 10:39:00-04:00,717.4650268554688,718.0499877929688,717.4650268554688,718.0380859375,50989,0.0,0.0,0.0
2026-09-09 10:40:00-04:00,717.989990234375,718.2899780273438,717.739990234375,717.948974609375,45600,0.0,0.0,0.0
2026-09-09 10:41:00-04:00,717.8900146484375,718.18798828125,717.8099975585938,718.1400146484375,28613,0.0,0.0,0.0
2026-09-09 10:42:00-04:00,718.1400146484375,718.1400146484375,717.8400268554688,717.905029296875,39045,0.0,0.0,0.0
2026-09-09 10:43:00-04:00,717.8699951171875,718.219970703125,717.8099975585938,718.125,39240,0.0,0.0,0.0
2026-09-09 10:44:00-04:00,718.0999755859375,718.5092163085938,718.0700073242188,718.4000244140625,69141,0.0,0.0,0.0
2026-09-09 10:45:00-04:00,718.3499755859375,718.3900146484375,717.9400024414062,718.3699951171875,36548,0.0,0.0,0.0
2026-09-09 10:46:00-04:00,718.344970703125,718.375,718.1826171875,718.3499755859375,42182,0.0,0.0,0.0
2026-09-09 10:47:00-04:00,718.3599853515625,718.3599853515625,718.1099853515625,718.3040161132812,32349,0.0,0.0,0.0
2026-09-09 10:48:00-04:00,718.25,718.2999877929688,718.0590209960938,718.2000122070312,25016,0.0,0.0,0.0
2026-09-09 10:49:00-04:00,718.1599731445312,718.4600219726562,718.094970703125,718.3900146484375,32894,0.0,0.0,0.0
2026-09-09 10:50:00-04:00,718.4349975585938,718.4600219726562,718.114990234375,718.1400146484375,27855,0.0,0.0,0.0
2026-09-09 10:51:00-04:00,718.1452026367188,718.2550048828125,717.8699951171875,717.969970703125,43639,0.0,0.0,0.0
2026-09-09 10:52:00-04:00,717.97998046875,718.1699829101562,717.6199951171875,717.8400268554688,267100,0.0,0.0,0.0
2026-09-09 10:53:00-04:00,717.9000244140625,717.9199829101562,717.5900268554688,717.5900268554688,51351,0.0,0.0,0.0
2026-09-09 10:54:00-04:00,717.5999145507812,717.79541015625,717.5700073242188,717.6199951171875,42460,0.0,0.0,0.0
2026-09-09 10:55:00-04:00,717.6099853515625,718.0250244140625,717.6099853515625,717.75,54190,0.0,0.0,0.0
2026-09-09 10:56:00-04:00,717.7000122070312,717.97998046875,717.6500244140625,717.9000244140625,50310,0.0,0.0,0.0
2026-09-09 10:57:00-04:00,717.8900146484375,717.9099731445312,717.5800170898438,717.8300170898438,22800,0.0,0.0,0.0
2026-09-09 10:58:00-04:00,717.8419799804688,718.3795776367188,717.8099975585938,718.3699951171875,59971,0.0,0.0,0.0
2026-09-09 10:59:00-04:00,718.375,718.375,718.140380859375,718.1699829101562,21795,0.0,0.0,0.0
2026-09-09 11:00:00-04:00,718.1851196289062,718.9000244140625,717.9400024414062,718.7150268554688,110141,0.0,0.0,0.0
2026-09-09 11:01:00-04:00,718.6099853515625,718.9299926757812,717.3900146484375,717.6599731445312,137020,0.0,0.0,0.0
2026-09-09 11:02:00-04:00,717.6701049804688,717.989990234375,717.239990234375,717.2550048828125,124551,0.0,0.0,0.0
2026-09-09 11:03:00-04:00,717.25,717.4099731445312,717.1300048828125,717.2999877929688,76195,0.0,0.0,0.0
2026-09-09 11:04:00-04:00,717.1900024414062,717.3300170898438,717.0499877929688,717.3099975585938,66158,0.0,0.0,0.0
2026-09-09 11:05:00-04:00,717.27001953125,717.5900268554688,716.969970703125,716.990478515625,62433,0.0,0.0,0.0
2026-09-09 11:06:00-04:00,716.97998046875,717.030029296875,716.7899780273438,716.8200073242188,72274,0.0,0.0,0.0
2026-09-09 11:07:00-04:00,716.760009765625,717.0,716.6199951171875,716.82568359375,79093,0.0,0.0,0.0
2026-09-09 11:08:00-04:00,716.8200073242188,716.989990234375,716.6348876953125,716.7150268554688,50861,0.0,0.0,0.0
2026-09-09 11:09:00-04:00,716.739990234375,716.739990234375,715.8800048828125,716.0050048828125,113977,0.0,0.0,0.0
2026-09-09 11:10:00-04:00,716.0449829101562,716.1749877929688,715.7301025390625,715.7301025390625,69213,0.0,0.0,0.0
2026-09-09 11:11:00-04:00,715.7100219726562,715.72998046875,714.9199829101562,714.9299926757812,133523,0.0,0.0,0.0
2026-09-09 11:12:00-04:00,714.9000244140625,715.1300048828125,714.73291015625,714.9099731445312,95985,0.0,0.0,0.0
2026-09-09 11:13:00-04:00,714.89501953125,715.219970703125,714.760009765625,714.989990234375,87424,0.0,0.0,0.0
2026-09-09 11:14:00-04:00,714.989990234375,715.22998046875,714.8800048828125,715.0150146484375,87749,0.0,0.0,0.0
2026-09-09 11:15:00-04:00,715.010009765625,715.3200073242188,714.8400268554688,715.2050170898438,107724,0.0,0.0,0.0
2026-09-09 11:16:00-04:00,715.22998046875,715.7999877929688,715.0360717773438,715.7999877929688,144066,0.0,0.0,0.0
2026-09-09 11:17:00-04:00,715.8098754882812,715.8900146484375,715.5700073242188,715.72998046875,91239,0.0,0.0,0.0
2026-09-09 11:18:00-04:00,715.7100219726562,716.125,715.6799926757812,716.125,54154,0.0,0.0,0.0
2026-09-09 11:19:00-04:00,716.135009765625,716.27001953125,716.0,716.0900268554688,74545,0.0,0.0,0.0
2026-09-09 11:20:00-04:00,716.0900268554688,716.3599853515625,715.9066772460938,715.9528198242188,55048,0.0,0.0,0.0
2026-09-09 11:21:00-04:00,715.9400024414062,715.969970703125,715.3800048828125,715.5499877929688,60528,0.0,0.0,0.0
2026-09-09 11:22:00-04:00,715.52001953125,715.5399780273438,714.8800048828125,714.9799194335938,78138,0.0,0.0,0.0
2026-09-09 11:23:00-04:00,714.9000244140625,715.0,714.3300170898438,714.4000244140625,140752,0.0,0.0,0.0
2026-09-09 11:24:00-04:00,714.4000244140625,714.4161987304688,714.02001953125,714.1599731445312,149603,0.0,0.0,0.0
2026-09-09 11:25:00-04:00,714.155029296875,714.52001953125,714.0700073242188,714.4400024414062,91135,0.0,0.0,0.0
2026-09-09 11:26:00-04:00,714.4290161132812,714.5999755859375,714.27001953125,714.5,62095,0.0,0.0,0.0
2026-09-09 11:27:00-04:00,714.4550170898438,714.6463012695312,714.2214965820312,714.5499877929688,47293,0.0,0.0,0.0
2026-09-09 11:28:00-04:00,714.5700073242188,714.8878784179688,714.489990234375,714.6400146484375,88611,0.0,0.0,0.0
2026-09-09 11:29:00-04:00,714.6599731445312,714.7999877929688,714.5700073242188,714.7999877929688,49645,0.0,0.0,0.0
2026-09-09 11:30:00-04:00,714.8200073242188,715.2899780273438,714.75,715.2348022460938,59254,0.0,0.0,0.0
2026-09-09 11:31:00-04:00,715.239990234375,715.2650146484375,714.9400024414062,715.0650024414062,69546,0.0,0.0,0.0
2026-09-09 11:32:00-04:00,715.0850219726562,715.5,714.9973754882812,715.469970703125,55866,0.0,0.0,0.0
2026-09-09 11:33:00-04:00,715.4500122070312,715.7100219726562,715.260009765625,715.7000122070312,71658,0.0,0.0,0.0
2026-09-09 11:34:00-04:00,715.7100219726562,715.855712890625,715.530029296875,715.7385864257812,73479,0.0,0.0,0.0
2026-09-09 11:35:00-04:00,715.8400268554688,716.0399780273438,715.6599731445312,715.780029296875,49798,0.0,0.0,0.0
2026-09-09 11:36:00-04:00,715.780029296875,716.030029296875,715.7550048828125,715.969970703125,50972,0.0,0.0,0.0
2026-09-09 11:37:00-04:00,715.9500122070312,715.9849853515625,715.5800170898438,715.5850219726562,68168,0.0,0.0,0.0
2026-09-09 11:38:00-04:00,715.5999755859375,715.5999755859375,715.1599731445312,715.2899780273438,50048,0.0,0.0,0.0
2026-09-09 11:39:00-04:00,715.260009765625,716.8300170898438,715.1799926757812,716.6799926757812,214245,0.0,0.0,0.0
2026-09-09 11:40:00-04:00,716.7100219726562,716.97998046875,715.9299926757812,716.0900268554688,129633,0.0,0.0,0.0
2026-09-09 11:41:00-04:00,716.0800170898438,716.0900268554688,715.4500122070312,715.6599731445312,107830,0.0,0.0,0.0
2026-09-09 11:42:00-04:00,715.6900024414062,715.9099731445312,715.6300048828125,715.7626953125,32993,0.0,0.0,0.0
2026-09-09 11:43:00-04:00,715.7537841796875,715.97998046875,715.75,715.97998046875,26198,0.0,0.0,0.0
2026-09-09 11:44:00-04:00,715.9719848632812,716.0,715.8099975585938,715.969970703125,29057,0.0,0.0,0.0
2026-09-09 11:45:00-04:00,715.9500122070312,716.02001953125,715.6900024414062,715.7304077148438,28181,0.0,0.0,0.0
2026-09-09 11:46:00-04:00,715.719970703125,715.8400268554688,715.6500244140625,715.7600708007812,21466,0.0,0.0,0.0
2026-09-09 11:47:00-04:00,715.75,715.9199829101562,715.6599731445312,715.780029296875,26915,0.0,0.0,0.0
2026-09-09 11:48:00-04:00,715.7899780273438,716.0599975585938,715.77001953125,715.77001953125,21372,0.0,0.0,0.0
2026-09-09 11:49:00-04:00,715.7650146484375,716.02001953125,715.6500244140625,715.9099731445312,29068,0.0,0.0,0.0
2026-09-09 11:50:00-04:00,715.9299926757812,716.56787109375,715.9299926757812,716.4990234375,82239,0.0,0.0,0.0
2026-09-09 11:51:00-04:00,716.5150146484375,716.5150146484375,716.3200073242188,716.3200073242188,74842,0.0,0.0,0.0
2026-09-09 11:52:00-04:00,716.3300170898438,716.4600219726562,716.25,716.4199829101562,39049,0.0,0.0,0.0
2026-09-09 11:53:00-04:00,716.4000244140625,716.52001953125,716.375,716.4450073242188,37106,0.0,0.0,0.0
2026-09-09 11:54:00-04:00,716.4600219726562,716.6300048828125,716.3900146484375,716.6199951171875,84492,0.0,0.0,0.0
2026-09-09 11:55:00-04:00,716.5971069335938,716.5971069335938,716.0549926757812,716.0549926757812,27922,0.0,0.0,0.0
2026-09-09 11:56:00-04:00,716.0900268554688,716.114990234375,715.8499755859375,715.9199829101562,43378,0.0,0.0,0.0
2026-09-09 11:57:00-04:00,715.9224243164062,716.0499877929688,715.6900024414062,715.6900024414062,40350,0.0,0.0,0.0
2026-09-09 11:58:00-04:00,715.7100219726562,715.9199829101562,715.7100219726562,715.9199829101562,135276,0.0,0.0,0.0
2026-09-09 11:59:00-04:00,715.9199829101562,716.280029296875,715.9099731445312,716.1900024414062,141698,0.0,0.0,0.0
2026-09-09 12:00:00-04:00,716.1911010742188,716.2999877929688,716.0399780273438,716.1199951171875,38940,0.0,0.0,0.0
2026-09-09 12:01:00-04:00,716.1599731445312,716.3599853515625,716.0369873046875,716.2550048828125,16362,0.0,0.0,0.0
2026-09-09 12:02:00-04:00,716.2550048828125,716.4299926757812,716.1099853515625,716.39501953125,42114,0.0,0.0,0.0
2026-09-09 12:03:00-04:00,716.4000244140625,716.4099731445312,716.2000122070312,716.22998046875,33120,0.0,0.0,0.0
2026-09-09 12:04:00-04:00,716.2349853515625,716.4000244140625,716.2100219726562,716.3900146484375,32269,0.0,0.0,0.0
2026-09-09 12:05:00-04:00,716.3900146484375,716.510009765625,716.3400268554688,716.4874877929688,29308,0.0,0.0,0.0
2026-09-09 12:06:00-04:00,716.4600219726562,716.4600219726562,716.1799926757812,716.27001953125,31222,0.0,0.0,0.0
2026-09-09 12:07:00-04:00,716.22998046875,716.22998046875,715.9000244140625,715.9202270507812,42240,0.0,0.0,0.0
2026-09-09 12:08:00-04:00,715.9000244140625,715.9000244140625,715.5700073242188,715.72998046875,112260,0.0,0.0,0.0
2026-09-09 12:09:00-04:00,715.7100219726562,715.7899780273438,715.3699951171875,715.385009765625,77005,0.0,0.0,0.0
2026-09-09 12:10:00-04:00,715.385009765625,715.5499877929688,715.2999877929688,715.5150146484375,68524,0.0,0.0,0.0
2026-09-09 12:11:00-04:00,715.5250244140625,715.6599731445312,715.4818115234375,715.5900268554688,23556,0.0,0.0,0.0
2026-09-09 12:12:00-04:00,715.5399780273438,715.719970703125,715.52001953125,715.6799926757812,18728,0.0,0.0,0.0
2026-09-09 12:13:00-04:00,715.6799926757812,715.8800048828125,715.6055908203125,715.6300048828125,26966,0.0,0.0,0.0
2026-09-09 12:14:00-04:00,715.6500244140625,715.6500244140625,715.3300170898438,715.3699951171875,31726,0.0,0.0,0.0
2026-09-09 12:15:00-04:00,715.3800048828125,715.4099731445312,715.1400146484375,715.1400146484375,47988,0.0,0.0,0.0
2026-09-09 12:16:00-04:00,715.14501953125,715.239990234375,715.0999755859375,715.0999755859375,31823,0.0,0.0,0.0
2026-09-09 12:17:00-04:00,715.1199951171875,715.2899780273438,715.0399780273438,715.1199951171875,51981,0.0,0.0,0.0
2026-09-09 12:18:00-04:00,715.096923828125,715.1599731445312,715.0399780273438,715.0399780273438,19611,0.0,0.0,0.0
2026-09-09 12:19:00-04:00,715.010009765625,715.1597900390625,714.989990234375,715.1099853515625,35401,0.0,0.0,0.0
2026-09-09 12:20:00-04:00,715.0999755859375,715.14990234375,714.911376953125,714.947509765625,36541,0.0,0.0,0.0
2026-09-09 12:21:00-04:00,714.9299926757812,715.2000122070312,714.9299926757812,715.1199951171875,32147,0.0,0.0,0.0
2026-09-09 12:22:00-04:00,715.1500244140625,715.1500244140625,714.9199829101562,714.969970703125,33101,0.0,0.0,0.0
2026-09-09 12:23:00-04:00,714.9769897460938,715.0599975585938,714.9199829101562,715.0599975585938,48502,0.0,0.0,0.0
2026-09-09 12:24:00-04:00,715.0700073242188,715.3499755859375,715.0449829101562,715.3300170898438,46017,0.0,0.0,0.0
2026-09-09 12:25:00-04:00,715.3400268554688,715.419921875,715.0,715.0700073242188,68825,0.0,0.0,0.0
2026-09-09 12:26:00-04:00,715.0599975585938,715.0599975585938,714.8300170898438,714.9600219726562,39355,0.0,0.0,0.0
2026-09-09 12:27:00-04:00,714.97998046875,715.1270141601562,714.8800048828125,714.9199829101562,29812,0.0,0.0,0.0
2026-09-09 12:28:00-04:00,714.8599853515625,714.9500122070312,714.719970703125,714.72900390625,63938,0.0,0.0,0.0
2026-09-09 12:29:00-04:00,714.739990234375,714.97998046875,714.7100219726562,714.9600219726562,24567,0.0,0.0,0.0
2026-09-09 12:30:00-04:00,715.010009765625,715.3400268554688,714.97998046875,715.1900024414062,55409,0.0,0.0,0.0
2026-09-09 12:31:00-04:00,715.2100219726562,715.4299926757812,715.1599731445312,715.4299926757812,41103,0.0,0.0,0.0
2026-09-09 12:32:00-04:00,715.4553833007812,715.52001953125,715.3009033203125,715.4901123046875,36159,0.0,0.0,0.0
2026-09-09 12:33:00-04:00,715.52001953125,715.623291015625,715.4099731445312,715.5800170898438,37795,0.0,0.0,0.0
2026-09-09 12:34:00-04:00,715.5999755859375,715.8900146484375,715.5999755859375,715.7650146484375,60680,0.0,0.0,0.0
2026-09-09 12:35:00-04:00,715.760009765625,715.844970703125,715.719970703125,715.77001953125,32651,0.0,0.0,0.0
2026-09-09 12:36:00-04:00,715.77001953125,715.7999877929688,715.6300048828125,715.7000122070312,39770,0.0,0.0,0.0
2026-09-09 12:37:00-04:00,715.6799926757812,715.7233276367188,715.5750122070312,715.7100219726562,27908,0.0,0.0,0.0
2026-09-09 12:38:00-04:00,715.72900390625,715.9299926757812,715.7000122070312,715.9099731445312,35982,0.0,0.0,0.0
2026-09-09 12:39:00-04:00,715.9099731445312,716.0700073242188,715.8200073242188,716.0463256835938,35404,0.0,0.0,0.0
2026-09-09 12:40:00-04:00,716.0549926757812,716.0800170898438,715.9400024414062,715.9500122070312,42068,0.0,0.0,0.0
2026-09-09 12:41:00-04:00,715.9500122070312,716.1699829101562,715.9400024414062,716.1099853515625,38583,0.0,0.0,0.0
2026-09-09 12:42:00-04:00,716.1099853515625,716.1099853515625,715.989990234375,716.0159301757812,38848,0.0,0.0,0.0
2026-09-09 12:43:00-04:00,716.0,716.2000122070312,715.9000244140625,716.1799926757812,38550,0.0,0.0,0.0
2026-09-09 12:44:00-04:00,716.1699829101562,716.3300170898438,716.0900268554688,716.3300170898438,18916,0.0,0.0,0.0
2026-09-09 12:45:00-04:00,716.3599853515625,716.3670043945312,716.1300048828125,716.1300048828125,31448,0.0,0.0,0.0
2026-09-09 12:46:00-04:00,716.125,716.3198852539062,716.02001953125,716.2979736328125,18894,0.0,0.0,0.0
2026-09-09 12:47:00-04:00,716.239990234375,716.3800048828125,716.1400146484375,716.3599853515625,17113,0.0,0.0,0.0
2026-09-09 12:48:00-04:00,716.4199829101562,716.510009765625,716.3400268554688,716.4299926757812,23360,0.0,0.0,0.0
2026-09-09 12:49:00-04:00,716.4559936523438,716.4559936523438,716.2999877929688,716.3200073242188,34168,0.0,0.0,0.0
2026-09-09 12:50:00-04:00,716.3209838867188,716.8699951171875,716.3209838867188,716.7999877929688,70053,0.0,0.0,0.0
2026-09-09 12:51:00-04:00,716.7999877929688,716.8200073242188,716.7100219726562,716.719970703125,43238,0.0,0.0,0.0
2026-09-09 12:52:00-04:00,716.7301025390625,716.7999877929688,716.6500244140625,716.719970703125,30970,0.0,0.0,0.0
2026-09-09 12:53:00-04:00,716.7332763671875,716.7899780273438,716.5499877929688,716.5999755859375,46969,0.0,0.0,0.0
2026-09-09 12:54:00-04:00,716.6900024414062,716.7100219726562,716.510009765625,716.510009765625,37996,0.0,0.0,0.0
2026-09-09 12:55:00-04:00,716.530029296875,716.7050170898438,716.4400024414062,716.5700073242188,28226,0.0,0.0,0.0
2026-09-09 12:56:00-04:00,716.5499877929688,716.6900024414062,716.530029296875,716.6400146484375,38979,0.0,0.0,0.0
2026-09-09 12:57:00-04:00,716.655029296875,716.7100219726562,716.5689697265625,716.5999755859375,18868,0.0,0.0,0.0
2026-09-09 12:58:00-04:00,716.6199951171875,716.6500244140625,716.530029296875,716.5399780273438,27873,0.0,0.0,0.0
2026-09-09 12:59:00-04:00,716.5700073242188,716.5700073242188,716.3400268554688,716.4099731445312,84969,0.0,0.0,0.0
2026-09-09 13:00:00-04:00,716.4000244140625,716.4500122070312,716.1799926757812,716.2999877929688,46691,0.0,0.0,0.0
2026-09-09 13:01:00-04:00,716.2999877929688,716.3800048828125,716.280029296875,716.3599853515625,31744,0.0,0.0,0.0
2026-09-09 13:02:00-04:00,716.3800048828125,716.9500122070312,716.2849731445312,716.7800903320312,183046,0.0,0.0,0.0
2026-09-09 13:03:00-04:00,716.739990234375,716.7899780273438,716.4400024414062,716.469970703125,32620,0.0,0.0,0.0
2026-09-09 13:04:00-04:00,716.4650268554688,716.5050048828125,716.1599731445312,716.1799926757812,28754,0.0,0.0,0.0
2026-09-09 13:05:00-04:00,716.2100219726562,716.5900268554688,716.2100219726562,716.5900268554688,39341,0.0,0.0,0.0
2026-09-09 13:06:00-04:00,716.5700073242188,716.6500244140625,716.4678955078125,716.5800170898438,30515,0.0,0.0,0.0
2026-09-09 13:07:00-04:00,716.5927124023438,716.5927124023438,716.4600219726562,716.5650024414062,17174,0.0,0.0,0.0
2026-09-09 13:08:00-04:00,716.5800170898438,716.5800170898438,716.469970703125,716.47998046875,18045,0.0,0.0,0.0
2026-09-09 13:09:00-04:00,716.4910278320312,716.6099243164062,716.3900146484375,716.4099731445312,17426,0.0,0.0,0.0
2026-09-09 13:10:00-04:00,716.4000244140625,716.510009765625,716.2999877929688,716.4661254882812,21919,0.0,0.0,0.0
2026-09-09 13:11:00-04:00,716.4349975585938,716.5900268554688,716.4199829101562,716.5900268554688,14724,0.0,0.0,0.0
2026-09-09 13:12:00-04:00,716.590087890625,716.590087890625,716.4500122070312,716.5700073242188,23432,0.0,0.0,0.0
2026-09-09 13:13:00-04:00,716.5900268554688,716.7498779296875,716.5599975585938,716.6199951171875,27768,0.0,0.0,0.0
2026-09-09 13:14:00-04:00,716.6500244140625,716.9600219726562,716.5999755859375,716.8900146484375,56642,0.0,0.0,0.0
2026-09-09 13:15:00-04:00,716.8900146484375,717.0499877929688,716.8499755859375,716.9500122070312,29811,0.0,0.0,0.0
2026-09-09 13:16:00-04:00,716.9500122070312,716.97998046875,716.719970703125,716.7849731445312,33053,0.0,0.0,0.0
2026-09-09 13:17:00-04:00,716.77001953125,716.860107421875,716.6900024414062,716.860107421875,27765,0.0,0.0,0.0
2026-09-09 13:18:00-04:00,716.8099975585938,716.8800048828125,716.635009765625,716.6699829101562,13080,0.0,0.0,0.0
2026-09-09 13:19:00-04:00,716.6099853515625,716.6300048828125,716.5,716.5,20362,0.0,0.0,0.0
2026-09-09 13:20:00-04:00,716.510009765625,716.5399780273438,716.3599853515625,716.489990234375,25125,0.0,0.0,0.0
2026-09-09 13:21:00-04:00,716.4749755859375,716.5800170898438,716.4149780273438,716.5,16486,0.0,0.0,0.0
2026-09-09 13:22:00-04:00,716.5285034179688,716.6099853515625,716.4400024414062,716.5399780273438,25078,0.0,0.0,0.0
2026-09-09 13:23:00-04:00,716.6199951171875,716.6900024414062,716.530029296875,716.6300048828125,30581,0.0,0.0,0.0
2026-09-09 13:24:00-04:00,716.6400146484375,716.7000122070312,716.469970703125,716.7000122070312,21690,0.0,0.0,0.0
2026-09-09 13:25:00-04:00,716.72998046875,716.72998046875,716.52001953125,716.6199951171875,13885,0.0,0.0,0.0
2026-09-09 13:26:00-04:00,716.6300048828125,716.6400146484375,716.47998046875,716.5900268554688,12131,0.0,0.0,0.0
2026-09-09 13:27:00-04:00,716.5700073242188,716.594970703125,716.47998046875,716.5401000976562,13708,0.0,0.0,0.0
2026-09-09 13:28:00-04:00,716.5599975585938,716.5700073242188,716.4199829101562,716.4650268554688,26687,0.0,0.0,0.0
2026-09-09 13:29:00-04:00,716.4849853515625,716.4849853515625,716.239990234375,716.239990234375,37635,0.0,0.0,0.0
2026-09-09 13:30:00-04:00,716.260009765625,716.47998046875,716.22998046875,716.4199829101562,23551,0.0,0.0,0.0
2026-09-09 13:31:00-04:00,716.4299926757812,716.52001953125,716.0800170898438,716.119873046875,31437,0.0,0.0,0.0
2026-09-09 13:32:00-04:00,716.0800170898438,716.1400146484375,716.041015625,716.097412109375,25629,0.0,0.0,0.0
2026-09-09 13:33:00-04:00,716.1199951171875,716.43310546875,716.1199951171875,716.43310546875,27373,0.0,0.0,0.0
2026-09-09 13:34:00-04:00,716.4298706054688,716.4699096679688,716.2349853515625,716.2999877929688,21630,0.0,0.0,0.0
2026-09-09 13:35:00-04:00,716.2550048828125,716.39990234375,716.22998046875,716.2600708007812,24495,0.0,0.0,0.0
2026-09-09 13:36:00-04:00,716.2529907226562,716.2999877929688,716.1500244140625,716.1599731445312,25201,0.0,0.0,0.0
2026-09-09 13:37:00-04:00,716.1599731445312,716.1998901367188,716.030029296875,716.0399780273438,11334,0.0,0.0,0.0
2026-09-09 13:38:00-04:00,716.02001953125,716.0399780273438,715.7274780273438,715.8099975585938,62124,0.0,0.0,0.0
2026-09-09 13:39:00-04:00,715.8099975585938,715.9000244140625,715.77001953125,715.7899780273438,43131,0.0,0.0,0.0
2026-09-09 13:40:00-04:00,715.8200073242188,716.1199951171875,715.8099975585938,716.0399780273438,36269,0.0,0.0,0.0
2026-09-09 13:41:00-04:00,716.0507202148438,716.0800170898438,715.9500122070312,716.0599975585938,12949,0.0,0.0,0.0
2026-09-09 13:42:00-04:00,716.1099853515625,716.1799926757812,716.0250244140625,716.1599731445312,20580,0.0,0.0,0.0
2026-09-09 13:43:00-04:00,716.1599731445312,716.1951904296875,716.0900268554688,716.155029296875,30347,0.0,0.0,0.0
2026-09-09 13:44:00-04:00,716.1900024414062,716.4099731445312,716.1900024414062,716.3699951171875,21857,0.0,0.0,0.0
2026-09-09 13:45:00-04:00,716.4000244140625,716.530029296875,716.3699951171875,716.47998046875,26294,0.0,0.0,0.0
2026-09-09 13:46:00-04:00,716.447998046875,716.7000122070312,716.4099731445312,716.6900024414062,39202,0.0,0.0,0.0
2026-09-09 13:47:00-04:00,716.7000122070312,716.7969970703125,716.5499877929688,716.6400146484375,31607,0.0,0.0,0.0
2026-09-09 13:48:00-04:00,716.6599731445312,716.6599731445312,716.5,716.5499877929688,20119,0.0,0.0,0.0
2026-09-09 13:49:00-04:00,716.5599975585938,716.75,716.52001953125,716.7150268554688,22207,0.0,0.0,0.0
2026-09-09 13:50:00-04:00,716.72998046875,716.72998046875,716.5703735351562,716.6500244140625,14973,0.0,0.0,0.0
2026-09-09 13:51:00-04:00,716.6699829101562,716.6699829101562,716.5399780273438,716.5850219726562,17700,0.0,0.0,0.0
2026-09-09 13:52:00-04:00,716.5650024414062,716.7984008789062,716.5399780273438,716.7984008789062,29462,0.0,0.0,0.0
2026-09-09 13:53:00-04:00,716.7769775390625,716.9349975585938,716.760009765625,716.9349975585938,15127,0.0,0.0,0.0
2026-09-09 13:54:00-04:00,716.9498901367188,717.030029296875,716.8800048828125,716.9500122070312,67104,0.0,0.0,0.0
2026-09-09 13:55:00-04:00,716.9600219726562,717.0399780273438,716.8499755859375,717.0399780273438,41567,0.0,0.0,0.0
2026-09-09 13:56:00-04:00,717.02880859375,717.02880859375,716.8099975585938,716.8499755859375,31191,0.0,0.0,0.0
2026-09-09 13:57:00-04:00,716.8400268554688,716.8734741210938,716.780029296875,716.7899780273438,20957,0.0,0.0,0.0
2026-09-09 13:58:00-04:00,716.7999877929688,716.8350219726562,716.7319946289062,716.8049926757812,19742,0.0,0.0,0.0
2026-09-09 13:59:00-04:00,716.7899780273438,716.8499755859375,716.6799926757812,716.7000122070312,19646,0.0,0.0,0.0
2026-09-09 14:00:00-04:00,716.6900024414062,716.77001953125,716.5900268554688,716.5999755859375,111036,0.0,0.0,0.0
2026-09-09 14:01:00-04:00,716.6300048828125,716.739990234375,716.5999755859375,716.6599731445312,19566,0.0,0.0,0.0
2026-09-09 14:02:00-04:00,716.6599731445312,716.760009765625,716.5900268554688,716.6900024414062,18594,0.0,0.0,0.0
2026-09-09 14:03:00-04:00,716.7000122070312,716.7550048828125,716.6599731445312,716.7550048828125,19372,0.0,0.0,0.0
2026-09-09 14:04:00-04:00,716.719970703125,716.719970703125,716.6400146484375,716.6599731445312,26579,0.0,0.0,0.0
2026-09-09 14:05:00-04:00,716.6599731445312,716.6699829101562,716.510009765625,716.510009765625,21981,0.0,0.0,0.0
2026-09-09 14:06:00-04:00,716.5150146484375,716.5499877929688,716.4500122070312,716.52001953125,30863,0.0,0.0,0.0
2026-09-09 14:07:00-04:00,716.530029296875,716.530029296875,716.3800048828125,716.3920288085938,22549,0.0,0.0,0.0
2026-09-09 14:08:00-04:00,716.4000244140625,716.4199829101562,716.280029296875,716.3300170898438,28526,0.0,0.0,0.0
2026-09-09 14:09:00-04:00,716.3499755859375,716.364990234375,716.284423828125,716.344970703125,12020,0.0,0.0,0.0
2026-09-09 14:10:00-04:00,716.3499755859375,716.409912109375,716.2401123046875,716.27001953125,26316,0.0,0.0,0.0
2026-09-09 14:11:00-04:00,716.25,716.3599853515625,716.1799926757812,716.1799926757812,17219,0.0,0.0,0.0
2026-09-09 14:12:00-04:00,716.2075805664062,716.2999877929688,716.1599731445312,716.2999877929688,30278,0.0,0.0,0.0
2026-09-09 14:13:00-04:00,716.22998046875,716.25,716.1199951171875,716.1500244140625,23959,0.0,0.0,0.0
2026-09-09 14:14:00-04:00,716.1500244140625,716.239990234375,716.0438842773438,716.0438842773438,51709,0.0,0.0,0.0
2026-09-09 14:15:00-04:00,716.010009765625,716.0800170898438,715.9600219726562,716.030029296875,57849,0.0,0.0,0.0
2026-09-09 14:16:00-04:00,716.0399780273438,716.0700073242188,715.9299926757812,716.0416870117188,10329,0.0,0.0,0.0
2026-09-09 14:17:00-04:00,716.0599975585938,716.2098999023438,716.030029296875,716.1378173828125,19474,0.0,0.0,0.0
2026-09-09 14:18:00-04:00,716.1300048828125,716.2550048828125,716.0399780273438,716.25,15189,0.0,0.0,0.0
2026-09-09 14:19:00-04:00,716.2449951171875,716.2449951171875,715.969970703125,716.0902709960938,18957,0.0,0.0,0.0
2026-09-09 14:20:00-04:00,716.0999755859375,716.25,716.0750122070312,716.239990234375,17242,0.0,0.0,0.0
2026-09-09 14:21:00-04:00,716.2349853515625,716.3699951171875,716.2150268554688,716.239990234375,28562,0.0,0.0,0.0
2026-09-09 14:22:00-04:00,716.2999877929688,716.3298950195312,716.1099853515625,716.27001953125,32751,0.0,0.0,0.0
2026-09-09 14:23:00-04:00,716.3300170898438,716.47998046875,716.3201293945312,716.4199829101562,20082,0.0,0.0,0.0
2026-09-09 14:24:00-04:00,716.4099731445312,716.469970703125,716.3948974609375,716.4450073242188,26715,0.0,0.0,0.0
2026-09-09 14:25:00-04:00,716.4451293945312,716.47998046875,716.3037719726562,716.3037719726562,20175,0.0,0.0,0.0
2026-09-09 14:26:00-04:00,716.3150024414062,716.5202026367188,716.280029296875,716.510009765625,32260,0.0,0.0,0.0
2026-09-09 14:27:00-04:00,716.489990234375,716.510009765625,716.4199829101562,716.510009765625,22433,0.0,0.0,0.0
2026-09-09 14:28:00-04:00,716.4901123046875,716.5,716.1500244140625,716.1699829101562,24974,0.0,0.0,0.0
2026-09-09 14:29:00-04:00,716.260009765625,716.3400268554688,716.25,716.2999877929688,18184,0.0,0.0,0.0
2026-09-09 14:30:00-04:00,716.3121948242188,716.3121948242188,716.2000122070312,716.2824096679688,29525,0.0,0.0,0.0
2026-09-09 14:31:00-04:00,716.260009765625,716.3200073242188,716.2100219726562,716.2949829101562,26015,0.0,0.0,0.0
2026-09-09 14:32:00-04:00,716.2700805664062,716.2999877929688,716.1400146484375,716.239990234375,19276,0.0,0.0,0.0
2026-09-09 14:33:00-04:00,716.239990234375,716.4898071289062,716.239990234375,716.4749755859375,16323,0.0,0.0,0.0
2026-09-09 14:34:00-04:00,716.4749755859375,716.47998046875,716.27001953125,716.3350219726562,61589,0.0,0.0,0.0
2026-09-09 14:35:00-04:00,716.3200073242188,716.52001953125,716.2999877929688,716.4299926757812,11354,0.0,0.0,0.0
2026-09-09 14:36:00-04:00,716.4749755859375,716.5050048828125,716.3380126953125,716.4199829101562,13761,0.0,0.0,0.0
2026-09-09 14:37:00-04:00,716.4199829101562,716.4199829101562,716.3212280273438,716.327392578125,5528,0.0,0.0,0.0
2026-09-09 14:38:00-04:00,716.369873046875,716.4299926757812,716.3499755859375,716.4299926757812,8794,0.0,0.0,0.0
2026-09-09 14:39:00-04:00,716.47998046875,716.5294799804688,716.4500122070312,716.4700927734375,14680,0.0,0.0,0.0
2026-09-09 14:40:00-04:00,716.47998046875,716.6500244140625,716.47998046875,716.5999755859375,29814,0.0,0.0,0.0
2026-09-09 14:41:00-04:00,716.6199951171875,716.6500244140625,716.5599975585938,716.6300048828125,20227,0.0,0.0,0.0
2026-09-09 14:42:00-04:00,716.6199951171875,716.6500244140625,716.5599975585938,716.5599975585938,267758,0.0,0.0,0.0
2026-09-09 14:43:00-04:00,716.5700073242188,716.6900024414062,716.5700073242188,716.6199951171875,20275,0.0,0.0,0.0
2026-09-09 14:44:00-04:00,716.64501953125,716.6799926757812,716.5900268554688,716.6300048828125,18342,0.0,0.0,0.0
2026-09-09 14:45:00-04:00,716.6224975585938,716.6599731445312,716.5499877929688,716.6400756835938,53356,0.0,0.0,0.0
2026-09-09 14:46:00-04:00,716.6400146484375,716.6950073242188,716.5750122070312,716.6099853515625,16662,0.0,0.0,0.0
2026-09-09 14:47:00-04:00,716.6199951171875,716.6326904296875,716.5399780273438,716.5734252929688,15658,0.0,0.0,0.0
2026-09-09 14:48:00-04:00,716.5869750976562,716.6300048828125,716.5499877929688,716.5499877929688,21082,0.0,0.0,0.0
2026-09-09 14:49:00-04:00,716.5399780273438,716.5499877929688,716.4099731445312,716.468505859375,20565,0.0,0.0,0.0
2026-09-09 14:50:00-04:00,716.469970703125,716.5651245117188,716.4500122070312,716.5651245117188,14590,0.0,0.0,0.0
2026-09-09 14:51:00-04:00,716.5599975585938,716.6300048828125,716.52001953125,716.5399780273438,25682,0.0,0.0,0.0
2026-09-09 14:52:00-04:00,716.530029296875,716.6500244140625,716.530029296875,716.5750122070312,19972,0.0,0.0,0.0
2026-09-09 14:53:00-04:00,716.586181640625,716.7999877929688,716.5800170898438,716.760009765625,23083,0.0,0.0,0.0
2026-09-09 14:54:00-04:00,716.780029296875,716.780029296875,716.6900024414062,716.7100219726562,18844,0.0,0.0,0.0
2026-09-09 14:55:00-04:00,716.72998046875,716.7999877929688,716.6699829101562,716.7000122070312,15409,0.0,0.0,0.0
2026-09-09 14:56:00-04:00,716.6799926757812,716.75,716.5750122070312,716.6401977539062,16890,0.0,0.0,0.0
2026-09-09 14:57:00-04:00,716.6220092773438,716.6237182617188,716.4000244140625,716.4149780273438,14957,0.0,0.0,0.0
2026-09-09 14:58:00-04:00,716.4000244140625,716.4199829101562,716.1699829101562,716.2269897460938,25881,0.0,0.0,0.0
2026-09-09 14:59:00-04:00,716.22998046875,716.3200073242188,716.1400146484375,716.1500244140625,31146,0.0,0.0,0.0
2026-09-09 15:00:00-04:00,716.1599731445312,716.280029296875,716.02001953125,716.260009765625,52535,0.0,0.0,0.0
2026-09-09 15:01:00-04:00,716.239990234375,716.239990234375,715.9600219726562,716.0150146484375,44051,0.0,0.0,0.0
2026-09-09 15:02:00-04:00,716.02001953125,716.030029296875,715.7999877929688,715.8099975585938,42620,0.0,0.0,0.0
2026-09-09 15:03:00-04:00,715.7999877929688,715.9199829101562,715.7999877929688,715.8599853515625,19098,0.0,0.0,0.0
2026-09-09 15:04:00-04:00,715.8599853515625,715.9199829101562,715.760009765625,715.8699951171875,92211,0.0,0.0,0.0
2026-09-09 15:05:00-04:00,715.8800048828125,715.9500122070312,715.8400268554688,715.8900756835938,27038,0.0,0.0,0.0
2026-09-09 15:06:00-04:00,715.8900146484375,715.989990234375,715.838623046875,715.9456787109375,25219,0.0,0.0,0.0
2026-09-09 15:07:00-04:00,715.9299926757812,716.3363037109375,715.9299926757812,716.260009765625,446504,0.0,0.0,0.0
2026-09-09 15:08:00-04:00,716.2730102539062,716.3400268554688,716.1599731445312,716.2100219726562,23154,0.0,0.0,0.0
2026-09-09 15:09:00-04:00,716.1849975585938,716.3049926757812,716.1400146484375,716.260009765625,19468,0.0,0.0,0.0
2026-09-09 15:10:00-04:00,716.2750244140625,716.3099975585938,716.1900024414062,716.1900024414062,12432,0.0,0.0,0.0
2026-09-09 15:11:00-04:00,716.2000122070312,716.3300170898438,716.1950073242188,716.2899780273438,222527,0.0,0.0,0.0
2026-09-09 15:12:00-04:00,716.3099975585938,716.3099975585938,716.1599731445312,716.22998046875,19440,0.0,0.0,0.0
2026-09-09 15:13:00-04:00,716.22998046875,716.3400268554688,716.22998046875,716.3300170898438,23545,0.0,0.0,0.0
2026-09-09 15:14:00-04:00,716.3300170898438,716.3400268554688,716.2050170898438,716.2249755859375,29084,0.0,0.0,0.0
2026-09-09 15:15:00-04:00,716.2249755859375,716.5650024414062,716.2109985351562,716.5399780273438,26187,0.0,0.0,0.0
2026-09-09 15:16:00-04:00,716.5560302734375,716.5560302734375,716.4000244140625,716.4600219726562,21776,0.0,0.0,0.0
2026-09-09 15:17:00-04:00,716.4517822265625,716.510009765625,716.4390258789062,716.4401245117188,13066,0.0,0.0,0.0
2026-09-09 15:18:00-04:00,716.4299926757812,716.7100219726562,716.4299926757812,716.6983032226562,33038,0.0,0.0,0.0
2026-09-09 15:19:00-04:00,716.7000122070312,716.719970703125,716.6400146484375,716.6400146484375,125083,0.0,0.0,0.0
2026-09-09 15:20:00-04:00,716.6599731445312,716.7449951171875,716.5599975585938,716.5599975585938,24178,0.0,0.0,0.0
2026-09-09 15:21:00-04:00,716.5750122070312,716.7100219726562,716.5313720703125,716.6799926757812,227006,0.0,0.0,0.0
2026-09-09 15:22:00-04:00,716.6749877929688,716.6749877929688,716.4400024414062,716.469970703125,20332,0.0,0.0,0.0
2026-09-09 15:23:00-04:00,716.47998046875,716.6500244140625,716.4710083007812,716.6500244140625,13264,0.0,0.0,0.0
2026-09-09 15:24:00-04:00,716.6500244140625,716.6500244140625,716.5599975585938,716.588623046875,13764,0.0,0.0,0.0
2026-09-09 15:25:00-04:00,716.594970703125,716.6799926757812,716.510009765625,716.6400146484375,18201,0.0,0.0,0.0
2026-09-09 15:26:00-04:00,716.635009765625,716.6500244140625,716.5599975585938,716.5599975585938,25472,0.0,0.0,0.0
2026-09-09 15:27:00-04:00,716.5499877929688,716.5499877929688,716.4099731445312,716.4349975585938,26147,0.0,0.0,0.0
2026-09-09 15:28:00-04:00,716.4299926757812,716.469970703125,716.2899780273438,716.3499145507812,19260,0.0,0.0,0.0
2026-09-09 15:29:00-04:00,716.3499145507812,716.3900146484375,716.2650146484375,716.276123046875,16491,0.0,0.0,0.0
2026-09-09 15:30:00-04:00,716.280029296875,716.3900146484375,716.239990234375,716.3082885742188,43272,0.0,0.0,0.0
2026-09-09 15:31:00-04:00,716.3200073242188,716.3400268554688,716.2100219726562,716.239990234375,25101,0.0,0.0,0.0
2026-09-09 15:32:00-04:00,716.239990234375,716.2899780273438,716.1400146484375,716.2000122070312,40668,0.0,0.0,0.0
2026-09-09 15:33:00-04:00,716.1900024414062,716.2899780273438,716.1500244140625,716.219970703125,94610,0.0,0.0,0.0
2026-09-09 15:34:00-04:00,716.25,716.3150024414062,716.2100219726562,716.22998046875,27973,0.0,0.0,0.0
2026-09-09 15:35:00-04:00,716.2349853515625,716.2349853515625,716.1699829101562,716.1900024414062,30038,0.0,0.0,0.0
2026-09-09 15:36:00-04:00,716.1599731445312,716.280029296875,716.0601806640625,716.0601806640625,34769,0.0,0.0,0.0
2026-09-09 15:37:00-04:00,716.0499877929688,716.0800170898438,716.010009765625,716.02001953125,23941,0.0,0.0,0.0
2026-09-09 15:38:00-04:00,716.0,716.0599975585938,715.97998046875,716.0401000976562,363399,0.0,0.0,0.0
2026-09-09 15:39:00-04:00,716.0499877929688,716.1099853515625,716.0,716.0499877929688,261163,0.0,0.0,0.0
2026-09-09 15:40:00-04:00,716.02001953125,716.0900268554688,715.9600219726562,716.0750122070312,36211,0.0,0.0,0.0
2026-09-09 15:41:00-04:00,716.0449829101562,716.086181640625,715.9600219726562,715.9600219726562,33422,0.0,0.0,0.0
2026-09-09 15:42:00-04:00,715.9500122070312,716.0700073242188,715.9099731445312,715.9299926757812,98455,0.0,0.0,0.0
2026-09-09 15:43:00-04:00,715.9299926757812,716.0700073242188,715.9099731445312,716.0700073242188,47377,0.0,0.0,0.0
2026-09-09 15:44:00-04:00,716.0900268554688,716.1500244140625,716.0700073242188,716.1300048828125,56553,0.0,0.0,0.0
2026-09-09 15:45:00-04:00,716.1300048828125,716.2100219726562,716.0499877929688,716.0501098632812,158160,0.0,0.0,0.0
2026-09-09 15:46:00-04:00,716.0499877929688,716.1799926757812,715.989990234375,716.0399780273438,60486,0.0,0.0,0.0
2026-09-09 15:47:00-04:00,716.0499877929688,716.1099853515625,715.9400024414062,715.9550170898438,59238,0.0,0.0,0.0
2026-09-09 15:48:00-04:00,715.9598999023438,716.1599731445312,715.9500122070312,716.135009765625,37327,0.0,0.0,0.0
2026-09-09 15:49:00-04:00,716.135009765625,716.25,716.1199951171875,716.1900024414062,72421,0.0,0.0,0.0
2026-09-09 15:50:00-04:00,716.1500244140625,716.22998046875,715.8900146484375,715.9199829101562,134250,0.0,0.0,0.0
2026-09-09 15:51:00-04:00,715.9000244140625,715.9199829101562,715.780029296875,715.9000244140625,129135,0.0,0.0,0.0
2026-09-09 15:52:00-04:00,715.9000244140625,716.0399780273438,715.844970703125,715.8875122070312,53686,0.0,0.0,0.0
2026-09-09 15:53:00-04:00,715.888671875,715.9849853515625,715.8499755859375,715.9373168945312,64831,0.0,0.0,0.0
2026-09-09 15:54:00-04:00,715.9400024414062,716.1699829101562,715.9000244140625,715.9949951171875,101930,0.0,0.0,0.0
2026-09-09 15:55:00-04:00,716.010009765625,716.0900268554688,715.530029296875,715.7899780273438,159116,0.0,0.0,0.0
2026-09-09 15:56:00-04:00,715.7899780273438,715.9224243164062,715.739990234375,715.7899780273438,120814,0.0,0.0,0.0
2026-09-09 15:57:00-04:00,715.7849731445312,715.8074951171875,715.719970703125,715.7849731445312,80878,0.0,0.0,0.0
2026-09-09 15:58:00-04:00,715.7899780273438,716.030029296875,715.739990234375,716.02001953125,187199,0.0,0.0,0.0
2026-09-09 15:59:00-04:00,716.0,716.3699951171875,715.8300170898438,716.280029296875,450163,0.0,0.0,0.0
2026-09-10 09:30:00-04:00,707.5650024414062,708.3800048828125,707.3400268554688,708.3209228515625,2873367,0.0,0.0,0.0
2026-09-10 09:31:00-04:00,708.2999877929688,708.4299926757812,707.8699951171875,708.1199951171875,344573,0.0,0.0,0.0
2026-09-10 09:32:00-04:00,708.1500244140625,708.25,707.1099853515625,707.2550048828125,275840,0.0,0.0,0.0
2026-09-10 09:33:00-04:00,707.25,707.9199829101562,706.85498046875,707.9199829101562,218433,0.0,0.0,0.0
2026-09-10 09:34:00-04:00,707.9030151367188,708.3200073242188,707.5900268554688,707.7750244140625,161078,0.0,0.0,0.0
2026-09-10 09:35:00-04:00,707.780029296875,708.614990234375,707.5800170898438,708.1649780273438,207069,0.0,0.0,0.0
2026-09-10 09:36:00-04:00,708.1162109375,708.72998046875,708.0700073242188,708.469970703125,172273,0.0,0.0,0.0
2026-09-10 09:37:00-04:00,708.47998046875,708.72998046875,707.9974975585938,708.2828979492188,149422,0.0,0.0,0.0
2026-09-10 09:38:00-04:00,708.280029296875,708.9199829101562,708.1099853515625,708.8499755859375,146066,0.0,0.0,0.0
2026-09-10 09:39:00-04:00,708.8099975585938,709.9000244140625,708.7705078125,709.7210083007812,216131,0.0,0.0,0.0
2026-09-10 09:40:00-04:00,709.7462768554688,710.27001953125,709.5599975585938,709.9199829101562,175307,0.0,0.0,0.0
2026-09-10 09:41:00-04:00,709.9099731445312,710.1099853515625,709.0900268554688,709.2249755859375,191122,0.0,0.0,0.0
2026-09-10 09:42:00-04:00,709.2567749023438,709.5899047851562,708.9801025390625,709.3400268554688,130498,0.0,0.0,0.0
2026-09-10 09:43:00-04:00,709.3300170898438,709.719482421875,709.1599731445312,709.364990234375,92034,0.0,0.0,0.0
2026-09-10 09:44:00-04:00,709.344970703125,709.5504760742188,708.6699829101562,708.77001953125,115956,0.0,0.0,0.0
2026-09-10 09:45:00-04:00,708.8200073242188,709.469970703125,708.62548828125,709.4000244140625,142534,0.0,0.0,0.0
2026-09-10 09:46:00-04:00,709.4299926757812,709.9000244140625,709.1237182617188,709.880126953125,97450,0.0,0.0,0.0
2026-09-10 09:47:00-04:00,709.8599853515625,709.9400024414062,709.510009765625,709.6900024414062,98214,0.0,0.0,0.0
2026-09-10 09:48:00-04:00,709.6699829101562,709.6950073242188,708.8800048828125,709.1719970703125,149102,0.0,0.0,0.0
2026-09-10 09:49:00-04:00,709.1099853515625,710.3599853515625,708.969970703125,709.8887939453125,271789,0.0,0.0,0.0
2026-09-10 09:50:00-04:00,709.9099731445312,709.9500122070312,708.7000122070312,708.9349975585938,136173,0.0,0.0,0.0
2026-09-10 09:51:00-04:00,708.9400024414062,708.969970703125,708.1400146484375,708.1500244140625,149196,0.0,0.0,0.0
2026-09-10 09:52:00-04:00,708.27001953125,708.47998046875,708.0150146484375,708.377197265625,122308,0.0,0.0,0.0
2026-09-10 09:53:00-04:00,708.3200073242188,708.4500122070312,707.9500122070312,708.2899780273438,79661,0.0,0.0,0.0
2026-09-10 09:54:00-04:00,708.2550048828125,708.6799926757812,707.9307250976562,707.9500122070312,66936,0.0,0.0,0.0
2026-09-10 09:55:00-04:00,707.9550170898438,708.2163696289062,707.760498046875,708.0349731445312,78958,0.0,0.0,0.0
2026-09-10 09:56:00-04:00,708.02001953125,708.2349853515625,707.5800170898438,708.1317138671875,76404,0.0,0.0,0.0
2026-09-10 09:57:00-04:00,708.2000122070312,708.4071044921875,707.844970703125,708.1099853515625,64497,0.0,0.0,0.0
2026-09-10 09:58:00-04:00,708.0900268554688,708.2000122070312,707.72998046875,707.7606201171875,46973,0.0,0.0,0.0
2026-09-10 09:59:00-04:00,707.760009765625,708.0079956054688,707.719970703125,707.8300170898438,51860,0.0,0.0,0.0
2026-09-10 10:00:00-04:00,707.760009765625,708.5999755859375,707.760009765625,708.2999877929688,93866,0.0,0.0,0.0
2026-09-10 10:01:00-04:00,708.2550048828125,709.0700073242188,708.22998046875,709.02001953125,84412,0.0,0.0,0.0
2026-09-10 10:02:00-04:00,709.0250244140625,709.5050048828125,708.9550170898438,709.375,90974,0.0,0.0,0.0
2026-09-10 10:03:00-04:00,709.3800048828125,709.7150268554688,709.1826782226562,709.6199951171875,84879,0.0,0.0,0.0
2026-09-10 10:04:00-04:00,709.6199951171875,709.6199951171875,708.9600219726562,708.97998046875,93061,0.0,0.0,0.0
2026-09-10 10:05:00-04:00,708.9849853515625,709.2000122070312,708.664306640625,708.72998046875,86539,0.0,0.0,0.0
2026-09-10 10:06:00-04:00,708.72998046875,708.9650268554688,708.6400146484375,708.7999877929688,55985,0.0,0.0,0.0
2026-09-10 10:07:00-04:00,708.760009765625,709.119873046875,708.2449951171875,708.2449951171875,75008,0.0,0.0,0.0
2026-09-10 10:08:00-04:00,708.2744750976562,708.469970703125,708.0399780273438,708.38623046875,81395,0.0,0.0,0.0
2026-09-10 10:09:00-04:00,708.3800048828125,708.739990234375,708.219970703125,708.6900024414062,56455,0.0,0.0,0.0
2026-09-10 10:10:00-04:00,708.7379760742188,709.0999755859375,708.530029296875,708.7949829101562,57992,0.0,0.0,0.0
2026-09-10 10:11:00-04:00,708.739990234375,709.0391235351562,708.3400268554688,708.8800048828125,112399,0.0,0.0,0.0
2026-09-10 10:12:00-04:00,708.9400024414062,709.1599731445312,708.8599853515625,709.0700073242188,70875,0.0,0.0,0.0
2026-09-10 10:13:00-04:00,709.1649780273438,709.510009765625,709.1649780273438,709.4400024414062,142692,0.0,0.0,0.0
2026-09-10 10:14:00-04:00,709.4500122070312,709.47998046875,708.6929931640625,708.7899780273438,53201,0.0,0.0,0.0
2026-09-10 10:15:00-04:00,708.77001953125,708.9500122070312,708.4000854492188,708.6400146484375,63123,0.0,0.0,0.0
2026-09-10 10:16:00-04:00,708.6400146484375,708.6400146484375,708.239990234375,708.489990234375,48120,0.0,0.0,0.0
2026-09-10 10:17:00-04:00,708.4299926757812,708.4400024414062,708.1099853515625,708.280029296875,84753,0.0,0.0,0.0
2026-09-10 10:18:00-04:00,708.2650146484375,708.77001953125,708.2650146484375,708.719970703125,153942,0.0,0.0,0.0
2026-09-10 10:19:00-04:00,708.6849975585938,709.2899780273438,708.6099853515625,709.2150268554688,83857,0.0,0.0,0.0
2026-09-10 10:20:00-04:00,709.22998046875,709.739990234375,709.1199951171875,709.5999755859375,76031,0.0,0.0,0.0
2026-09-10 10:21:00-04:00,709.5750122070312,709.760009765625,709.260986328125,709.7440185546875,58515,0.0,0.0,0.0
2026-09-10 10:22:00-04:00,709.780029296875,710.1099853515625,709.4849243164062,710.0700073242188,83299,0.0,0.0,0.0
2026-09-10 10:23:00-04:00,710.0499877929688,710.0599975585938,709.6900024414062,709.8300170898438,57136,0.0,0.0,0.0
2026-09-10 10:24:00-04:00,709.8900146484375,711.780029296875,709.7401123046875,710.989990234375,359921,0.0,0.0,0.0
2026-09-10 10:25:00-04:00,710.989990234375,711.585205078125,710.9600219726562,711.1801147460938,167482,0.0,0.0,0.0
2026-09-10 10:26:00-04:00,711.1900024414062,711.3200073242188,710.4000244140625,710.4099731445312,157362,0.0,0.0,0.0
2026-09-10 10:27:00-04:00,710.3800048828125,710.6098022460938,710.1699829101562,710.25,118484,0.0,0.0,0.0
2026-09-10 10:28:00-04:00,710.2449951171875,710.7849731445312,710.2349853515625,710.5999755859375,106311,0.0,0.0,0.0
2026-09-10 10:29:00-04:00,710.6300048828125,710.6550903320312,710.1699829101562,710.4099731445312,89145,0.0,0.0,0.0
2026-09-10 10:30:00-04:00,710.4099731445312,710.9500122070312,710.385009765625,710.8099975585938,117013,0.0,0.0,0.0
2026-09-10 10:31:00-04:00,710.8300170898438,711.25,710.760009765625,711.1099853515625,68644,0.0,0.0,0.0
2026-09-10 10:32:00-04:00,711.0700073242188,711.1005249023438,710.719970703125,710.9199829101562,78097,0.0,0.0,0.0
2026-09-10 10:33:00-04:00,710.9000244140625,710.9749755859375,710.510009765625,710.6400146484375,48046,0.0,0.0,0.0
2026-09-10 10:34:00-04:00,710.6199951171875,711.094970703125,710.6199951171875,710.7050170898438,70886,0.0,0.0,0.0
2026-09-10 10:35:00-04:00,710.7100219726562,711.5399780273438,710.7100219726562,711.4199829101562,102454,0.0,0.0,0.0
2026-09-10 10:36:00-04:00,711.4500122070312,711.8300170898438,711.3099975585938,711.77001953125,68593,0.0,0.0,0.0
2026-09-10 10:37:00-04:00,711.74658203125,712.0,711.6599731445312,711.9600219726562,58518,0.0,0.0,0.0
2026-09-10 10:38:00-04:00,711.9149780273438,712.0599975585938,711.7999877929688,711.969970703125,120701,0.0,0.0,0.0
2026-09-10 10:39:00-04:00,711.9600219726562,712.0499877929688,711.6799926757812,711.7249755859375,94267,0.0,0.0,0.0
2026-09-10 10:40:00-04:00,711.72998046875,711.9199829101562,711.4099731445312,711.6400146484375,88352,0.0,0.0,0.0
2026-09-10 10:41:00-04:00,711.6400146484375,711.8200073242188,711.52001953125,711.5900268554688,45443,0.0,0.0,0.0
2026-09-10 10:42:00-04:00,711.5499877929688,711.7000122070312,711.2299194335938,711.2462768554688,51626,0.0,0.0,0.0
2026-09-10 10:43:00-04:00,711.22998046875,711.3699951171875,710.969970703125,711.010009765625,55574,0.0,0.0,0.0
2026-09-10 10:44:00-04:00,711.030029296875,711.1599731445312,710.8099975585938,711.1400146484375,93265,0.0,0.0,0.0
2026-09-10 10:45:00-04:00,711.0999755859375,711.1849975585938,710.8599853515625,710.9484252929688,43847,0.0,0.0,0.0
2026-09-10 10:46:00-04:00,710.9500122070312,711.47998046875,710.947998046875,711.3699951171875,44143,0.0,0.0,0.0
2026-09-10 10:47:00-04:00,711.3699951171875,711.3795776367188,710.5999755859375,710.6199951171875,60729,0.0,0.0,0.0
2026-09-10 10:48:00-04:00,710.6099853515625,711.0399780273438,710.5599975585938,711.010009765625,47036,0.0,0.0,0.0
2026-09-10 10:49:00-04:00,710.969970703125,711.0399780273438,710.7899780273438,710.9299926757812,40548,0.0,0.0,0.0
2026-09-10 10:50:00-04:00,710.91162109375,710.91162109375,710.5,710.510009765625,46206,0.0,0.0,0.0
2026-09-10 10:51:00-04:00,710.510009765625,711.0900268554688,710.510009765625,711.0900268554688,66409,0.0,0.0,0.0
2026-09-10 10:52:00-04:00,711.1199951171875,711.280029296875,710.8900146484375,711.0399780273438,45458,0.0,0.0,0.0
2026-09-10 10:53:00-04:00,711.0900268554688,711.3499755859375,710.9201049804688,711.1900024414062,70508,0.0,0.0,0.0
2026-09-10 10:54:00-04:00,711.1801147460938,711.3400268554688,711.130126953125,711.3350219726562,39562,0.0,0.0,0.0
2026-09-10 10:55:00-04:00,711.4199829101562,711.4349975585938,711.02001953125,711.02001953125,30288,0.0,0.0,0.0
2026-09-10 10:56:00-04:00,711.02001953125,711.469970703125,710.97998046875,711.4149780273438,59878,0.0,0.0,0.0
2026-09-10 10:57:00-04:00,711.3900146484375,711.7974853515625,711.2468872070312,711.72998046875,47110,0.0,0.0,0.0
2026-09-10 10:58:00-04:00,711.760009765625,711.77001953125,711.5050048828125,711.6099853515625,25889,0.0,0.0,0.0
2026-09-10 10:59:00-04:00,711.6300048828125,711.8049926757812,711.5399780273438,711.7999877929688,39370,0.0,0.0,0.0
2026-09-10 11:00:00-04:00,711.77001953125,711.8300170898438,711.3200073242188,711.52001953125,52537,0.0,0.0,0.0
2026-09-10 11:01:00-04:00,711.489990234375,711.489990234375,710.9600219726562,711.0499877929688,50330,0.0,0.0,0.0
2026-09-10 11:02:00-04:00,711.010009765625,711.030029296875,710.6099853515625,710.739990234375,74230,0.0,0.0,0.0
2026-09-10 11:03:00-04:00,710.72998046875,711.010009765625,710.6599731445312,710.97998046875,420989,0.0,0.0,0.0
2026-09-10 11:04:00-04:00,711.0,711.260009765625,710.9000244140625,710.91748046875,116368,0.0,0.0,0.0
2026-09-10 11:05:00-04:00,710.9299926757812,711.5700073242188,710.9299926757812,711.4600219726562,42990,0.0,0.0,0.0
2026-09-10 11:06:00-04:00,711.43798828125,711.4949951171875,711.260009765625,711.4299926757812,31545,0.0,0.0,0.0
2026-09-10 11:07:00-04:00,711.4099731445312,711.5499877929688,711.280029296875,711.4400024414062,23938,0.0,0.0,0.0
2026-09-10 11:08:00-04:00,711.4299926757812,711.5,711.3400268554688,711.4400024414062,153623,0.0,0.0,0.0
2026-09-10 11:09:00-04:00,711.3499755859375,711.3900146484375,710.802978515625,710.8800048828125,58811,0.0,0.0,0.0
2026-09-10 11:10:00-04:00,710.875,711.6599731445312,710.85498046875,711.6099853515625,52258,0.0,0.0,0.0
2026-09-10 11:11:00-04:00,711.5900268554688,711.5900268554688,711.2899780273438,711.3800048828125,45087,0.0,0.0,0.0
2026-09-10 11:12:00-04:00,711.3900146484375,711.719970703125,711.3900146484375,711.4650268554688,43517,0.0,0.0,0.0
2026-09-10 11:13:00-04:00,711.4749755859375,711.5800170898438,711.155029296875,711.4600219726562,56478,0.0,0.0,0.0
2026-09-10 11:14:00-04:00,711.4500122070312,711.4500122070312,711.1699829101562,711.3599853515625,28387,0.0,0.0,0.0
2026-09-10 11:15:00-04:00,711.3300170898438,711.4500122070312,710.9000244140625,711.02001953125,60801,0.0,0.0,0.0
2026-09-10 11:16:00-04:00,711.030029296875,711.1199951171875,710.9100952148438,711.02001953125,143822,0.0,0.0,0.0
2026-09-10 11:17:00-04:00,710.989990234375,711.1701049804688,710.8200073242188,711.0599975585938,32748,0.0,0.0,0.0
2026-09-10 11:18:00-04:00,711.0499267578125,711.0499267578125,710.52001953125,710.5900268554688,37811,0.0,0.0,0.0
2026-09-10 11:19:00-04:00,710.5399780273438,710.8800048828125,710.4600219726562,710.8049926757812,36579,0.0,0.0,0.0
2026-09-10 11:20:00-04:00,710.8200073242188,711.02001953125,710.510009765625,710.5499267578125,37424,0.0,0.0,0.0
2026-09-10 11:21:00-04:00,710.510009765625,710.530029296875,710.2100219726562,710.4500122070312,59460,0.0,0.0,0.0
2026-09-10 11:22:00-04:00,710.4199829101562,710.780029296875,710.375,710.780029296875,37191,0.0,0.0,0.0
2026-09-10 11:23:00-04:00,710.72998046875,710.9299926757812,710.5999755859375,710.6300048828125,146599,0.0,0.0,0.0
2026-09-10 11:24:00-04:00,710.6500244140625,711.0999755859375,710.6500244140625,711.030029296875,39458,0.0,0.0,0.0
2026-09-10 11:25:00-04:00,711.030029296875,711.1951293945312,710.8400268554688,711.1597290039062,52612,0.0,0.0,0.0
2026-09-10 11:26:00-04:00,711.1199951171875,711.1300048828125,710.8800048828125,711.0499877929688,36846,0.0,0.0,0.0
2026-09-10 11:27:00-04:00,711.02001953125,711.530029296875,710.989990234375,711.47998046875,60399,0.0,0.0,0.0
2026-09-10 11:28:00-04:00,711.4304809570312,711.5999755859375,711.3599853515625,711.3800048828125,49450,0.0,0.0,0.0
2026-09-10 11:29:00-04:00,711.3900146484375,711.3900146484375,711.1199951171875,711.1300048828125,49899,0.0,0.0,0.0
2026-09-10 11:30:00-04:00,711.1300048828125,711.2899780273438,710.9600219726562,711.0499877929688,73738,0.0,0.0,0.0
2026-09-10 11:31:00-04:00,711.02001953125,711.1950073242188,710.9199829101562,710.9500122070312,32101,0.0,0.0,0.0
2026-09-10 11:32:00-04:00,711.0,711.0700073242188,710.6799926757812,710.9400024414062,70270,0.0,0.0,0.0
2026-09-10 11:33:00-04:00,710.9500122070312,711.3884887695312,710.9000244140625,711.27001953125,44588,0.0,0.0,0.0
2026-09-10 11:34:00-04:00,711.260009765625,711.4249877929688,711.1900024414062,711.2899780273438,25334,0.0,0.0,0.0
2026-09-10 11:35:00-04:00,711.27001953125,711.39990234375,711.1799926757812,711.35009765625,124901,0.0,0.0,0.0
2026-09-10 11:36:00-04:00,711.3800048828125,711.7000122070312,711.3800048828125,711.5850219726562,33381,0.0,0.0,0.0
2026-09-10 11:37:00-04:00,711.5499877929688,711.97998046875,711.5499877929688,711.8800048828125,21753,0.0,0.0,0.0
2026-09-10 11:38:00-04:00,711.8699951171875,711.905029296875,711.302001953125,711.302001953125,64034,0.0,0.0,0.0
2026-09-10 11:39:00-04:00,711.3049926757812,711.3049926757812,710.9400024414062,711.239990234375,55393,0.0,0.0,0.0
2026-09-10 11:40:00-04:00,711.2100219726562,711.27001953125,710.9500122070312,711.02001953125,31059,0.0,0.0,0.0
2026-09-10 11:41:00-04:00,711.030029296875,711.4450073242188,711.010009765625,711.3400268554688,36678,0.0,0.0,0.0
2026-09-10 11:42:00-04:00,711.4000244140625,711.4099731445312,711.1199951171875,711.3049926757812,25544,0.0,0.0,0.0
2026-09-10 11:43:00-04:00,711.2999877929688,711.4600219726562,711.0700073242188,711.4600219726562,30443,0.0,0.0,0.0
2026-09-10 11:44:00-04:00,711.47998046875,711.5750122070312,711.3900146484375,711.510009765625,31759,0.0,0.0,0.0
2026-09-10 11:45:00-04:00,711.5399780273438,711.6300048828125,711.2299194335938,711.2349853515625,48105,0.0,0.0,0.0
2026-09-10 11:46:00-04:00,711.2249755859375,711.239990234375,710.864990234375,710.9600219726562,36218,0.0,0.0,0.0
2026-09-10 11:47:00-04:00,710.9400024414062,710.9400024414062,710.6099853515625,710.7100219726562,58572,0.0,0.0,0.0
2026-09-10 11:48:00-04:00,710.7100219726562,710.9400024414062,710.6900024414062,710.760009765625,31573,0.0,0.0,0.0
2026-09-10 11:49:00-04:00,710.760009765625,711.1500244140625,710.75,711.0050048828125,31864,0.0,0.0,0.0
2026-09-10 11:50:00-04:00,710.9500122070312,710.9600219726562,710.6400146484375,710.6400146484375,70149,0.0,0.0,0.0
2026-09-10 11:51:00-04:00,710.6799926757812,710.844970703125,710.60498046875,710.6599731445312,66511,0.0,0.0,0.0
2026-09-10 11:52:00-04:00,710.6599731445312,711.2100219726562,710.6599731445312,710.8900146484375,46524,0.0,0.0,0.0
2026-09-10 11:53:00-04:00,710.9000244140625,710.9299926757812,710.4600830078125,710.510009765625,45852,0.0,0.0,0.0
2026-09-10 11:54:00-04:00,710.530029296875,710.6199951171875,710.385009765625,710.385009765625,175597,0.0,0.0,0.0
2026-09-10 11:55:00-04:00,710.385009765625,710.39501953125,710.0999755859375,710.2899780273438,93238,0.0,0.0,0.0
2026-09-10 11:56:00-04:00,710.2899780273438,710.2999877929688,709.9199829101562,710.010009765625,80110,0.0,0.0,0.0
2026-09-10 11:57:00-04:00,710.0,710.1199951171875,709.9299926757812,710.0798950195312,62036,0.0,0.0,0.0
2026-09-10 11:58:00-04:00,710.0969848632812,710.4600219726562,710.0,710.4500122070312,52830,0.0,0.0,0.0
2026-09-10 11:59:00-04:00,710.4199829101562,710.5551147460938,710.3416137695312,710.39501953125,43614,0.0,0.0,0.0
2026-09-10 12:00:00-04:00,710.3800048828125,710.89501953125,710.3300170898438,710.8499755859375,165616,0.0,0.0,0.0
2026-09-10 12:01:00-04:00,710.8800048828125,711.0,710.6300048828125,710.6599731445312,63933,0.0,0.0,0.0
2026-09-10 12:02:00-04:00,710.6400756835938,710.77001953125,710.5499877929688,710.5499877929688,43938,0.0,0.0,0.0
2026-09-10 12:03:00-04:00,710.510009765625,710.580078125,710.2000122070312,710.3400268554688,43153,0.0,0.0,0.0
2026-09-10 12:04:00-04:00,710.3200073242188,710.5499877929688,710.302978515625,710.3499755859375,58930,0.0,0.0,0.0
2026-09-10 12:05:00-04:00,710.3350219726562,710.5399780273438,710.3300170898438,710.5200805664062,25083,0.0,0.0,0.0
2026-09-10 12:06:00-04:00,710.4500122070312,710.530029296875,710.3099975585938,710.3099975585938,23858,0.0,0.0,0.0
2026-09-10 12:07:00-04:00,710.3099975585938,710.3699951171875,709.860107421875,709.9000854492188,145610,0.0,0.0,0.0
2026-09-10 12:08:00-04:00,709.9199829101562,710.0499877929688,709.7899780273438,709.9144897460938,150336,0.0,0.0,0.0
2026-09-10 12:09:00-04:00,709.8800048828125,709.989990234375,709.7999877929688,709.8250122070312,28777,0.0,0.0,0.0
2026-09-10 12:10:00-04:00,709.8280029296875,709.9786987304688,709.706298828125,709.75,45381,0.0,0.0,0.0
2026-09-10 12:11:00-04:00,709.7000122070312,709.7100219726562,709.4400024414062,709.5999755859375,77175,0.0,0.0,0.0
2026-09-10 12:12:00-04:00,709.5999755859375,709.780029296875,709.5399780273438,709.6699829101562,36926,0.0,0.0,0.0
2026-09-10 12:13:00-04:00,709.6950073242188,710.02001953125,709.6500244140625,709.921875,37601,0.0,0.0,0.0
2026-09-10 12:14:00-04:00,709.9000244140625,710.0999755859375,709.77001953125,709.77001953125,31086,0.0,0.0,0.0
2026-09-10 12:15:00-04:00,709.8099975585938,710.2000122070312,709.72998046875,710.1900024414062,19271,0.0,0.0,0.0
2026-09-10 12:16:00-04:00,710.1749877929688,710.27001953125,709.7305297851562,709.8162231445312,219260,0.0,0.0,0.0
2026-09-10 12:17:00-04:00,709.8200073242188,709.8699951171875,709.5399780273438,709.6400146484375,52978,0.0,0.0,0.0
2026-09-10 12:18:00-04:00,709.6300048828125,709.7100219726562,709.52001953125,709.5625,37992,0.0,0.0,0.0
2026-09-10 12:19:00-04:00,709.5499877929688,709.8316040039062,709.5499877929688,709.64599609375,35690,0.0,0.0,0.0
2026-09-10 12:20:00-04:00,709.6500244140625,710.02001953125,709.6500244140625,709.8900146484375,22113,0.0,0.0,0.0
2026-09-10 12:21:00-04:00,709.8400268554688,709.9099731445312,709.6405029296875,709.6599731445312,21284,0.0,0.0,0.0
2026-09-10 12:22:00-04:00,709.7490234375,709.8900146484375,709.739990234375,709.8599853515625,24206,0.0,0.0,0.0
2026-09-10 12:23:00-04:00,709.7849731445312,709.8200073242188,709.7000122070312,709.8200073242188,20031,0.0,0.0,0.0
2026-09-10 12:24:00-04:00,709.8049926757812,709.8400268554688,709.6900024414062,709.7515869140625,18273,0.0,0.0,0.0
2026-09-10 12:25:00-04:00,709.760009765625,709.8300170898438,709.530029296875,709.5750122070312,43228,0.0,0.0,0.0
2026-09-10 12:26:00-04:00,709.5599975585938,709.5999755859375,709.4337158203125,709.4500122070312,30373,0.0,0.0,0.0
2026-09-10 12:27:00-04:00,709.4400024414062,709.510009765625,709.33251953125,709.3837890625,38838,0.0,0.0,0.0
2026-09-10 12:28:00-04:00,709.3499755859375,709.52001953125,709.3400268554688,709.4349975585938,33143,0.0,0.0,0.0
2026-09-10 12:29:00-04:00,709.4299926757812,709.69677734375,709.4299926757812,709.6400146484375,55667,0.0,0.0,0.0
2026-09-10 12:30:00-04:00,709.635009765625,709.9500122070312,709.635009765625,709.8250122070312,50761,0.0,0.0,0.0
2026-09-10 12:31:00-04:00,709.7899780273438,709.9500122070312,709.739990234375,709.7999877929688,23293,0.0,0.0,0.0
2026-09-10 12:32:00-04:00,709.8250122070312,710.0999755859375,709.6599731445312,709.9199829101562,52281,0.0,0.0,0.0
2026-09-10 12:33:00-04:00,709.9600219726562,710.010009765625,709.8400268554688,709.9199829101562,22893,0.0,0.0,0.0
2026-09-10 12:34:00-04:00,709.9000244140625,709.9000244140625,708.97998046875,709.0800170898438,250727,0.0,0.0,0.0
2026-09-10 12:35:00-04:00,709.0399780273438,709.1400146484375,708.6300048828125,708.9299926757812,70230,0.0,0.0,0.0
2026-09-10 12:36:00-04:00,709.0,709.3800048828125,709.0,709.3300170898438,37763,0.0,0.0,0.0
2026-09-10 12:37:00-04:00,709.3350219726562,709.5399780273438,709.2750244140625,709.4550170898438,25324,0.0,0.0,0.0
2026-09-10 12:38:00-04:00,709.4349975585938,709.6099853515625,709.3400268554688,709.4000244140625,19284,0.0,0.0,0.0
2026-09-10 12:39:00-04:00,709.4199829101562,709.5693969726562,709.3900146484375,709.5050048828125,27358,0.0,0.0,0.0
2026-09-10 12:40:00-04:00,709.5162963867188,709.8300170898438,709.510009765625,709.8300170898438,19235,0.0,0.0,0.0
2026-09-10 12:41:00-04:00,709.760009765625,709.989990234375,709.6500244140625,709.97998046875,32641,0.0,0.0,0.0
2026-09-10 12:42:00-04:00,710.0,710.073486328125,709.8699951171875,709.989990234375,16970,0.0,0.0,0.0
2026-09-10 12:43:00-04:00,709.9949951171875,710.2000122070312,709.905029296875,710.1599731445312,37875,0.0,0.0,0.0
2026-09-10 12:44:00-04:00,710.1599731445312,710.5700073242188,710.10009765625,710.4249877929688,49695,0.0,0.0,0.0
2026-09-10 12:45:00-04:00,710.423095703125,710.8394775390625,710.4000244140625,710.6895751953125,50974,0.0,0.0,0.0
2026-09-10 12:46:00-04:00,710.6900024414062,711.2100219726562,710.64501953125,711.0700073242188,71165,0.0,0.0,0.0
2026-09-10 12:47:00-04:00,711.1300048828125,711.1300048828125,710.7999877929688,710.8233032226562,60278,0.0,0.0,0.0
2026-09-10 12:48:00-04:00,710.8201293945312,710.8699951171875,710.7000122070312,710.739990234375,61064,0.0,0.0,0.0
2026-09-10 12:49:00-04:00,710.72998046875,710.75,710.364990234375,710.4600219726562,96420,0.0,0.0,0.0
2026-09-10 12:50:00-04:00,710.4450073242188,710.6199951171875,710.4450073242188,710.489990234375,26864,0.0,0.0,0.0
2026-09-10 12:51:00-04:00,710.52001953125,710.6500244140625,710.4400024414062,710.4400024414062,16252,0.0,0.0,0.0
2026-09-10 12:52:00-04:00,710.4500122070312,710.8099975585938,710.380126953125,710.72998046875,31220,0.0,0.0,0.0
2026-09-10 12:53:00-04:00,710.7449951171875,710.9600219726562,710.7000122070312,710.9400024414062,77511,0.0,0.0,0.0
2026-09-10 12:54:00-04:00,710.9401245117188,711.0800170898438,710.9299926757812,711.0609741210938,49554,0.0,0.0,0.0
2026-09-10 12:55:00-04:00,711.0700073242188,711.25,710.9299926757812,711.1849975585938,57805,0.0,0.0,0.0
2026-09-10 12:56:00-04:00,711.1849975585938,711.1849975585938,711.0700073242188,711.1300048828125,38104,0.0,0.0,0.0
2026-09-10 12:57:00-04:00,711.1300048828125,711.1599731445312,710.9099731445312,710.9738159179688,30079,0.0,0.0,0.0
2026-09-10 12:58:00-04:00,710.969970703125,711.159912109375,710.9600219726562,711.0800170898438,16168,0.0,0.0,0.0
2026-09-10 12:59:00-04:00,711.110107421875,711.1364135742188,710.8400268554688,711.030029296875,23688,0.0,0.0,0.0
2026-09-10 13:00:00-04:00,711.0078735351562,711.0557861328125,710.780029296875,710.969970703125,37574,0.0,0.0,0.0
2026-09-10 13:01:00-04:00,711.02001953125,711.0562133789062,710.9500122070312,711.0,17210,0.0,0.0,0.0
2026-09-10 13:02:00-04:00,710.97998046875,711.8099975585938,710.9796142578125,711.0700073242188,222546,0.0,0.0,0.0
2026-09-10 13:03:00-04:00,711.0700073242188,711.0709838867188,710.5499877929688,710.5499877929688,77226,0.0,0.0,0.0
2026-09-10 13:04:00-04:00,710.5599975585938,710.8800048828125,710.5499877929688,710.8800048828125,40258,0.0,0.0,0.0
2026-09-10 13:05:00-04:00,710.8800048828125,711.1099853515625,710.8400268554688,710.9766845703125,22583,0.0,0.0,0.0
2026-09-10 13:06:00-04:00,710.9500122070312,711.010009765625,710.6900024414062,710.9349975585938,52844,0.0,0.0,0.0
2026-09-10 13:07:00-04:00,710.9099731445312,711.069091796875,710.880126953125,711.02001953125,14869,0.0,0.0,0.0
2026-09-10 13:08:00-04:00,711.0,711.1099853515625,710.8699951171875,710.9099731445312,16014,0.0,0.0,0.0
2026-09-10 13:09:00-04:00,710.8900146484375,711.0169067382812,710.8599853515625,710.9099731445312,11866,0.0,0.0,0.0
2026-09-10 13:10:00-04:00,710.8911743164062,711.3900146484375,710.8911743164062,711.3400268554688,52989,0.0,0.0,0.0
2026-09-10 13:11:00-04:00,711.344970703125,711.344970703125,711.1799926757812,711.239990234375,20559,0.0,0.0,0.0
2026-09-10 13:12:00-04:00,711.2473754882812,711.3400268554688,711.2000122070312,711.25,24911,0.0,0.0,0.0
2026-09-10 13:13:00-04:00,711.2650146484375,711.2650146484375,710.9749755859375,710.989990234375,24440,0.0,0.0,0.0
2026-09-10 13:14:00-04:00,711.010009765625,711.0648803710938,710.8200073242188,710.8200073242188,14929,0.0,0.0,0.0
2026-09-10 13:15:00-04:00,710.8400268554688,710.9400024414062,710.77001953125,710.8599853515625,21821,0.0,0.0,0.0
2026-09-10 13:16:00-04:00,710.8900146484375,711.0,710.8900146484375,710.97998046875,10894,0.0,0.0,0.0
2026-09-10 13:17:00-04:00,710.9650268554688,710.969970703125,710.780029296875,710.89990234375,21542,0.0,0.0,0.0
2026-09-10 13:18:00-04:00,710.9000854492188,710.9500122070312,710.7125244140625,710.8250122070312,19133,0.0,0.0,0.0
2026-09-10 13:19:00-04:00,710.7647705078125,710.8051147460938,710.655029296875,710.8049926757812,16431,0.0,0.0,0.0
2026-09-10 13:20:00-04:00,710.8099975585938,710.8099975585938,710.6400146484375,710.7799072265625,31831,0.0,0.0,0.0
2026-09-10 13:21:00-04:00,710.7650146484375,710.7650146484375,710.5900268554688,710.614990234375,12013,0.0,0.0,0.0
2026-09-10 13:22:00-04:00,710.6099853515625,710.7498779296875,710.5900268554688,710.6649780273438,10457,0.0,0.0,0.0
2026-09-10 13:23:00-04:00,710.6699829101562,710.6699829101562,710.469970703125,710.4849853515625,19110,0.0,0.0,0.0
2026-09-10 13:24:00-04:00,710.489990234375,710.5449829101562,710.4299926757812,710.5,19443,0.0,0.0,0.0
2026-09-10 13:25:00-04:00,710.52001953125,710.5250244140625,710.239990234375,710.2999877929688,54606,0.0,0.0,0.0
2026-09-10 13:26:00-04:00,710.2899780273438,710.4500122070312,710.260009765625,710.4500122070312,27036,0.0,0.0,0.0
2026-09-10 13:27:00-04:00,710.469970703125,710.47998046875,710.3049926757812,710.4000244140625,20636,0.0,0.0,0.0
2026-09-10 13:28:00-04:00,710.3900146484375,710.5086059570312,710.2999877929688,710.47998046875,21606,0.0,0.0,0.0
2026-09-10 13:29:00-04:00,710.4500122070312,710.5499877929688,710.4000244140625,710.489990234375,14592,0.0,0.0,0.0
2026-09-10 13:30:00-04:00,710.468017578125,710.469970703125,710.2000122070312,710.2650146484375,25264,0.0,0.0,0.0
2026-09-10 13:31:00-04:00,710.2999267578125,710.469970703125,710.260009765625,710.3900146484375,26846,0.0,0.0,0.0
2026-09-10 13:32:00-04:00,710.4299926757812,710.5875244140625,710.2899780273438,710.3300170898438,66287,0.0,0.0,0.0
2026-09-10 13:33:00-04:00,710.3099975585938,710.3400268554688,710.2000122070312,710.239990234375,25083,0.0,0.0,0.0
2026-09-10 13:34:00-04:00,710.2999877929688,710.52001953125,710.27001953125,710.3099975585938,26130,0.0,0.0,0.0
2026-09-10 13:35:00-04:00,710.3200073242188,710.5899047851562,710.2899780273438,710.5650024414062,23030,0.0,0.0,0.0
2026-09-10 13:36:00-04:00,710.5499877929688,710.5700073242188,710.280029296875,710.280029296875,56414,0.0,0.0,0.0
2026-09-10 13:37:00-04:00,710.280029296875,710.3300170898438,709.989990234375,709.989990234375,59243,0.0,0.0,0.0
2026-09-10 13:38:00-04:00,709.9849853515625,710.0399169921875,709.9199829101562,709.968505859375,35055,0.0,0.0,0.0
2026-09-10 13:39:00-04:00,709.9409790039062,709.969970703125,709.6950073242188,709.72998046875,54951,0.0,0.0,0.0
2026-09-10 13:40:00-04:00,709.7000732421875,709.7849731445312,709.6699829101562,709.7349853515625,22476,0.0,0.0,0.0
2026-09-10 13:41:00-04:00,709.75,709.990478515625,709.75,709.989990234375,46184,0.0,0.0,0.0
2026-09-10 13:42:00-04:00,709.989990234375,710.0,709.9299926757812,710.0,23101,0.0,0.0,0.0
2026-09-10 13:43:00-04:00,710.0599975585938,710.2330932617188,710.0599975585938,710.2000732421875,21715,0.0,0.0,0.0
2026-09-10 13:44:00-04:00,710.2000122070312,710.3099975585938,710.1699829101562,710.2899780273438,20639,0.0,0.0,0.0
2026-09-10 13:45:00-04:00,710.2999877929688,710.3499755859375,710.1099853515625,710.1599731445312,19967,0.0,0.0,0.0
2026-09-10 13:46:00-04:00,710.1599731445312,710.1900024414062,709.9400024414062,709.969970703125,16106,0.0,0.0,0.0
2026-09-10 13:47:00-04:00,710.02001953125,710.139892578125,709.9600219726562,709.9600219726562,40173,0.0,0.0,0.0
2026-09-10 13:48:00-04:00,709.9500122070312,710.1199951171875,709.9299926757812,709.9400024414062,613503,0.0,0.0,0.0
2026-09-10 13:49:00-04:00,709.9450073242188,710.0449829101562,709.9299926757812,709.969970703125,18576,0.0,0.0,0.0
2026-09-10 13:50:00-04:00,709.9849853515625,710.0900268554688,709.9600219726562,710.0800170898438,19959,0.0,0.0,0.0
2026-09-10 13:51:00-04:00,710.0750122070312,710.2000122070312,710.0599975585938,710.1898803710938,44032,0.0,0.0,0.0
2026-09-10 13:52:00-04:00,710.2050170898438,710.3099975585938,710.0800170898438,710.0800170898438,17377,0.0,0.0,0.0
2026-09-10 13:53:00-04:00,710.1199951171875,710.1199951171875,709.7999877929688,710.0650024414062,42092,0.0,0.0,0.0
2026-09-10 13:54:00-04:00,710.030029296875,710.0999755859375,710.02001953125,710.0875244140625,11861,0.0,0.0,0.0
2026-09-10 13:55:00-04:00,710.0700073242188,710.1400146484375,709.8300170898438,709.8599853515625,21896,0.0,0.0,0.0
2026-09-10 13:56:00-04:00,709.8499755859375,709.9600219726562,709.8400268554688,709.9400024414062,19800,0.0,0.0,0.0
2026-09-10 13:57:00-04:00,709.9199829101562,710.2000122070312,709.8900146484375,709.9099731445312,16522,0.0,0.0,0.0
2026-09-10 13:58:00-04:00,709.9249267578125,710.0399780273438,709.8800048828125,710.0,18250,0.0,0.0,0.0
2026-09-10 13:59:00-04:00,710.0,710.0399780273438,709.880615234375,709.8994750976562,11249,0.0,0.0,0.0
2026-09-10 14:00:00-04:00,709.8800048828125,710.2000122070312,709.8099975585938,710.1699829101562,76970,0.0,0.0,0.0
2026-09-10 14:01:00-04:00,710.2100219726562,710.22998046875,709.6599731445312,709.6749877929688,26771,0.0,0.0,0.0
2026-09-10 14:02:00-04:00,709.6599731445312,709.72998046875,709.489990234375,709.5770263671875,40741,0.0,0.0,0.0
2026-09-10 14:03:00-04:00,709.5499877929688,709.5650024414062,709.3300170898438,709.4400024414062,47534,0.0,0.0,0.0
2026-09-10 14:04:00-04:00,709.4401245117188,709.5999755859375,709.4299926757812,709.469970703125,19743,0.0,0.0,0.0
2026-09-10 14:05:00-04:00,709.4500122070312,709.4868774414062,709.219970703125,709.3599853515625,50828,0.0,0.0,0.0
2026-09-10 14:06:00-04:00,709.3499755859375,709.5800170898438,709.3499755859375,709.530029296875,38643,0.0,0.0,0.0
2026-09-10 14:07:00-04:00,709.510009765625,709.7100219726562,709.510009765625,709.6099853515625,25757,0.0,0.0,0.0
2026-09-10 14:08:00-04:00,709.6400146484375,709.6699829101562,709.52001953125,709.52001953125,17623,0.0,0.0,0.0
2026-09-10 14:09:00-04:00,709.4600219726562,709.4600219726562,709.1199951171875,709.2100219726562,23905,0.0,0.0,0.0
2026-09-10 14:10:00-04:00,709.2100219726562,709.2100219726562,708.969970703125,709.125,52900,0.0,0.0,0.0
2026-09-10 14:11:00-04:00,709.155029296875,709.2750244140625,709.14501953125,709.22998046875,22858,0.0,0.0,0.0
2026-09-10 14:12:00-04:00,709.1799926757812,709.2750244140625,709.0900268554688,709.2750244140625,27353,0.0,0.0,0.0
2026-09-10 14:13:00-04:00,709.27001953125,709.375,709.220703125,709.3250122070312,33448,0.0,0.0,0.0
2026-09-10 14:14:00-04:00,709.3200073242188,709.4500122070312,709.2349853515625,709.2349853515625,28515,0.0,0.0,0.0
2026-09-10 14:15:00-04:00,709.2449951171875,709.2449951171875,709.0,709.14501953125,32302,0.0,0.0,0.0
2026-09-10 14:16:00-04:00,709.14501953125,709.2949829101562,708.97998046875,709.010009765625,43339,0.0,0.0,0.0
2026-09-10 14:17:00-04:00,709.030029296875,709.1199951171875,708.989990234375,709.0700073242188,64737,0.0,0.0,0.0
2026-09-10 14:18:00-04:00,709.0900268554688,709.1300048828125,708.989990234375,709.0900268554688,65629,0.0,0.0,0.0
2026-09-10 14:19:00-04:00,709.0999755859375,709.2999877929688,709.0900268554688,709.280029296875,31375,0.0,0.0,0.0
2026-09-10 14:20:00-04:00,709.2750244140625,709.6400146484375,709.2750244140625,709.5599975585938,46273,0.0,0.0,0.0
2026-09-10 14:21:00-04:00,709.5599975585938,709.6199951171875,709.4849853515625,709.5050048828125,33023,0.0,0.0,0.0
2026-09-10 14:22:00-04:00,709.489990234375,709.7050170898438,709.489990234375,709.6699829101562,25199,0.0,0.0,0.0
2026-09-10 14:23:00-04:00,709.6599731445312,709.6600952148438,709.4500122070312,709.5499877929688,31910,0.0,0.0,0.0
2026-09-10 14:24:00-04:00,709.5399780273438,709.5599975585938,709.4099731445312,709.419921875,28225,0.0,0.0,0.0
2026-09-10 14:25:00-04:00,709.4149780273438,709.52001953125,709.2449951171875,709.2449951171875,29711,0.0,0.0,0.0
2026-09-10 14:26:00-04:00,709.25,709.3200073242188,709.0800170898438,709.0989990234375,46184,0.0,0.0,0.0
2026-09-10 14:27:00-04:00,709.0999755859375,709.1699829101562,709.0900268554688,709.1199951171875,35621,0.0,0.0,0.0
2026-09-10 14:28:00-04:00,709.1199951171875,709.4099731445312,709.1199951171875,709.3499755859375,34243,0.0,0.0,0.0
2026-09-10 14:29:00-04:00,709.3200073242188,709.3200073242188,709.1699829101562,709.2098999023438,18217,0.0,0.0,0.0
2026-09-10 14:30:00-04:00,709.1699829101562,709.1699829101562,709.02001953125,709.1199951171875,47637,0.0,0.0,0.0
2026-09-10 14:31:00-04:00,709.0999755859375,709.2000122070312,709.0850219726562,709.1799926757812,22935,0.0,0.0,0.0
2026-09-10 14:32:00-04:00,709.2100219726562,709.2100219726562,709.0499877929688,709.1099853515625,17153,0.0,0.0,0.0
2026-09-10 14:33:00-04:00,709.0900268554688,709.1400146484375,708.9600219726562,709.02001953125,31511,0.0,0.0,0.0
2026-09-10 14:34:00-04:00,709.0,709.3599853515625,708.9213256835938,709.340087890625,65685,0.0,0.0,0.0
2026-09-10 14:35:00-04:00,709.3400268554688,709.4199829101562,709.1699829101562,709.4199829101562,40813,0.0,0.0,0.0
2026-09-10 14:36:00-04:00,709.3900146484375,709.4699096679688,709.3300170898438,709.4393920898438,40851,0.0,0.0,0.0
2026-09-10 14:37:00-04:00,709.3800048828125,709.4099731445312,709.2899780273438,709.3099975585938,52670,0.0,0.0,0.0
2026-09-10 14:38:00-04:00,709.35498046875,709.4998779296875,709.2550048828125,709.47998046875,18442,0.0,0.0,0.0
2026-09-10 14:39:00-04:00,709.469970703125,709.6199951171875,709.3900146484375,709.60498046875,57352,0.0,0.0,0.0
2026-09-10 14:40:00-04:00,709.6099853515625,709.614990234375,709.489990234375,709.5269165039062,25871,0.0,0.0,0.0
2026-09-10 14:41:00-04:00,709.530029296875,709.5800170898438,709.4249877929688,709.47998046875,24730,0.0,0.0,0.0
2026-09-10 14:42:00-04:00,709.469970703125,709.530029296875,709.4500122070312,709.4500122070312,20702,0.0,0.0,0.0
2026-09-10 14:43:00-04:00,709.4312744140625,709.5900268554688,709.385009765625,709.4901123046875,27569,0.0,0.0,0.0
2026-09-10 14:44:00-04:00,709.5151977539062,709.6099853515625,709.5151977539062,709.5499877929688,15518,0.0,0.0,0.0
2026-09-10 14:45:00-04:00,709.5399780273438,709.5800170898438,709.364990234375,709.4000244140625,34164,0.0,0.0,0.0
2026-09-10 14:46:00-04:00,709.4299926757812,709.5349731445312,709.3200073242188,709.3800048828125,53282,0.0,0.0,0.0
2026-09-10 14:47:00-04:00,709.3889770507812,709.3889770507812,709.3099975585938,709.3250732421875,9610,0.0,0.0,0.0
2026-09-10 14:48:00-04:00,709.3300170898438,709.3350830078125,709.0100708007812,709.1749877929688,37918,0.0,0.0,0.0
2026-09-10 14:49:00-04:00,709.1699829101562,709.8291015625,709.1599731445312,709.4600219726562,58818,0.0,0.0,0.0
2026-09-10 14:50:00-04:00,709.4000244140625,709.530029296875,709.1400146484375,709.530029296875,64012,0.0,0.0,0.0
2026-09-10 14:51:00-04:00,709.510009765625,710.1799926757812,709.4550170898438,709.9199829101562,87297,0.0,0.0,0.0
2026-09-10 14:52:00-04:00,709.9299926757812,710.1799926757812,709.8200073242188,710.0999755859375,412544,0.0,0.0,0.0
2026-09-10 14:53:00-04:00,710.0900268554688,710.1599731445312,709.8699951171875,710.02001953125,33744,0.0,0.0,0.0
2026-09-10 14:54:00-04:00,709.989990234375,710.0650024414062,709.72998046875,709.77001953125,24874,0.0,0.0,0.0
2026-09-10 14:55:00-04:00,709.77001953125,709.92626953125,709.72998046875,709.9240112304688,57267,0.0,0.0,0.0
2026-09-10 14:56:00-04:00,709.906005859375,709.96630859375,709.7899780273438,709.7899780273438,46089,0.0,0.0,0.0
2026-09-10 14:57:00-04:00,709.7745971679688,709.7899780273438,709.510009765625,709.614990234375,33759,0.0,0.0,0.0
2026-09-10 14:58:00-04:00,709.5999755859375,709.6300048828125,709.4199829101562,709.5499877929688,28801,0.0,0.0,0.0
2026-09-10 14:59:00-04:00,709.5250244140625,709.6500244140625,709.5250244140625,709.5750122070312,18145,0.0,0.0,0.0
2026-09-10 15:00:00-04:00,709.5700073242188,709.606201171875,709.3599853515625,709.4349975585938,56156,0.0,0.0,0.0
2026-09-10 15:01:00-04:00,709.4500122070312,709.530029296875,709.2100219726562,709.2100219726562,56982,0.0,0.0,0.0
2026-09-10 15:02:00-04:00,709.2100219726562,709.3099975585938,709.1500244140625,709.177001953125,97574,0.0,0.0,0.0
2026-09-10 15:03:00-04:00,709.1500244140625,709.3099975585938,709.0499877929688,709.2791137695312,36588,0.0,0.0,0.0
2026-09-10 15:04:00-04:00,709.27001953125,709.2999877929688,709.030029296875,709.0325927734375,31693,0.0,0.0,0.0
2026-09-10 15:05:00-04:00,709.0399780273438,709.1279907226562,709.02001953125,709.072509765625,28969,0.0,0.0,0.0
2026-09-10 15:06:00-04:00,709.0731201171875,709.1749267578125,708.9450073242188,709.0601196289062,60691,0.0,0.0,0.0
2026-09-10 15:07:00-04:00,709.0625,709.1900024414062,708.8200073242188,708.844970703125,59242,0.0,0.0,0.0
2026-09-10 15:08:00-04:00,708.8499755859375,709.0,708.7899780273438,708.8049926757812,30288,0.0,0.0,0.0
2026-09-10 15:09:00-04:00,708.8150024414062,709.4010009765625,708.7999877929688,709.3699951171875,86347,0.0,0.0,0.0
2026-09-10 15:10:00-04:00,709.344970703125,709.4298706054688,709.0800170898438,709.125,41636,0.0,0.0,0.0
2026-09-10 15:11:00-04:00,709.1099853515625,709.159912109375,708.7999877929688,708.875,42917,0.0,0.0,0.0
2026-09-10 15:12:00-04:00,708.8599853515625,709.1300048828125,708.8599853515625,709.0599975585938,29521,0.0,0.0,0.0
2026-09-10 15:13:00-04:00,709.0499877929688,709.1900024414062,709.0499877929688,709.0947875976562,34415,0.0,0.0,0.0
2026-09-10 15:14:00-04:00,709.0700073242188,709.1799926757812,709.0399780273438,709.1386108398438,24882,0.0,0.0,0.0
2026-09-10 15:15:00-04:00,709.135009765625,709.3250122070312,709.0700073242188,709.1300048828125,26364,0.0,0.0,0.0
2026-09-10 15:16:00-04:00,709.0999755859375,709.139892578125,708.9949951171875,709.0,29724,0.0,0.0,0.0
2026-09-10 15:17:00-04:00,709.0,709.1300048828125,708.780029296875,708.8099975585938,35293,0.0,0.0,0.0
2026-09-10 15:18:00-04:00,708.8049926757812,708.8599853515625,708.6699829101562,708.7899780273438,39145,0.0,0.0,0.0
2026-09-10 15:19:00-04:00,708.7949829101562,708.8400268554688,708.7050170898438,708.8400268554688,43742,0.0,0.0,0.0
2026-09-10 15:20:00-04:00,708.8200073242188,708.97998046875,708.739990234375,708.7849731445312,38382,0.0,0.0,0.0
2026-09-10 15:21:00-04:00,708.7999877929688,708.8599853515625,708.739990234375,708.8400268554688,29928,0.0,0.0,0.0
2026-09-10 15:22:00-04:00,708.8599853515625,708.9500122070312,708.8499755859375,708.905029296875,51775,0.0,0.0,0.0
2026-09-10 15:23:00-04:00,708.9099731445312,708.9299926757812,708.7199096679688,708.719970703125,28191,0.0,0.0,0.0
2026-09-10 15:24:00-04:00,708.7050170898438,709.1300048828125,708.7000122070312,709.0900268554688,63097,0.0,0.0,0.0
2026-09-10 15:25:00-04:00,709.0850219726562,709.22998046875,709.02001953125,709.0349731445312,38717,0.0,0.0,0.0
2026-09-10 15:26:00-04:00,709.02001953125,709.1381225585938,709.02001953125,709.0499877929688,44011,0.0,0.0,0.0
2026-09-10 15:27:00-04:00,709.0599975585938,709.2249755859375,709.0499877929688,709.2098999023438,35816,0.0,0.0,0.0
2026-09-10 15:28:00-04:00,709.1799926757812,709.27001953125,709.0750122070312,709.2349853515625,63523,0.0,0.0,0.0
2026-09-10 15:29:00-04:00,709.2000122070312,709.27001953125,709.14501953125,709.1799926757812,33621,0.0,0.0,0.0
2026-09-10 15:30:00-04:00,709.1599731445312,709.2249755859375,708.969970703125,708.969970703125,92527,0.0,0.0,0.0
2026-09-10 15:31:00-04:00,708.9400024414062,709.1099853515625,708.8300170898438,709.0700073242188,56890,0.0,0.0,0.0
2026-09-10 15:32:00-04:00,709.0599975585938,709.1500244140625,709.010009765625,709.0549926757812,176972,0.0,0.0,0.0
2026-09-10 15:33:00-04:00,709.0499877929688,709.2000122070312,709.010009765625,709.14501953125,45868,0.0,0.0,0.0
2026-09-10 15:34:00-04:00,709.1599731445312,709.3499755859375,709.1599731445312,709.2825927734375,57763,0.0,0.0,0.0
2026-09-10 15:35:00-04:00,709.27001953125,709.2899780273438,708.97998046875,708.97998046875,119787,0.0,0.0,0.0
2026-09-10 15:36:00-04:00,708.9835815429688,709.1699829101562,708.97998046875,709.0900268554688,38169,0.0,0.0,0.0
2026-09-10 15:37:00-04:00,709.1099853515625,709.1199951171875,708.8300170898438,708.9400024414062,49385,0.0,0.0,0.0
2026-09-10 15:38:00-04:00,708.9400024414062,709.2100219726562,708.8800048828125,709.1799926757812,67198,0.0,0.0,0.0
2026-09-10 15:39:00-04:00,709.169921875,709.3099975585938,709.1099853515625,709.1599731445312,57617,0.0,0.0,0.0
2026-09-10 15:40:00-04:00,709.1749877929688,709.3400268554688,709.1400146484375,709.1699829101562,34478,0.0,0.0,0.0
2026-09-10 15:41:00-04:00,709.1900024414062,709.260009765625,709.0900268554688,709.1900024414062,31474,0.0,0.0,0.0
2026-09-10 15:42:00-04:00,709.1799926757812,709.3099975585938,709.1799926757812,709.3099975585938,44673,0.0,0.0,0.0
2026-09-10 15:43:00-04:00,709.3300170898438,709.4299926757812,709.25,709.39501953125,62902,0.0,0.0,0.0
2026-09-10 15:44:00-04:00,709.4099731445312,709.4099731445312,709.0999755859375,709.135009765625,78313,0.0,0.0,0.0
2026-09-10 15:45:00-04:00,709.135009765625,709.3499755859375,709.0999755859375,709.3300170898438,82086,0.0,0.0,0.0
2026-09-10 15:46:00-04:00,709.3200073242188,709.3400268554688,709.0,709.0,65212,0.0,0.0,0.0
2026-09-10 15:47:00-04:00,709.0015869140625,709.1699829101562,708.8900146484375,709.0599975585938,133082,0.0,0.0,0.0
2026-09-10 15:48:00-04:00,709.0599975585938,709.0999755859375,708.8900146484375,708.9500122070312,61318,0.0,0.0,0.0
2026-09-10 15:49:00-04:00,708.9500122070312,709.219970703125,708.9400024414062,709.1799926757812,46008,0.0,0.0,0.0
2026-09-10 15:50:00-04:00,709.1699829101562,709.3900146484375,708.8200073242188,708.8300170898438,119450,0.0,0.0,0.0
2026-09-10 15:51:00-04:00,708.8300170898438,708.8499755859375,708.5850219726562,708.72998046875,130521,0.0,0.0,0.0
2026-09-10 15:52:00-04:00,708.7000122070312,708.719970703125,708.4199829101562,708.4400024414062,156636,0.0,0.0,0.0
2026-09-10 15:53:00-04:00,708.4400024414062,708.6400146484375,708.280029296875,708.6099853515625,154433,0.0,0.0,0.0
2026-09-10 15:54:00-04:00,708.6300048828125,708.6900024414062,708.3400268554688,708.6099853515625,199456,0.0,0.0,0.0
2026-09-10 15:55:00-04:00,708.5800170898438,708.8499755859375,708.52001953125,708.6599731445312,151122,0.0,0.0,0.0
2026-09-10 15:56:00-04:00,708.6599731445312,708.7050170898438,708.4600830078125,708.5399780273438,116695,0.0,0.0,0.0
2026-09-10 15:57:00-04:00,708.5599975585938,708.6950073242188,708.4249877929688,708.625,171352,0.0,0.0,0.0
2026-09-10 15:58:00-04:00,708.6199951171875,708.7100219726562,708.5349731445312,708.635009765625,190615,0.0,0.0,0.0
2026-09-10 15:59:00-04:00,708.6400146484375,708.77001953125,708.3499755859375,708.6599731445312,501478,0.0,0.0,0.0
2026-09-11 09:30:00-04:00,715.4400024414062,715.4400024414062,714.1801147460938,714.6599731445312,2867734,0.0,0.0,0.0
2026-09-11 09:31:00-04:00,714.6900024414062,714.6900024414062,713.9299926757812,714.3399047851562,171238,0.0,0.0,0.0
2026-09-11 09:32:00-04:00,714.27099609375,714.9368286132812,714.0999755859375,714.4600219726562,161174,0.0,0.0,0.0
2026-09-11 09:33:00-04:00,714.4600219726562,715.5700073242188,714.4000244140625,715.3699951171875,197629,0.0,0.0,0.0
2026-09-11 09:34:00-04:00,715.3400268554688,715.8400268554688,715.1300048828125,715.7036743164062,130132,0.0,0.0,0.0
2026-09-11 09:35:00-04:00,715.6799926757812,715.969970703125,715.22119140625,715.340087890625,142217,0.0,0.0,0.0
2026-09-11 09:36:00-04:00,715.360107421875,715.4199829101562,714.5999755859375,714.60498046875,216133,0.0,0.0,0.0
2026-09-11 09:37:00-04:00,714.5700073242188,715.6099853515625,714.5700073242188,715.360595703125,142175,0.0,0.0,0.0
2026-09-11 09:38:00-04:00,715.3699951171875,715.5399780273438,715.02001953125,715.4550170898438,113310,0.0,0.0,0.0
2026-09-11 09:39:00-04:00,715.4600219726562,715.5,715.0,715.0999755859375,94554,0.0,0.0,0.0
2026-09-11 09:40:00-04:00,715.2537841796875,715.5800170898438,714.0902709960938,714.9398803710938,190489,0.0,0.0,0.0
2026-09-11 09:41:00-04:00,715.0549926757812,716.1799926757812,715.030029296875,715.719970703125,209175,0.0,0.0,0.0
2026-09-11 09:42:00-04:00,715.6900024414062,715.719970703125,715.3499755859375,715.469970703125,105287,0.0,0.0,0.0
2026-09-11 09:43:00-04:00,715.4600219726562,715.6900024414062,715.0900268554688,715.4299926757812,74998,0.0,0.0,0.0
2026-09-11 09:44:00-04:00,715.4000244140625,716.0,715.239990234375,716.0,85577,0.0,0.0,0.0
2026-09-11 09:45:00-04:00,715.9849853515625,716.2000122070312,715.1799926757812,716.2000122070312,122215,0.0,0.0,0.0
2026-09-11 09:46:00-04:00,716.1699829101562,716.9310302734375,715.739990234375,716.2100219726562,279367,0.0,0.0,0.0
2026-09-11 09:47:00-04:00,716.1599731445312,716.22998046875,715.8400268554688,716.0700073242188,81863,0.0,0.0,0.0
2026-09-11 09:48:00-04:00,716.010009765625,716.2100219726562,715.4199829101562,715.4655151367188,106284,0.0,0.0,0.0
2026-09-11 09:49:00-04:00,715.47998046875,716.2399291992188,715.469970703125,716.0150146484375,85462,0.0,0.0,0.0
2026-09-11 09:50:00-04:00,716.0599975585938,716.2949829101562,715.7999877929688,715.87841796875,91679,0.0,0.0,0.0
2026-09-11 09:51:00-04:00,715.8900146484375,715.8900146484375,715.3519897460938,715.6300048828125,62661,0.0,0.0,0.0
2026-09-11 09:52:00-04:00,715.6799926757812,715.719970703125,714.760009765625,715.125,105060,0.0,0.0,0.0
2026-09-11 09:53:00-04:00,715.080078125,715.4400024414062,714.9199829101562,715.4400024414062,70231,0.0,0.0,0.0
2026-09-11 09:54:00-04:00,715.4199829101562,715.8300170898438,715.2999877929688,715.8300170898438,72720,0.0,0.0,0.0
2026-09-11 09:55:00-04:00,715.8200073242188,716.0,715.5700073242188,715.9700927734375,51222,0.0,0.0,0.0
2026-09-11 09:56:00-04:00,715.97998046875,716.2000122070312,715.9099731445312,716.0700073242188,57942,0.0,0.0,0.0
2026-09-11 09:57:00-04:00,716.0599975585938,716.2000122070312,715.7890014648438,716.1400146484375,48830,0.0,0.0,0.0
2026-09-11 09:58:00-04:00,716.1500244140625,716.5,716.0900268554688,716.4600219726562,59078,0.0,0.0,0.0
2026-09-11 09:59:00-04:00,716.5,717.0399780273438,716.4199829101562,716.864990234375,102063,0.0,0.0,0.0
2026-09-11 10:00:00-04:00,716.9299926757812,716.9299926757812,716.2100830078125,716.4550170898438,175187,0.0,0.0,0.0
2026-09-11 10:01:00-04:00,716.4400024414062,716.8699951171875,715.9500122070312,715.97998046875,61301,0.0,0.0,0.0
2026-09-11 10:02:00-04:00,715.97998046875,716.1099243164062,715.7449951171875,716.1091918945312,53243,0.0,0.0,0.0
2026-09-11 10:03:00-04:00,716.0850219726562,716.1380004882812,715.4099731445312,715.4849853515625,82372,0.0,0.0,0.0
2026-09-11 10:04:00-04:00,715.530029296875,715.6199951171875,714.9151000976562,715.0,74673,0.0,0.0,0.0
2026-09-11 10:05:00-04:00,714.97998046875,715.3748168945312,714.9400024414062,714.9500122070312,55350,0.0,0.0,0.0
2026-09-11 10:06:00-04:00,714.9299926757812,715.0999755859375,714.47998046875,714.5599975585938,67395,0.0,0.0,0.0
2026-09-11 10:07:00-04:00,714.6300048828125,714.75,714.4099731445312,714.6599731445312,66773,0.0,0.0,0.0
2026-09-11 10:08:00-04:00,714.72998046875,714.989990234375,714.4901123046875,714.6099853515625,68250,0.0,0.0,0.0
2026-09-11 10:09:00-04:00,714.5499877929688,715.0499877929688,714.4199829101562,715.0499877929688,63176,0.0,0.0,0.0
2026-09-11 10:10:00-04:00,715.0599975585938,715.760009765625,714.9000244140625,715.4099731445312,124884,0.0,0.0,0.0
2026-09-11 10:11:00-04:00,715.4299926757812,715.47998046875,714.8104858398438,715.3300170898438,76325,0.0,0.0,0.0
2026-09-11 10:12:00-04:00,715.3499755859375,715.3541870117188,714.7050170898438,715.0399780273438,84748,0.0,0.0,0.0
2026-09-11 10:13:00-04:00,715.0850219726562,715.3499755859375,714.8099975585938,715.1099853515625,67159,0.0,0.0,0.0
2026-09-11 10:14:00-04:00,715.1099853515625,715.3200073242188,714.8699951171875,715.0700073242188,88982,0.0,0.0,0.0
2026-09-11 10:15:00-04:00,715.1099853515625,715.3599853515625,715.0399780273438,715.1400146484375,60188,0.0,0.0,0.0
2026-09-11 10:16:00-04:00,715.1400146484375,715.3300170898438,714.7550048828125,714.8300170898438,63734,0.0,0.0,0.0
2026-09-11 10:17:00-04:00,714.760009765625,714.8599853515625,714.5700073242188,714.7999877929688,203918,0.0,0.0,0.0
2026-09-11 10:18:00-04:00,714.75,715.6099853515625,714.5850219726562,715.5900268554688,41565,0.0,0.0,0.0
2026-09-11 10:19:00-04:00,715.5604858398438,716.169921875,715.5,716.1199951171875,98806,0.0,0.0,0.0
2026-09-11 10:20:00-04:00,716.1199951171875,716.5399780273438,715.989990234375,716.4598999023438,111125,0.0,0.0,0.0
2026-09-11 10:21:00-04:00,716.4349975585938,716.5399780273438,716.2100219726562,716.4500122070312,81574,0.0,0.0,0.0
2026-09-11 10:22:00-04:00,716.4500122070312,716.6699829101562,716.2050170898438,716.5900268554688,67072,0.0,0.0,0.0
2026-09-11 10:23:00-04:00,716.6099853515625,716.6099853515625,716.2999877929688,716.3699951171875,42958,0.0,0.0,0.0
2026-09-11 10:24:00-04:00,716.3699951171875,716.52001953125,716.1500854492188,716.2000122070312,40531,0.0,0.0,0.0
2026-09-11 10:25:00-04:00,716.2650146484375,716.489990234375,716.1900024414062,716.239990234375,35338,0.0,0.0,0.0
2026-09-11 10:26:00-04:00,716.2849731445312,716.6589965820312,716.1300048828125,716.52001953125,59049,0.0,0.0,0.0
2026-09-11 10:27:00-04:00,716.5100708007812,716.7899780273438,716.489990234375,716.530029296875,47973,0.0,0.0,0.0
2026-09-11 10:28:00-04:00,716.5499877929688,716.77001953125,716.5499877929688,716.7000122070312,63944,0.0,0.0,0.0
2026-09-11 10:29:00-04:00,716.719970703125,716.8300170898438,716.4600219726562,716.4600219726562,59812,0.0,0.0,0.0
2026-09-11 10:30:00-04:00,716.5,716.5499877929688,716.1099853515625,716.260009765625,70749,0.0,0.0,0.0
2026-09-11 10:31:00-04:00,716.2650146484375,716.4849853515625,715.5700073242188,715.5850219726562,67165,0.0,0.0,0.0
2026-09-11 10:32:00-04:00,715.5905151367188,715.8499755859375,715.510009765625,715.8300170898438,57124,0.0,0.0,0.0
2026-09-11 10:33:00-04:00,715.844970703125,715.9099731445312,715.47998046875,715.77001953125,140936,0.0,0.0,0.0
2026-09-11 10:34:00-04:00,715.7899780273438,715.8499755859375,715.4299926757812,715.5399780273438,69463,0.0,0.0,0.0
2026-09-11 10:35:00-04:00,715.4400024414062,715.5214233398438,715.1900024414062,715.3250122070312,166858,0.0,0.0,0.0
2026-09-11 10:36:00-04:00,715.3200073242188,715.3200073242188,715.0399780273438,715.1099853515625,89051,0.0,0.0,0.0
2026-09-11 10:37:00-04:00,715.0999755859375,715.3499755859375,715.0700073242188,715.239990234375,76183,0.0,0.0,0.0
2026-09-11 10:38:00-04:00,715.1799926757812,715.1900024414062,714.5,714.6500244140625,202364,0.0,0.0,0.0
2026-09-11 10:39:00-04:00,714.6900024414062,714.9600219726562,714.6500244140625,714.8900146484375,93401,0.0,0.0,0.0
2026-09-11 10:40:00-04:00,714.89501953125,715.4598999023438,714.89501953125,715.1300048828125,96744,0.0,0.0,0.0
2026-09-11 10:41:00-04:00,715.0963134765625,715.25,714.8499755859375,714.9520263671875,28100,0.0,0.0,0.0
2026-09-11 10:42:00-04:00,714.97998046875,715.1599731445312,714.7999877929688,714.8499755859375,23393,0.0,0.0,0.0
2026-09-11 10:43:00-04:00,714.844970703125,714.8900146484375,714.1400146484375,714.1599731445312,99490,0.0,0.0,0.0
2026-09-11 10:44:00-04:00,714.1500244140625,714.5700073242188,714.1099853515625,714.5599975585938,80612,0.0,0.0,0.0
2026-09-11 10:45:00-04:00,714.5599975585938,714.77001953125,714.4500122070312,714.7650146484375,39274,0.0,0.0,0.0
2026-09-11 10:46:00-04:00,714.7550048828125,714.7550048828125,714.0599975585938,714.1099853515625,58156,0.0,0.0,0.0
2026-09-11 10:47:00-04:00,714.0999755859375,714.25,713.70361328125,713.8200073242188,91538,0.0,0.0,0.0
2026-09-11 10:48:00-04:00,713.885009765625,715.0700073242188,713.6500244140625,714.4849853515625,423877,0.0,0.0,0.0
2026-09-11 10:49:00-04:00,714.440673828125,715.1898803710938,714.3699951171875,715.1699829101562,92144,0.0,0.0,0.0
2026-09-11 10:50:00-04:00,715.1699829101562,715.219970703125,714.6699829101562,714.8800048828125,110283,0.0,0.0,0.0
2026-09-11 10:51:00-04:00,714.8300170898438,715.0599975585938,714.6300048828125,714.8800048828125,46444,0.0,0.0,0.0
2026-09-11 10:52:00-04:00,714.844970703125,714.97998046875,714.6799926757812,714.6799926757812,61023,0.0,0.0,0.0
2026-09-11 10:53:00-04:00,714.6300048828125,714.7000122070312,714.4099731445312,714.5549926757812,27584,0.0,0.0,0.0
2026-09-11 10:54:00-04:00,714.5499877929688,714.635009765625,714.4600219726562,714.47998046875,25626,0.0,0.0,0.0
2026-09-11 10:55:00-04:00,714.489990234375,714.5,714.0,714.1500244140625,60838,0.0,0.0,0.0
2026-09-11 10:56:00-04:00,714.1699829101562,714.2849731445312,714.0,714.14501953125,38802,0.0,0.0,0.0
2026-09-11 10:57:00-04:00,714.1500244140625,714.5599975585938,714.0700073242188,714.5499877929688,34267,0.0,0.0,0.0
2026-09-11 10:58:00-04:00,714.52001953125,714.6500244140625,714.3200073242188,714.3250122070312,47266,0.0,0.0,0.0
2026-09-11 10:59:00-04:00,714.3200073242188,714.6494750976562,714.1900024414062,714.489990234375,41486,0.0,0.0,0.0
2026-09-11 11:00:00-04:00,714.4492797851562,714.9000244140625,714.27001953125,714.8699951171875,70921,0.0,0.0,0.0
2026-09-11 11:01:00-04:00,714.8685913085938,714.8685913085938,714.5399780273438,714.7525024414062,86074,0.0,0.0,0.0
2026-09-11 11:02:00-04:00,714.75,714.8200073242188,714.5700073242188,714.7880859375,22356,0.0,0.0,0.0
2026-09-11 11:03:00-04:00,714.8599853515625,715.0399780273438,714.60498046875,715.0399780273438,29854,0.0,0.0,0.0
2026-09-11 11:04:00-04:00,715.010009765625,715.280029296875,714.760009765625,715.2700805664062,42433,0.0,0.0,0.0
2026-09-11 11:05:00-04:00,715.2777099609375,715.6649780273438,715.219970703125,715.5999755859375,94643,0.0,0.0,0.0
2026-09-11 11:06:00-04:00,715.594970703125,715.97998046875,715.5938110351562,715.89501953125,116877,0.0,0.0,0.0
2026-09-11 11:07:00-04:00,715.89501953125,715.9249877929688,715.6300048828125,715.7999877929688,71314,0.0,0.0,0.0
2026-09-11 11:08:00-04:00,715.7899780273438,715.7899780273438,715.5986938476562,715.6300048828125,31122,0.0,0.0,0.0
2026-09-11 11:09:00-04:00,715.580078125,715.760009765625,715.47998046875,715.6900024414062,40898,0.0,0.0,0.0
2026-09-11 11:10:00-04:00,715.7050170898438,715.7999877929688,715.5650024414062,715.6900024414062,39363,0.0,0.0,0.0
2026-09-11 11:11:00-04:00,715.6599731445312,715.6599731445312,715.3499755859375,715.4537963867188,25647,0.0,0.0,0.0
2026-09-11 11:12:00-04:00,715.4400024414062,715.489990234375,715.2100219726562,715.219970703125,66836,0.0,0.0,0.0
2026-09-11 11:13:00-04:00,715.25,715.2899780273438,714.5999755859375,714.9099731445312,55644,0.0,0.0,0.0
2026-09-11 11:14:00-04:00,714.9749755859375,715.0800170898438,714.9000244140625,715.0800170898438,22510,0.0,0.0,0.0
2026-09-11 11:15:00-04:00,715.0800170898438,715.8599853515625,715.0800170898438,715.8499755859375,33884,0.0,0.0,0.0
2026-09-11 11:16:00-04:00,715.85498046875,716.2899780273438,715.760009765625,716.27001953125,55077,0.0,0.0,0.0
2026-09-11 11:17:00-04:00,716.2100219726562,716.260009765625,716.010009765625,716.1099853515625,131306,0.0,0.0,0.0
2026-09-11 11:18:00-04:00,716.1300048828125,716.2650146484375,716.02001953125,716.2000122070312,26116,0.0,0.0,0.0
2026-09-11 11:19:00-04:00,716.219970703125,716.2550048828125,716.0399780273438,716.1199951171875,47409,0.0,0.0,0.0
2026-09-11 11:20:00-04:00,716.1400146484375,716.2210083007812,716.0999755859375,716.155029296875,30122,0.0,0.0,0.0
2026-09-11 11:21:00-04:00,716.10498046875,716.3900146484375,716.0800170898438,716.2899780273438,45921,0.0,0.0,0.0
2026-09-11 11:22:00-04:00,716.2899780273438,716.4600219726562,716.1649780273438,716.3599853515625,23955,0.0,0.0,0.0
2026-09-11 11:23:00-04:00,716.3499755859375,716.4199829101562,716.1749877929688,716.2150268554688,23766,0.0,0.0,0.0
2026-09-11 11:24:00-04:00,716.22998046875,716.72998046875,716.2252807617188,716.6799926757812,35384,0.0,0.0,0.0
2026-09-11 11:25:00-04:00,716.6801147460938,716.7349853515625,716.5999755859375,716.64501953125,64265,0.0,0.0,0.0
2026-09-11 11:26:00-04:00,716.6649780273438,717.0999755859375,716.6649780273438,717.0900268554688,100567,0.0,0.0,0.0
2026-09-11 11:27:00-04:00,717.0800170898438,717.4249877929688,717.0800170898438,717.4199829101562,151888,0.0,0.0,0.0
2026-09-11 11:28:00-04:00,717.4500122070312,717.4500122070312,717.2001953125,717.27001953125,56768,0.0,0.0,0.0
2026-09-11 11:29:00-04:00,717.27001953125,717.3400268554688,717.2100219726562,717.2750244140625,91489,0.0,0.0,0.0
2026-09-11 11:30:00-04:00,717.27001953125,717.3699951171875,717.0900268554688,717.35498046875,31136,0.0,0.0,0.0
2026-09-11 11:31:00-04:00,717.3599853515625,717.4284057617188,717.22998046875,717.3200073242188,88259,0.0,0.0,0.0
2026-09-11 11:32:00-04:00,717.3101196289062,717.6199951171875,717.3099975585938,717.4500122070312,73834,0.0,0.0,0.0
2026-09-11 11:33:00-04:00,717.469970703125,717.510009765625,717.27001953125,717.2999877929688,36943,0.0,0.0,0.0
2026-09-11 11:34:00-04:00,717.3099975585938,717.3599853515625,717.22998046875,717.2899780273438,28314,0.0,0.0,0.0
2026-09-11 11:35:00-04:00,717.280029296875,717.3250122070312,716.9400024414062,716.969970703125,34611,0.0,0.0,0.0
2026-09-11 11:36:00-04:00,717.0800170898438,717.1749877929688,717.010009765625,717.0499877929688,24657,0.0,0.0,0.0
2026-09-11 11:37:00-04:00,717.0700073242188,717.1199951171875,716.8099975585938,716.8699951171875,29992,0.0,0.0,0.0
2026-09-11 11:38:00-04:00,716.860107421875,716.8900146484375,716.739990234375,716.8200073242188,24528,0.0,0.0,0.0
2026-09-11 11:39:00-04:00,716.8201293945312,717.2000122070312,716.8200073242188,717.0499877929688,32516,0.0,0.0,0.0
2026-09-11 11:40:00-04:00,717.0499877929688,717.125,716.830078125,716.97998046875,15115,0.0,0.0,0.0
2026-09-11 11:41:00-04:00,716.969970703125,717.0700073242188,716.8900146484375,716.969970703125,18965,0.0,0.0,0.0
2026-09-11 11:42:00-04:00,716.9473266601562,717.0250244140625,716.9249877929688,716.9249877929688,20788,0.0,0.0,0.0
2026-09-11 11:43:00-04:00,716.9486083984375,717.22998046875,716.9199829101562,717.1699829101562,29040,0.0,0.0,0.0
2026-09-11 11:44:00-04:00,717.153076171875,717.2100219726562,717.1099853515625,717.1099853515625,22056,0.0,0.0,0.0
2026-09-11 11:45:00-04:00,717.0999755859375,717.0999755859375,716.9299926757812,716.9508056640625,11407,0.0,0.0,0.0
2026-09-11 11:46:00-04:00,716.9199829101562,716.989990234375,716.75,716.97998046875,17048,0.0,0.0,0.0
2026-09-11 11:47:00-04:00,716.9949951171875,717.0336303710938,716.8400268554688,716.9000244140625,16047,0.0,0.0,0.0
2026-09-11 11:48:00-04:00,716.8699951171875,716.9199829101562,716.7000122070312,716.8150024414062,46702,0.0,0.0,0.0
2026-09-11 11:49:00-04:00,716.8200073242188,717.0599975585938,716.7999877929688,716.9000244140625,21702,0.0,0.0,0.0
2026-09-11 11:50:00-04:00,716.9099731445312,717.0490112304688,716.8200073242188,717.0490112304688,32463,0.0,0.0,0.0
2026-09-11 11:51:00-04:00,717.0050048828125,717.0349731445312,716.8394775390625,716.875,20109,0.0,0.0,0.0
2026-09-11 11:52:00-04:00,716.8699951171875,716.8699951171875,716.6900024414062,716.72998046875,16912,0.0,0.0,0.0
2026-09-11 11:53:00-04:00,716.7000122070312,716.7050170898438,716.3900146484375,716.3920288085938,57999,0.0,0.0,0.0
2026-09-11 11:54:00-04:00,716.4000244140625,716.4299926757812,716.2449951171875,716.3900146484375,29431,0.0,0.0,0.0
2026-09-11 11:55:00-04:00,716.3800048828125,716.4500122070312,716.2675170898438,716.2675170898438,77440,0.0,0.0,0.0
2026-09-11 11:56:00-04:00,716.2680053710938,716.4500122070312,716.219970703125,716.4019775390625,33304,0.0,0.0,0.0
2026-09-11 11:57:00-04:00,716.4400024414062,716.7000122070312,716.4349975585938,716.5,26013,0.0,0.0,0.0
2026-09-11 11:58:00-04:00,716.52001953125,716.6102294921875,716.3900146484375,716.6099853515625,54865,0.0,0.0,0.0
2026-09-11 11:59:00-04:00,716.5900268554688,716.6099853515625,716.4400024414062,716.4600219726562,20538,0.0,0.0,0.0
2026-09-11 12:00:00-04:00,716.4600219726562,716.739990234375,716.4500122070312,716.5750122070312,27195,0.0,0.0,0.0
2026-09-11 12:01:00-04:00,716.6300048828125,716.9600219726562,716.6300048828125,716.9199829101562,31305,0.0,0.0,0.0
2026-09-11 12:02:00-04:00,716.9099731445312,717.14501953125,716.8499755859375,717.14501953125,21793,0.0,0.0,0.0
2026-09-11 12:03:00-04:00,717.1199951171875,717.2000122070312,716.8455200195312,716.8455200195312,25314,0.0,0.0,0.0
2026-09-11 12:04:00-04:00,716.8400268554688,717.1849975585938,716.8400268554688,717.1849975585938,25826,0.0,0.0,0.0
2026-09-11 12:05:00-04:00,717.2100219726562,717.260009765625,717.1799926757812,717.2100219726562,23356,0.0,0.0,0.0
2026-09-11 12:06:00-04:00,717.22998046875,717.239990234375,717.0700073242188,717.1300048828125,16255,0.0,0.0,0.0
2026-09-11 12:07:00-04:00,717.0999755859375,717.1199951171875,716.8099975585938,716.8300170898438,27367,0.0,0.0,0.0
2026-09-11 12:08:00-04:00,716.7949829101562,716.8759765625,716.6699829101562,716.7849731445312,22532,0.0,0.0,0.0
2026-09-11 12:09:00-04:00,716.77001953125,716.9400024414062,716.75,716.9000244140625,10596,0.0,0.0,0.0
2026-09-11 12:10:00-04:00,716.8900146484375,716.969970703125,716.7000122070312,716.72998046875,17698,0.0,0.0,0.0
2026-09-11 12:11:00-04:00,716.7319946289062,716.8400268554688,716.72998046875,716.77001953125,9154,0.0,0.0,0.0
2026-09-11 12:12:00-04:00,716.780029296875,716.780029296875,716.5900268554688,716.5900268554688,17605,0.0,0.0,0.0
2026-09-11 12:13:00-04:00,716.6400146484375,716.6400146484375,716.3413696289062,716.3413696289062,35487,0.0,0.0,0.0
2026-09-11 12:14:00-04:00,716.3400268554688,716.4299926757812,716.3200073242188,716.389892578125,15589,0.0,0.0,0.0
2026-09-11 12:15:00-04:00,716.3499755859375,716.4600219726562,716.25,716.3099975585938,24574,0.0,0.0,0.0
2026-09-11 12:16:00-04:00,716.280029296875,716.3400268554688,716.1099853515625,716.14501953125,38380,0.0,0.0,0.0
2026-09-11 12:17:00-04:00,716.1400146484375,716.3198852539062,716.1199951171875,716.1300048828125,33696,0.0,0.0,0.0
2026-09-11 12:18:00-04:00,716.1199951171875,716.260009765625,716.0599975585938,716.0750122070312,3596,0.0,0.0,0.0
2026-09-11 12:19:00-04:00,716.1400146484375,716.2899780273438,716.0800170898438,716.125,21883,0.0,0.0,0.0
2026-09-11 12:20:00-04:00,716.1699829101562,716.25,715.9500122070312,715.9505004882812,64216,0.0,0.0,0.0
2026-09-11 12:21:00-04:00,715.9500122070312,716.1199951171875,715.9500122070312,716.0023803710938,50845,0.0,0.0,0.0
2026-09-11 12:22:00-04:00,715.989990234375,716.0020141601562,715.7999877929688,715.8599853515625,34899,0.0,0.0,0.0
2026-09-11 12:23:00-04:00,715.8599853515625,715.9450073242188,715.77001953125,715.9099731445312,22213,0.0,0.0,0.0
2026-09-11 12:24:00-04:00,715.8499755859375,715.9199829101562,715.7899780273438,715.8599853515625,25782,0.0,0.0,0.0
2026-09-11 12:25:00-04:00,715.875,716.010009765625,715.7899780273438,715.8093872070312,39589,0.0,0.0,0.0
2026-09-11 12:26:00-04:00,715.8150024414062,715.9500122070312,715.760009765625,715.7899780273438,25739,0.0,0.0,0.0
2026-09-11 12:27:00-04:00,715.7899780273438,716.0900268554688,715.780029296875,715.9600219726562,34798,0.0,0.0,0.0
2026-09-11 12:28:00-04:00,715.9744262695312,716.0999755859375,715.9373168945312,716.0399169921875,33350,0.0,0.0,0.0
2026-09-11 12:29:00-04:00,716.0,716.0399780273438,715.1799926757812,715.25,221920,0.0,0.0,0.0
2026-09-11 12:30:00-04:00,715.2763061523438,715.6500244140625,715.1199951171875,715.625,107071,0.0,0.0,0.0
2026-09-11 12:31:00-04:00,715.6389770507812,715.6389770507812,715.405029296875,715.4462890625,29620,0.0,0.0,0.0
2026-09-11 12:32:00-04:00,715.4600219726562,715.739990234375,715.239990234375,715.6599731445312,73174,0.0,0.0,0.0
2026-09-11 12:33:00-04:00,715.6699829101562,716.1599731445312,715.6666870117188,716.1599731445312,47099,0.0,0.0,0.0
2026-09-11 12:34:00-04:00,716.1649780273438,716.219970703125,715.9600219726562,715.9600219726562,14777,0.0,0.0,0.0
2026-09-11 12:35:00-04:00,715.9099731445312,715.919921875,715.6701049804688,715.6890258789062,20338,0.0,0.0,0.0
2026-09-11 12:36:00-04:00,715.6799926757812,715.7100219726562,715.4849853515625,715.5050048828125,23854,0.0,0.0,0.0
2026-09-11 12:37:00-04:00,715.510009765625,715.6099853515625,715.510009765625,715.5999755859375,14947,0.0,0.0,0.0
2026-09-11 12:38:00-04:00,715.5900268554688,715.6500244140625,715.2850952148438,715.47998046875,21237,0.0,0.0,0.0
2026-09-11 12:39:00-04:00,715.4000244140625,715.5,715.1699829101562,715.1903076171875,15882,0.0,0.0,0.0
2026-09-11 12:40:00-04:00,715.1849975585938,715.5499877929688,715.0499877929688,715.5499877929688,24548,0.0,0.0,0.0
2026-09-11 12:41:00-04:00,715.5499877929688,715.594970703125,715.4450073242188,715.5549926757812,21937,0.0,0.0,0.0
2026-09-11 12:42:00-04:00,715.5850219726562,715.6400146484375,715.4500122070312,715.6287841796875,22006,0.0,0.0,0.0
2026-09-11 12:43:00-04:00,715.5900268554688,715.8400268554688,715.4901123046875,715.8400268554688,21535,0.0,0.0,0.0
2026-09-11 12:44:00-04:00,715.8298950195312,716.0399780273438,715.8134155273438,716.0,12923,0.0,0.0,0.0
2026-09-11 12:45:00-04:00,715.989990234375,715.9998779296875,715.8800048828125,715.9600219726562,13080,0.0,0.0,0.0
2026-09-11 12:46:00-04:00,715.9500122070312,716.0678100585938,715.8900146484375,715.8900146484375,10259,0.0,0.0,0.0
2026-09-11 12:47:00-04:00,715.8900146484375,715.9500122070312,715.8300170898438,715.9099731445312,8238,0.0,0.0,0.0
2026-09-11 12:48:00-04:00,715.905029296875,715.9500122070312,715.6300048828125,715.6799926757812,20188,0.0,0.0,0.0
2026-09-11 12:49:00-04:00,715.6500244140625,715.6799926757812,715.5700073242188,715.60498046875,9557,0.0,0.0,0.0
2026-09-11 12:50:00-04:00,715.5549926757812,715.9099731445312,715.5549926757812,715.7891235351562,11190,0.0,0.0,0.0
2026-09-11 12:51:00-04:00,715.780029296875,715.7899780273438,715.6599731445312,715.7348022460938,9578,0.0,0.0,0.0
2026-09-11 12:52:00-04:00,715.7550048828125,715.8295288085938,715.6950073242188,715.8004150390625,18802,0.0,0.0,0.0
2026-09-11 12:53:00-04:00,715.7899780273438,715.905029296875,715.7750244140625,715.8599853515625,12277,0.0,0.0,0.0
2026-09-11 12:54:00-04:00,715.8699951171875,715.9199829101562,715.8599853515625,715.9000244140625,14259,0.0,0.0,0.0
2026-09-11 12:55:00-04:00,715.9099731445312,716.1099853515625,715.9099731445312,715.9375,27081,0.0,0.0,0.0
2026-09-11 12:56:00-04:00,715.9500122070312,716.0709838867188,715.9149780273438,715.9249877929688,22453,0.0,0.0,0.0
2026-09-11 12:57:00-04:00,715.9299926757812,716.010009765625,715.8499755859375,715.9119873046875,10404,0.0,0.0,0.0
2026-09-11 12:58:00-04:00,715.9299926757812,716.1300048828125,715.9149780273438,716.1300048828125,112077,0.0,0.0,0.0
2026-09-11 12:59:00-04:00,716.0900268554688,716.1300048828125,716.0499877929688,716.0850219726562,13369,0.0,0.0,0.0
2026-09-11 13:00:00-04:00,716.1099853515625,716.3499755859375,716.1099853515625,716.1400146484375,31103,0.0,0.0,0.0
2026-09-11 13:01:00-04:00,716.2100219726562,716.260009765625,716.0999755859375,716.1099853515625,33112,0.0,0.0,0.0
2026-09-11 13:02:00-04:00,716.1699829101562,716.2650146484375,716.0999755859375,716.25,32021,0.0,0.0,0.0
2026-09-11 13:03:00-04:00,716.22998046875,716.3699951171875,716.1599731445312,716.3599853515625,31942,0.0,0.0,0.0
2026-09-11 13:04:00-04:00,716.364990234375,716.4099731445312,716.1900024414062,716.2000122070312,22072,0.0,0.0,0.0
2026-09-11 13:05:00-04:00,716.2006225585938,716.3400268554688,716.2006225585938,716.27099609375,13284,0.0,0.0,0.0
2026-09-11 13:06:00-04:00,716.2999877929688,716.4061889648438,716.260009765625,716.3099975585938,13154,0.0,0.0,0.0
2026-09-11 13:07:00-04:00,716.3099975585938,716.7899780273438,716.2999877929688,716.4340209960938,99662,0.0,0.0,0.0
2026-09-11 13:08:00-04:00,716.4099731445312,716.5399780273438,716.4099731445312,716.4349975585938,9115,0.0,0.0,0.0
2026-09-11 13:09:00-04:00,716.3900146484375,716.510009765625,716.3400268554688,716.489990234375,8878,0.0,0.0,0.0
2026-09-11 13:10:00-04:00,716.4949951171875,716.64501953125,716.2899780273438,716.3699951171875,30444,0.0,0.0,0.0
2026-09-11 13:11:00-04:00,716.35498046875,716.3900146484375,716.25,716.280029296875,25671,0.0,0.0,0.0
2026-09-11 13:12:00-04:00,716.3099975585938,716.47998046875,716.2899780273438,716.4249877929688,28007,0.0,0.0,0.0
2026-09-11 13:13:00-04:00,716.3499755859375,716.4000244140625,716.1699829101562,716.22998046875,24607,0.0,0.0,0.0
2026-09-11 13:14:00-04:00,716.2100219726562,716.25,716.0900268554688,716.110107421875,14589,0.0,0.0,0.0
2026-09-11 13:15:00-04:00,716.1400146484375,716.3198852539062,716.1400146484375,716.3198852539062,11996,0.0,0.0,0.0
2026-09-11 13:16:00-04:00,716.3300170898438,716.530029296875,716.260009765625,716.530029296875,25097,0.0,0.0,0.0
2026-09-11 13:17:00-04:00,716.5321044921875,716.6799926757812,716.4998779296875,716.6649780273438,32341,0.0,0.0,0.0
2026-09-11 13:18:00-04:00,716.6463012695312,716.6500244140625,716.5618896484375,716.5618896484375,29928,0.0,0.0,0.0
2026-09-11 13:19:00-04:00,716.5599975585938,716.739990234375,716.530029296875,716.625,18569,0.0,0.0,0.0
2026-09-11 13:20:00-04:00,716.6300048828125,716.77001953125,716.6199951171875,716.6798706054688,34595,0.0,0.0,0.0
2026-09-11 13:21:00-04:00,716.6900024414062,716.8150024414062,716.6201171875,716.6500244140625,26810,0.0,0.0,0.0
2026-09-11 13:22:00-04:00,716.6699829101562,716.77001953125,716.6500244140625,716.77001953125,13476,0.0,0.0,0.0
2026-09-11 13:23:00-04:00,716.760009765625,716.9400024414062,716.7550048828125,716.9400024414062,160488,0.0,0.0,0.0
2026-09-11 13:24:00-04:00,716.9149780273438,717.0449829101562,716.8800048828125,717.0399780273438,24982,0.0,0.0,0.0
2026-09-11 13:25:00-04:00,717.030029296875,717.1300048828125,716.964111328125,716.97998046875,29508,0.0,0.0,0.0
2026-09-11 13:26:00-04:00,716.97998046875,717.094970703125,716.9132080078125,717.05859375,25711,0.0,0.0,0.0
2026-09-11 13:27:00-04:00,717.0449829101562,717.06689453125,716.9400024414062,716.9400024414062,12095,0.0,0.0,0.0
2026-09-11 13:28:00-04:00,716.9199829101562,716.9500122070312,716.7700805664062,716.8099975585938,34273,0.0,0.0,0.0
2026-09-11 13:29:00-04:00,716.8150024414062,716.8300170898438,716.7650146484375,716.7650146484375,67896,0.0,0.0,0.0
2026-09-11 13:30:00-04:00,716.719970703125,716.9199829101562,716.7100219726562,716.864990234375,12865,0.0,0.0,0.0
2026-09-11 13:31:00-04:00,716.8800048828125,717.0299072265625,716.8699951171875,717.0299072265625,8317,0.0,0.0,0.0
2026-09-11 13:32:00-04:00,717.0700073242188,717.0900268554688,716.7821044921875,716.80517578125,8988,0.0,0.0,0.0
2026-09-11 13:33:00-04:00,716.8099975585938,716.9199829101562,716.760009765625,716.8300170898438,8706,0.0,0.0,0.0
2026-09-11 13:34:00-04:00,716.8265991210938,716.9199829101562,716.719970703125,716.75,30404,0.0,0.0,0.0
2026-09-11 13:35:00-04:00,716.780029296875,716.885009765625,716.739990234375,716.8099975585938,16776,0.0,0.0,0.0
2026-09-11 13:36:00-04:00,716.780029296875,716.8599853515625,716.77001953125,716.8499755859375,22660,0.0,0.0,0.0
2026-09-11 13:37:00-04:00,716.8400268554688,716.8997192382812,716.8200073242188,716.8400268554688,31607,0.0,0.0,0.0
2026-09-11 13:38:00-04:00,716.8599853515625,716.8599853515625,716.6500244140625,716.780029296875,22033,0.0,0.0,0.0
2026-09-11 13:39:00-04:00,716.780029296875,716.7899780273438,716.6500244140625,716.6900024414062,8935,0.0,0.0,0.0
2026-09-11 13:40:00-04:00,716.6801147460938,716.8900146484375,716.6599731445312,716.8599853515625,15613,0.0,0.0,0.0
2026-09-11 13:41:00-04:00,716.8399047851562,716.8399047851562,716.6400756835938,716.72998046875,18889,0.0,0.0,0.0
2026-09-11 13:42:00-04:00,716.7100219726562,716.830078125,716.6599731445312,716.7662963867188,15152,0.0,0.0,0.0
2026-09-11 13:43:00-04:00,716.760009765625,716.9400024414062,716.75,716.8726196289062,14438,0.0,0.0,0.0
2026-09-11 13:44:00-04:00,716.8599853515625,716.8698120117188,716.72998046875,716.760009765625,117939,0.0,0.0,0.0
2026-09-11 13:45:00-04:00,716.75,716.7999877929688,716.7100219726562,716.760009765625,18029,0.0,0.0,0.0
2026-09-11 13:46:00-04:00,716.760009765625,716.7999877929688,716.7000122070312,716.7750244140625,152805,0.0,0.0,0.0
2026-09-11 13:47:00-04:00,716.760009765625,716.780029296875,716.6699829101562,716.760009765625,16798,0.0,0.0,0.0
2026-09-11 13:48:00-04:00,716.75,716.7504272460938,716.5599975585938,716.6199951171875,65179,0.0,0.0,0.0
2026-09-11 13:49:00-04:00,716.6199951171875,716.8900146484375,716.6199951171875,716.8400268554688,20302,0.0,0.0,0.0
2026-09-11 13:50:00-04:00,716.8699951171875,716.8800048828125,716.7899780273438,716.7899780273438,122464,0.0,0.0,0.0
2026-09-11 13:51:00-04:00,716.780029296875,716.8499755859375,716.760009765625,716.8300170898438,27548,0.0,0.0,0.0
2026-09-11 13:52:00-04:00,716.8099975585938,716.8699951171875,716.77001953125,716.864990234375,14041,0.0,0.0,0.0
2026-09-11 13:53:00-04:00,716.8787231445312,716.8787231445312,716.7808227539062,716.8499755859375,12197,0.0,0.0,0.0
2026-09-11 13:54:00-04:00,716.8350219726562,716.8599853515625,716.7515258789062,716.7650146484375,6626,0.0,0.0,0.0
2026-09-11 13:55:00-04:00,716.7899780273438,716.8200073242188,716.72998046875,716.7824096679688,15074,0.0,0.0,0.0
2026-09-11 13:56:00-04:00,716.75,716.7550048828125,716.6599731445312,716.6801147460938,12167,0.0,0.0,0.0
2026-09-11 13:57:00-04:00,716.6599731445312,716.6900024414062,716.5599975585938,716.5599975585938,15514,0.0,0.0,0.0
2026-09-11 13:58:00-04:00,716.5549926757812,716.5750122070312,716.469970703125,716.489990234375,47469,0.0,0.0,0.0
2026-09-11 13:59:00-04:00,716.5,716.531005859375,716.4400024414062,716.510009765625,19332,0.0,0.0,0.0
2026-09-11 14:00:00-04:00,716.530029296875,716.6599731445312,716.4600219726562,716.510009765625,18762,0.0,0.0,0.0
2026-09-11 14:01:00-04:00,716.5399780273438,716.5827026367188,716.4600219726562,716.530029296875,17298,0.0,0.0,0.0
2026-09-11 14:02:00-04:00,716.5900268554688,716.7100219726562,716.5599975585938,716.5999755859375,25888,0.0,0.0,0.0
2026-09-11 14:03:00-04:00,716.5999755859375,716.6799926757812,716.5599975585938,716.6599731445312,16070,0.0,0.0,0.0
2026-09-11 14:04:00-04:00,716.6599731445312,716.6799926757812,716.5599975585938,716.5700073242188,11760,0.0,0.0,0.0
2026-09-11 14:05:00-04:00,716.5499877929688,716.5549926757812,716.3900146484375,716.3900146484375,169778,0.0,0.0,0.0
2026-09-11 14:06:00-04:00,716.4199829101562,716.489990234375,716.4000244140625,716.4500122070312,14737,0.0,0.0,0.0
2026-09-11 14:07:00-04:00,716.4600219726562,716.469970703125,716.4099731445312,716.4500122070312,20087,0.0,0.0,0.0
2026-09-11 14:08:00-04:00,716.4299926757812,716.4404907226562,716.3099975585938,716.3399047851562,29398,0.0,0.0,0.0
2026-09-11 14:09:00-04:00,716.3300170898438,716.4199829101562,716.3300170898438,716.3599853515625,11915,0.0,0.0,0.0
2026-09-11 14:10:00-04:00,716.385009765625,716.3900146484375,716.260009765625,716.3201293945312,125738,0.0,0.0,0.0
2026-09-11 14:11:00-04:00,716.3400268554688,716.3499755859375,716.219970703125,716.260009765625,28104,0.0,0.0,0.0
2026-09-11 14:12:00-04:00,716.2550048828125,716.3099975585938,716.22998046875,716.2501220703125,14134,0.0,0.0,0.0
2026-09-11 14:13:00-04:00,716.25,716.25,716.1798706054688,716.2150268554688,26818,0.0,0.0,0.0
2026-09-11 14:14:00-04:00,716.25,716.260009765625,716.1849975585938,716.2401123046875,37510,0.0,0.0,0.0
2026-09-11 14:15:00-04:00,716.27001953125,716.280029296875,716.0900268554688,716.1500244140625,41246,0.0,0.0,0.0
2026-09-11 14:16:00-04:00,716.1411743164062,716.2650146484375,716.1400146484375,716.1900024414062,19848,0.0,0.0,0.0
2026-09-11 14:17:00-04:00,716.209716796875,716.2999877929688,716.1799926757812,716.260009765625,23088,0.0,0.0,0.0
2026-09-11 14:18:00-04:00,716.260009765625,716.3599853515625,716.2210083007812,716.3150024414062,18400,0.0,0.0,0.0
2026-09-11 14:19:00-04:00,716.3298950195312,716.3699951171875,716.2100219726562,716.25,43861,0.0,0.0,0.0
2026-09-11 14:20:00-04:00,716.2589721679688,716.27001953125,715.719970703125,715.8900146484375,295812,0.0,0.0,0.0
2026-09-11 14:21:00-04:00,715.9000244140625,715.9400024414062,715.72998046875,715.880126953125,155704,0.0,0.0,0.0
2026-09-11 14:22:00-04:00,715.875,716.010009765625,715.8599853515625,715.989990234375,39448,0.0,0.0,0.0
2026-09-11 14:23:00-04:00,715.9500122070312,716.02001953125,715.8400268554688,715.864990234375,21085,0.0,0.0,0.0
2026-09-11 14:24:00-04:00,715.8599853515625,716.0,715.8499755859375,716.0,13658,0.0,0.0,0.0
2026-09-11 14:25:00-04:00,716.010009765625,716.1300048828125,715.989990234375,716.0,28772,0.0,0.0,0.0
2026-09-11 14:26:00-04:00,715.9915161132812,716.1500244140625,715.9500122070312,715.9500122070312,26939,0.0,0.0,0.0
2026-09-11 14:27:00-04:00,715.9500122070312,716.0700073242188,715.9149780273438,716.0499877929688,30261,0.0,0.0,0.0
2026-09-11 14:28:00-04:00,716.0549926757812,716.3599853515625,716.0549926757812,716.3389282226562,42398,0.0,0.0,0.0
2026-09-11 14:29:00-04:00,716.3300170898438,716.3599853515625,716.260009765625,716.2849731445312,13274,0.0,0.0,0.0
2026-09-11 14:30:00-04:00,716.280029296875,716.4600219726562,716.2100219726562,716.2100219726562,26344,0.0,0.0,0.0
2026-09-11 14:31:00-04:00,716.2000122070312,716.27001953125,716.094970703125,716.094970703125,28315,0.0,0.0,0.0
2026-09-11 14:32:00-04:00,716.0800170898438,716.280029296875,716.0399780273438,716.219970703125,15522,0.0,0.0,0.0
2026-09-11 14:33:00-04:00,716.239501953125,716.4099731445312,716.219970703125,716.4000244140625,6843,0.0,0.0,0.0
2026-09-11 14:34:00-04:00,716.4199829101562,716.6400146484375,716.4099731445312,716.5700073242188,110971,0.0,0.0,0.0
2026-09-11 14:35:00-04:00,716.6199951171875,716.6199951171875,716.47998046875,716.5399780273438,14553,0.0,0.0,0.0
2026-09-11 14:36:00-04:00,716.5394897460938,716.6699829101562,716.510009765625,716.6699829101562,23927,0.0,0.0,0.0
2026-09-11 14:37:00-04:00,716.6400146484375,716.6500244140625,716.3900146484375,716.4000244140625,18899,0.0,0.0,0.0
2026-09-11 14:38:00-04:00,716.3800048828125,716.409912109375,716.2999877929688,716.3300170898438,14102,0.0,0.0,0.0
2026-09-11 14:39:00-04:00,716.3782958984375,716.3900146484375,716.3300170898438,716.3900146484375,11656,0.0,0.0,0.0
2026-09-11 14:40:00-04:00,716.4000244140625,716.4450073242188,716.3800048828125,716.4400024414062,19801,0.0,0.0,0.0
2026-09-11 14:41:00-04:00,716.4600219726562,716.4600219726562,716.3800048828125,716.4299926757812,11964,0.0,0.0,0.0
2026-09-11 14:42:00-04:00,716.4199829101562,716.4299926757812,716.25,716.2630004882812,15433,0.0,0.0,0.0
2026-09-11 14:43:00-04:00,716.25,716.25,716.14501953125,716.1599731445312,32423,0.0,0.0,0.0
2026-09-11 14:44:00-04:00,716.1599731445312,716.219970703125,716.1099853515625,716.1799926757812,16519,0.0,0.0,0.0
2026-09-11 14:45:00-04:00,716.1900024414062,716.2100219726562,716.0401000976562,716.0499877929688,26083,0.0,0.0,0.0
2026-09-11 14:46:00-04:00,716.0399780273438,716.1099853515625,716.0,716.0800170898438,28381,0.0,0.0,0.0
2026-09-11 14:47:00-04:00,716.0800170898438,716.3400268554688,716.0578002929688,716.22998046875,23380,0.0,0.0,0.0
2026-09-11 14:48:00-04:00,716.22998046875,716.280029296875,715.969970703125,716.010009765625,37701,0.0,0.0,0.0
2026-09-11 14:49:00-04:00,716.0,716.0800170898438,716.0,716.030029296875,20852,0.0,0.0,0.0
2026-09-11 14:50:00-04:00,716.0,716.0800170898438,715.9730834960938,716.030029296875,16806,0.0,0.0,0.0
2026-09-11 14:51:00-04:00,716.0515747070312,716.0900268554688,716.02001953125,716.030029296875,13936,0.0,0.0,0.0
2026-09-11 14:52:00-04:00,716.0449829101562,716.0700073242188,715.9500122070312,715.97998046875,48914,0.0,0.0,0.0
2026-09-11 14:53:00-04:00,715.969970703125,716.02001953125,715.969970703125,716.0,14878,0.0,0.0,0.0
2026-09-11 14:54:00-04:00,716.0,716.0250244140625,715.9099731445312,715.9400024414062,16936,0.0,0.0,0.0
2026-09-11 14:55:00-04:00,715.9299926757812,716.0999755859375,715.9099731445312,716.0399780273438,25696,0.0,0.0,0.0
2026-09-11 14:56:00-04:00,716.0399780273438,716.1849975585938,716.02001953125,716.1599731445312,44401,0.0,0.0,0.0
2026-09-11 14:57:00-04:00,716.1599731445312,716.1799926757812,715.9600219726562,715.9600219726562,26764,0.0,0.0,0.0
2026-09-11 14:58:00-04:00,715.9674072265625,716.0700073242188,715.9199829101562,716.0599975585938,36652,0.0,0.0,0.0
2026-09-11 14:59:00-04:00,716.0599975585938,716.0700073242188,715.8800048828125,715.9401245117188,61716,0.0,0.0,0.0
2026-09-11 15:00:00-04:00,715.97998046875,716.0499877929688,715.9199829101562,716.010009765625,33867,0.0,0.0,0.0
2026-09-11 15:01:00-04:00,716.010009765625,716.030029296875,715.9404907226562,715.9500122070312,23603,0.0,0.0,0.0
2026-09-11 15:02:00-04:00,715.9299926757812,715.9299926757812,715.8200073242188,715.8900146484375,36153,0.0,0.0,0.0
2026-09-11 15:03:00-04:00,715.8599853515625,715.9099731445312,715.7899780273438,715.8400268554688,36181,0.0,0.0,0.0
2026-09-11 15:04:00-04:00,715.859375,715.9650268554688,715.7999877929688,715.8610229492188,28718,0.0,0.0,0.0
2026-09-11 15:05:00-04:00,715.8900146484375,715.9600219726562,715.844970703125,715.9149780273438,16427,0.0,0.0,0.0
2026-09-11 15:06:00-04:00,715.9299926757812,716.0,715.780029296875,715.780029296875,24400,0.0,0.0,0.0
2026-09-11 15:07:00-04:00,715.780029296875,715.7849731445312,715.6400146484375,715.7025146484375,42421,0.0,0.0,0.0
2026-09-11 15:08:00-04:00,715.6950073242188,715.760009765625,715.6199951171875,715.6796875,17237,0.0,0.0,0.0
2026-09-11 15:09:00-04:00,715.6799926757812,715.7401123046875,715.5601196289062,715.6199951171875,40113,0.0,0.0,0.0
2026-09-11 15:10:00-04:00,715.6060180664062,715.6199951171875,715.4500122070312,715.469970703125,36940,0.0,0.0,0.0
2026-09-11 15:11:00-04:00,715.4503784179688,715.5499877929688,715.3922729492188,715.5499877929688,23522,0.0,0.0,0.0
2026-09-11 15:12:00-04:00,715.5700073242188,715.5999145507812,715.5050048828125,715.5999145507812,12863,0.0,0.0,0.0
2026-09-11 15:13:00-04:00,715.5999755859375,715.6699829101562,715.5261840820312,715.5700073242188,12040,0.0,0.0,0.0
2026-09-11 15:14:00-04:00,715.5700073242188,715.6937255859375,715.510009765625,715.5999755859375,25289,0.0,0.0,0.0
2026-09-11 15:15:00-04:00,715.655029296875,715.719970703125,715.6099853515625,715.6300048828125,16399,0.0,0.0,0.0
2026-09-11 15:16:00-04:00,715.6090698242188,715.6699829101562,715.5700073242188,715.5800170898438,12096,0.0,0.0,0.0
2026-09-11 15:17:00-04:00,715.5999145507812,715.780029296875,715.5999145507812,715.739990234375,17684,0.0,0.0,0.0
2026-09-11 15:18:00-04:00,715.72998046875,715.8499755859375,715.7050170898438,715.8400268554688,28134,0.0,0.0,0.0
2026-09-11 15:19:00-04:00,715.8099975585938,715.8599853515625,715.6900024414062,715.6900024414062,24439,0.0,0.0,0.0
2026-09-11 15:20:00-04:00,715.7050170898438,715.783203125,715.672607421875,715.72998046875,8738,0.0,0.0,0.0
2026-09-11 15:21:00-04:00,715.719970703125,715.75,715.6300048828125,715.6909790039062,13275,0.0,0.0,0.0
2026-09-11 15:22:00-04:00,715.719970703125,715.760009765625,715.6400756835938,715.6478271484375,16719,0.0,0.0,0.0
2026-09-11 15:23:00-04:00,715.6500244140625,715.6900024414062,715.5700073242188,715.6900024414062,26976,0.0,0.0,0.0
2026-09-11 15:24:00-04:00,715.7050170898438,715.8300170898438,715.7050170898438,715.8200073242188,44523,0.0,0.0,0.0
2026-09-11 15:25:00-04:00,715.8099975585938,715.8250122070312,715.739990234375,715.75,6309,0.0,0.0,0.0
2026-09-11 15:26:00-04:00,715.77001953125,715.8800048828125,715.75,715.8300170898438,15721,0.0,0.0,0.0
2026-09-11 15:27:00-04:00,715.864990234375,715.864990234375,715.7000122070312,715.760009765625,24816,0.0,0.0,0.0
2026-09-11 15:28:00-04:00,715.739990234375,715.7949829101562,715.5999755859375,715.5999755859375,29132,0.0,0.0,0.0
2026-09-11 15:29:00-04:00,715.6099853515625,715.6300048828125,715.5399780273438,715.60498046875,28232,0.0,0.0,0.0
2026-09-11 15:30:00-04:00,715.5900268554688,715.6799926757812,715.5499877929688,715.6099853515625,17449,0.0,0.0,0.0
2026-09-11 15:31:00-04:00,715.594970703125,715.6649780273438,715.5599975585938,715.6400146484375,36565,0.0,0.0,0.0
2026-09-11 15:32:00-04:00,715.6500244140625,715.6699829101562,715.5700073242188,715.6199951171875,43100,0.0,0.0,0.0
2026-09-11 15:33:00-04:00,715.614990234375,715.6599731445312,715.5499877929688,715.6300048828125,30974,0.0,0.0,0.0
2026-09-11 15:34:00-04:00,715.6199951171875,715.7199096679688,715.6199951171875,715.7100219726562,23477,0.0,0.0,0.0
2026-09-11 15:35:00-04:00,715.7100219726562,715.739990234375,715.5700073242188,715.6400146484375,74958,0.0,0.0,0.0
2026-09-11 15:36:00-04:00,715.6400146484375,715.6799926757812,715.5700073242188,715.6699829101562,44041,0.0,0.0,0.0
2026-09-11 15:37:00-04:00,715.6599731445312,715.7100219726562,715.6400756835938,715.6799926757812,65122,0.0,0.0,0.0
2026-09-11 15:38:00-04:00,715.6799926757812,715.7100219726562,715.594970703125,715.6199951171875,52263,0.0,0.0,0.0
2026-09-11 15:39:00-04:00,715.6300048828125,715.6799926757812,715.60498046875,715.6699829101562,29919,0.0,0.0,0.0
2026-09-11 15:40:00-04:00,715.6699829101562,715.77001953125,715.6599731445312,715.739990234375,87432,0.0,0.0,0.0
2026-09-11 15:41:00-04:00,715.739990234375,715.7899780273438,715.7000122070312,715.739990234375,47893,0.0,0.0,0.0
2026-09-11 15:42:00-04:00,715.75,715.875,715.7100219726562,715.875,41833,0.0,0.0,0.0
2026-09-11 15:43:00-04:00,715.8800048828125,715.8900146484375,715.72998046875,715.739990234375,61577,0.0,0.0,0.0
2026-09-11 15:44:00-04:00,715.72998046875,715.8049926757812,715.7150268554688,715.7899780273438,67052,0.0,0.0,0.0
2026-09-11 15:45:00-04:00,715.7899780273438,715.9000244140625,715.77001953125,715.885009765625,70929,0.0,0.0,0.0
2026-09-11 15:46:00-04:00,715.885009765625,715.905029296875,715.6199951171875,715.6199951171875,76002,0.0,0.0,0.0
2026-09-11 15:47:00-04:00,715.6199951171875,715.7100219726562,715.5399780273438,715.655029296875,815553,0.0,0.0,0.0
2026-09-11 15:48:00-04:00,715.6500244140625,715.739990234375,715.5333862304688,715.5449829101562,672899,0.0,0.0,0.0
2026-09-11 15:49:00-04:00,715.530029296875,715.6400146484375,715.530029296875,715.5900268554688,47751,0.0,0.0,0.0
2026-09-11 15:50:00-04:00,715.5800170898438,715.5800170898438,715.1099853515625,715.3200073242188,159657,0.0,0.0,0.0
2026-09-11 15:51:00-04:00,715.3099975585938,715.3400268554688,715.1199951171875,715.1400146484375,74935,0.0,0.0,0.0
2026-09-11 15:52:00-04:00,715.1500244140625,715.3400268554688,715.1400146484375,715.2000122070312,74419,0.0,0.0,0.0
2026-09-11 15:53:00-04:00,715.2000122070312,715.5800170898438,715.1749877929688,715.280029296875,73484,0.0,0.0,0.0
2026-09-11 15:54:00-04:00,715.280029296875,715.6649780273438,715.280029296875,715.4749755859375,112057,0.0,0.0,0.0
2026-09-11 15:55:00-04:00,715.4500122070312,715.4500122070312,715.1400146484375,715.3499755859375,126980,0.0,0.0,0.0
2026-09-11 15:56:00-04:00,715.3400268554688,715.3499755859375,715.219970703125,715.3099975585938,92394,0.0,0.0,0.0
2026-09-11 15:57:00-04:00,715.3200073242188,715.4400024414062,715.3060302734375,715.3400268554688,98670,0.0,0.0,0.0
2026-09-11 15:58:00-04:00,715.3300170898438,715.3400268554688,715.0800170898438,715.0999755859375,267394,0.0,0.0,0.0
2026-09-11 15:59:00-04:00,715.0900268554688,715.239990234375,714.739990234375,714.8499755859375,515256,0.0,0.0,0.0
2026-09-14 09:30:00-04:00,703.2899780273438,703.6699829101562,702.7999877929688,702.8599853515625,2971332,0.0,0.0,0.0
2026-09-14 09:31:00-04:00,702.8699951171875,703.6076049804688,702.75,703.1599731445312,310411,0.0,0.0,0.0
2026-09-14 09:32:00-04:00,703.1599731445312,703.8599853515625,703.0900268554688,703.6300048828125,173160,0.0,0.0,0.0
2026-09-14 09:33:00-04:00,703.6400146484375,703.989990234375,703.2797241210938,703.3099975585938,315133,0.0,0.0,0.0
2026-09-14 09:34:00-04:00,703.2899780273438,703.6900024414062,703.0900268554688,703.3400268554688,244426,0.0,0.0,0.0
2026-09-14 09:35:00-04:00,703.3200073242188,703.6749877929688,702.9920043945312,703.125,221688,0.0,0.0,0.0
2026-09-14 09:36:00-04:00,703.125,703.2750244140625,702.8250122070312,702.8900146484375,226707,0.0,0.0,0.0
2026-09-14 09:37:00-04:00,702.8300170898438,703.1599731445312,702.77001953125,702.9600219726562,173278,0.0,0.0,0.0
2026-09-14 09:38:00-04:00,703.0250244140625,703.3499755859375,702.8400268554688,703.0438232421875,172035,0.0,0.0,0.0
2026-09-14 09:39:00-04:00,703.0599975585938,703.1500244140625,702.8499755859375,702.9598999023438,209218,0.0,0.0,0.0
2026-09-14 09:40:00-04:00,702.9600219726562,703.5449829101562,702.8300170898438,703.1400146484375,155679,0.0,0.0,0.0
2026-09-14 09:41:00-04:00,703.1900024414062,703.52001953125,702.9849853515625,703.4500122070312,132374,0.0,0.0,0.0
2026-09-14 09:42:00-04:00,703.47998046875,703.969970703125,703.4149780273438,703.8200073242188,130196,0.0,0.0,0.0
2026-09-14 09:43:00-04:00,703.8300170898438,704.2999877929688,703.6699829101562,704.202880859375,144307,0.0,0.0,0.0
2026-09-14 09:44:00-04:00,704.2000122070312,704.530029296875,704.1950073242188,704.4849853515625,138022,0.0,0.0,0.0
2026-09-14 09:45:00-04:00,704.489990234375,704.97998046875,704.47998046875,704.875,522531,0.0,0.0,0.0
2026-09-14 09:46:00-04:00,704.8616943359375,705.3800048828125,704.8616943359375,705.25,187044,0.0,0.0,0.0
2026-09-14 09:47:00-04:00,705.25,705.7100219726562,705.22998046875,705.6900024414062,180543,0.0,0.0,0.0
2026-09-14 09:48:00-04:00,705.7100219726562,706.1799926757812,705.6599731445312,706.1594848632812,257711,0.0,0.0,0.0
2026-09-14 09:49:00-04:00,706.1500244140625,706.739990234375,706.1500244140625,706.4412841796875,197784,0.0,0.0,0.0
2026-09-14 09:50:00-04:00,706.4400024414062,706.6500244140625,706.239990234375,706.39501953125,173120,0.0,0.0,0.0
2026-09-14 09:51:00-04:00,706.3599853515625,706.3800048828125,705.6849975585938,705.77001953125,186411,0.0,0.0,0.0
2026-09-14 09:52:00-04:00,705.7349853515625,706.27001953125,705.5999755859375,705.9105224609375,140916,0.0,0.0,0.0
2026-09-14 09:53:00-04:00,705.9199829101562,706.1300048828125,705.5999755859375,706.1099853515625,88643,0.0,0.0,0.0
2026-09-14 09:54:00-04:00,706.1099853515625,706.1500244140625,705.8150024414062,705.8150024414062,134928,0.0,0.0,0.0
2026-09-14 09:55:00-04:00,705.8099975585938,706.0900268554688,705.5999755859375,705.7000122070312,109272,0.0,0.0,0.0
2026-09-14 09:56:00-04:00,705.7100219726562,705.8071899414062,705.4600830078125,705.8071899414062,116393,0.0,0.0,0.0
2026-09-14 09:57:00-04:00,705.75,705.8200073242188,705.4199829101562,705.6701049804688,85533,0.0,0.0,0.0
2026-09-14 09:58:00-04:00,705.6749877929688,706.1099853515625,705.4299926757812,705.8499755859375,90133,0.0,0.0,0.0
2026-09-14 09:59:00-04:00,705.8800048828125,705.9299926757812,705.6500244140625,705.7849731445312,69137,0.0,0.0,0.0
2026-09-14 10:00:00-04:00,705.7401123046875,706.1370239257812,705.7000122070312,706.0900268554688,57575,0.0,0.0,0.0
2026-09-14 10:01:00-04:00,706.0700073242188,706.60498046875,706.0,706.5698852539062,112846,0.0,0.0,0.0
2026-09-14 10:02:00-04:00,706.6024169921875,706.6024169921875,705.8400268554688,705.8400268554688,116738,0.0,0.0,0.0
2026-09-14 10:03:00-04:00,705.8400268554688,706.2000122070312,705.8200073242188,706.0449829101562,55792,0.0,0.0,0.0
2026-09-14 10:04:00-04:00,706.0,706.291015625,705.9949951171875,706.2349853515625,59458,0.0,0.0,0.0
2026-09-14 10:05:00-04:00,706.2100219726562,706.4600219726562,706.1400146484375,706.3499755859375,27808,0.0,0.0,0.0
2026-09-14 10:06:00-04:00,706.3499755859375,707.18798828125,706.3499755859375,707.0399780273438,139996,0.0,0.0,0.0
2026-09-14 10:07:00-04:00,707.010009765625,707.2899780273438,706.9600830078125,707.2000122070312,122443,0.0,0.0,0.0
2026-09-14 10:08:00-04:00,707.2000122070312,707.47998046875,707.1704711914062,707.3400268554688,96041,0.0,0.0,0.0
2026-09-14 10:09:00-04:00,707.3300170898438,707.3499755859375,707.1699829101562,707.239990234375,82105,0.0,0.0,0.0
2026-09-14 10:10:00-04:00,707.2050170898438,707.7698974609375,707.2050170898438,707.4000244140625,163797,0.0,0.0,0.0
2026-09-14 10:11:00-04:00,707.3900146484375,707.760009765625,707.3699951171875,707.510009765625,158150,0.0,0.0,0.0
2026-09-14 10:12:00-04:00,707.489990234375,707.6699829101562,707.4000244140625,707.469970703125,115402,0.0,0.0,0.0
2026-09-14 10:13:00-04:00,707.4600219726562,707.52001953125,707.27001953125,707.4199829101562,90525,0.0,0.0,0.0
2026-09-14 10:14:00-04:00,707.4149780273438,707.6099853515625,707.3800048828125,707.4199829101562,78329,0.0,0.0,0.0
2026-09-14 10:15:00-04:00,707.4299926757812,707.6199951171875,707.3300170898438,707.3300170898438,133864,0.0,0.0,0.0
2026-09-14 10:16:00-04:00,707.3297119140625,707.3499755859375,706.8494873046875,706.9450073242188,170104,0.0,0.0,0.0
2026-09-14 10:17:00-04:00,706.9600219726562,707.0499877929688,706.6300048828125,706.6873779296875,52760,0.0,0.0,0.0
2026-09-14 10:18:00-04:00,706.6599731445312,706.8200073242188,706.4550170898438,706.5,85753,0.0,0.0,0.0
2026-09-14 10:19:00-04:00,706.4949951171875,706.72998046875,706.39501953125,706.719970703125,100260,0.0,0.0,0.0
2026-09-14 10:20:00-04:00,706.7100219726562,706.739990234375,706.4000244140625,706.5150146484375,86821,0.0,0.0,0.0
2026-09-14 10:21:00-04:00,706.489990234375,706.489990234375,705.760009765625,706.1008911132812,141920,0.0,0.0,0.0
2026-09-14 10:22:00-04:00,706.10498046875,706.1599731445312,705.8599853515625,706.0499877929688,73859,0.0,0.0,0.0
2026-09-14 10:23:00-04:00,706.0599975585938,706.1799926757812,705.9400024414062,706.1478881835938,47382,0.0,0.0,0.0
2026-09-14 10:24:00-04:00,706.1749877929688,706.1749877929688,705.77001953125,705.8099975585938,68713,0.0,0.0,0.0
2026-09-14 10:25:00-04:00,705.7698974609375,705.8499755859375,705.4500122070312,705.4500122070312,129317,0.0,0.0,0.0
2026-09-14 10:26:00-04:00,705.4500122070312,705.5399780273438,705.1099853515625,705.2899169921875,136765,0.0,0.0,0.0
2026-09-14 10:27:00-04:00,705.2791137695312,705.559814453125,705.22998046875,705.52001953125,110126,0.0,0.0,0.0
2026-09-14 10:28:00-04:00,705.52001953125,705.9099731445312,705.4700927734375,705.6699829101562,112374,0.0,0.0,0.0
2026-09-14 10:29:00-04:00,705.6400146484375,705.7949829101562,705.3699951171875,705.780029296875,59390,0.0,0.0,0.0
2026-09-14 10:30:00-04:00,705.7924194335938,705.9819946289062,705.52001953125,705.52001953125,68279,0.0,0.0,0.0
2026-09-14 10:31:00-04:00,705.510009765625,705.844970703125,705.3900146484375,705.7301025390625,69710,0.0,0.0,0.0
2026-09-14 10:32:00-04:00,705.719970703125,705.7550048828125,705.5399780273438,705.7449951171875,57287,0.0,0.0,0.0
2026-09-14 10:33:00-04:00,705.7449951171875,705.760009765625,705.510009765625,705.6649780273438,32612,0.0,0.0,0.0
2026-09-14 10:34:00-04:00,705.6799926757812,706.0999755859375,705.6799926757812,706.0549926757812,69865,0.0,0.0,0.0
2026-09-14 10:35:00-04:00,706.0250244140625,706.0250244140625,705.2249755859375,705.2650146484375,75346,0.0,0.0,0.0
2026-09-14 10:36:00-04:00,705.25,705.4099731445312,704.8699951171875,704.875,92053,0.0,0.0,0.0
2026-09-14 10:37:00-04:00,704.8800048828125,705.0399780273438,704.780029296875,705.0399780273438,70501,0.0,0.0,0.0
2026-09-14 10:38:00-04:00,705.0247192382812,705.0399780273438,704.6699829101562,704.8099975585938,51048,0.0,0.0,0.0
2026-09-14 10:39:00-04:00,704.8400268554688,704.9600219726562,704.6500244140625,704.9500122070312,41172,0.0,0.0,0.0
2026-09-14 10:40:00-04:00,704.9099731445312,704.97998046875,704.7301025390625,704.8400268554688,47277,0.0,0.0,0.0
2026-09-14 10:41:00-04:00,704.8201293945312,704.875,704.590087890625,704.75,51204,0.0,0.0,0.0
2026-09-14 10:42:00-04:00,704.7249755859375,705.2100219726562,704.719970703125,705.0700073242188,77801,0.0,0.0,0.0
2026-09-14 10:43:00-04:00,705.0900268554688,705.0900268554688,704.7000122070312,704.7899780273438,56238,0.0,0.0,0.0
2026-09-14 10:44:00-04:00,704.77001953125,705.4400024414062,704.7125244140625,705.4400024414062,80582,0.0,0.0,0.0
2026-09-14 10:45:00-04:00,705.4500122070312,705.97998046875,705.3400268554688,705.9500122070312,90228,0.0,0.0,0.0
2026-09-14 10:46:00-04:00,705.9500122070312,706.1099853515625,705.7899780273438,705.8599853515625,52370,0.0,0.0,0.0
2026-09-14 10:47:00-04:00,705.85498046875,705.8699951171875,705.4099731445312,705.6799926757812,58513,0.0,0.0,0.0
2026-09-14 10:48:00-04:00,705.7000122070312,705.969970703125,705.6599731445312,705.7899169921875,33771,0.0,0.0,0.0
2026-09-14 10:49:00-04:00,705.780029296875,705.8200073242188,705.5800170898438,705.7634887695312,29094,0.0,0.0,0.0
2026-09-14 10:50:00-04:00,705.8200073242188,705.8300170898438,705.1099853515625,705.260009765625,54164,0.0,0.0,0.0
2026-09-14 10:51:00-04:00,705.3079833984375,705.77001953125,705.2877807617188,705.6799926757812,23988,0.0,0.0,0.0
2026-09-14 10:52:00-04:00,705.6199951171875,705.6199951171875,705.080078125,705.155029296875,48306,0.0,0.0,0.0
2026-09-14 10:53:00-04:00,705.1599731445312,705.280029296875,705.0700073242188,705.0700073242188,26704,0.0,0.0,0.0
2026-09-14 10:54:00-04:00,705.0499877929688,705.239990234375,705.030029296875,705.1900024414062,72472,0.0,0.0,0.0
2026-09-14 10:55:00-04:00,705.2100219726562,705.2100219726562,704.9299926757812,705.1339721679688,49655,0.0,0.0,0.0
2026-09-14 10:56:00-04:00,705.1099853515625,705.2379150390625,704.9299926757812,705.2379150390625,22585,0.0,0.0,0.0
2026-09-14 10:57:00-04:00,705.2100219726562,705.5800170898438,705.1010131835938,705.5324096679688,30839,0.0,0.0,0.0
2026-09-14 10:58:00-04:00,705.530029296875,705.7999877929688,705.3839111328125,705.7999877929688,24858,0.0,0.0,0.0
2026-09-14 10:59:00-04:00,705.80322265625,705.9500122070312,705.6199951171875,705.9099731445312,41467,0.0,0.0,0.0
2026-09-14 11:00:00-04:00,705.905029296875,706.030029296875,705.7584838867188,705.97998046875,63918,0.0,0.0,0.0
2026-09-14 11:01:00-04:00,705.9801025390625,706.0,705.5900268554688,705.864990234375,82045,0.0,0.0,0.0
2026-09-14 11:02:00-04:00,705.8720703125,706.030029296875,705.6199951171875,705.6199951171875,49936,0.0,0.0,0.0
2026-09-14 11:03:00-04:00,705.610107421875,705.8162841796875,705.5,705.72998046875,28131,0.0,0.0,0.0
2026-09-14 11:04:00-04:00,705.7000122070312,705.7100219726562,705.27001953125,705.3300170898438,44640,0.0,0.0,0.0
2026-09-14 11:05:00-04:00,705.2999877929688,707.0399780273438,705.2999877929688,706.489990234375,316094,0.0,0.0,0.0
2026-09-14 11:06:00-04:00,706.4400024414062,707.5499877929688,706.4400024414062,706.9600219726562,196613,0.0,0.0,0.0
2026-09-14 11:07:00-04:00,706.9000244140625,706.9299926757812,706.4099731445312,706.5900268554688,93732,0.0,0.0,0.0
2026-09-14 11:08:00-04:00,706.6199951171875,706.6400146484375,706.2100219726562,706.5844116210938,53596,0.0,0.0,0.0
2026-09-14 11:09:00-04:00,706.5700073242188,706.8499755859375,706.4199829101562,706.5590209960938,50319,0.0,0.0,0.0
2026-09-14 11:10:00-04:00,706.614990234375,706.739990234375,706.4600830078125,706.6649780273438,38153,0.0,0.0,0.0
2026-09-14 11:11:00-04:00,706.6799926757812,706.7100219726562,706.2990112304688,706.3200073242188,45145,0.0,0.0,0.0
2026-09-14 11:12:00-04:00,706.3200073242188,706.4199829101562,706.1801147460938,706.3499755859375,22607,0.0,0.0,0.0
2026-09-14 11:13:00-04:00,706.3499755859375,706.5650024414062,706.3200073242188,706.489990234375,29993,0.0,0.0,0.0
2026-09-14 11:14:00-04:00,706.4910278320312,706.6199951171875,706.1500244140625,706.1599731445312,36507,0.0,0.0,0.0
2026-09-14 11:15:00-04:00,706.1599731445312,706.52392578125,706.0499877929688,706.4600219726562,39957,0.0,0.0,0.0
2026-09-14 11:16:00-04:00,706.4650268554688,706.719970703125,706.2949829101562,706.7199096679688,36974,0.0,0.0,0.0
2026-09-14 11:17:00-04:00,706.719970703125,707.0399780273438,706.7100219726562,706.8599853515625,56404,0.0,0.0,0.0
2026-09-14 11:18:00-04:00,706.8699951171875,706.9990234375,706.8300170898438,706.9299926757812,27632,0.0,0.0,0.0
2026-09-14 11:19:00-04:00,706.9149780273438,707.1199951171875,706.9000244140625,707.0,29321,0.0,0.0,0.0
2026-09-14 11:20:00-04:00,707.010009765625,707.1199951171875,706.8599853515625,706.9299926757812,69688,0.0,0.0,0.0
2026-09-14 11:21:00-04:00,706.9400024414062,707.1041870117188,706.8599853515625,706.9650268554688,117791,0.0,0.0,0.0
2026-09-14 11:22:00-04:00,706.9749755859375,707.1199951171875,706.7849731445312,706.7999877929688,32566,0.0,0.0,0.0
2026-09-14 11:23:00-04:00,706.75,707.1199951171875,706.75,707.0786743164062,39550,0.0,0.0,0.0
2026-09-14 11:24:00-04:00,707.1199951171875,707.4500122070312,707.1099853515625,707.375,48714,0.0,0.0,0.0
2026-09-14 11:25:00-04:00,707.3300170898438,707.4400024414062,707.1699829101562,707.2550048828125,47797,0.0,0.0,0.0
2026-09-14 11:26:00-04:00,707.25,707.5499877929688,707.1599731445312,707.5499877929688,56307,0.0,0.0,0.0
2026-09-14 11:27:00-04:00,707.5499877929688,707.760009765625,707.4829711914062,707.4829711914062,81515,0.0,0.0,0.0
2026-09-14 11:28:00-04:00,707.4749755859375,707.7030029296875,707.469970703125,707.610107421875,39942,0.0,0.0,0.0
2026-09-14 11:29:00-04:00,707.6599731445312,707.6799926757812,707.5062255859375,707.5499877929688,44810,0.0,0.0,0.0
2026-09-14 11:30:00-04:00,707.530029296875,707.7899780273438,707.5,707.7449951171875,48992,0.0,0.0,0.0
2026-09-14 11:31:00-04:00,707.739990234375,707.739990234375,707.3800048828125,707.489990234375,78559,0.0,0.0,0.0
2026-09-14 11:32:00-04:00,707.5198974609375,708.77001953125,707.4299926757812,708.6199951171875,296477,0.0,0.0,0.0
2026-09-14 11:33:00-04:00,708.614990234375,709.1500244140625,708.2100219726562,709.125,162592,0.0,0.0,0.0
2026-09-14 11:34:00-04:00,709.1500244140625,709.5900268554688,709.10498046875,709.576171875,168234,0.0,0.0,0.0
2026-09-14 11:35:00-04:00,709.4899291992188,709.5999755859375,709.219970703125,709.2550048828125,92212,0.0,0.0,0.0
2026-09-14 11:36:00-04:00,709.2449951171875,709.4099731445312,709.0599975585938,709.1699829101562,75594,0.0,0.0,0.0
2026-09-14 11:37:00-04:00,709.2000122070312,709.969970703125,709.2000122070312,709.9400024414062,103726,0.0,0.0,0.0
2026-09-14 11:38:00-04:00,709.9400024414062,709.9539794921875,709.6801147460938,709.8599853515625,77252,0.0,0.0,0.0
2026-09-14 11:39:00-04:00,709.8699951171875,709.8900146484375,709.6900024414062,709.8300170898438,71281,0.0,0.0,0.0
2026-09-14 11:40:00-04:00,709.8400268554688,710.489990234375,709.6599731445312,709.8800048828125,128136,0.0,0.0,0.0
2026-09-14 11:41:00-04:00,709.8800048828125,710.3800048828125,709.5599975585938,710.2150268554688,136678,0.0,0.0,0.0
2026-09-14 11:42:00-04:00,710.2100219726562,710.3699951171875,709.8499755859375,709.9099731445312,98567,0.0,0.0,0.0
2026-09-14 11:43:00-04:00,709.9398803710938,710.3790283203125,709.9299926757812,710.3499755859375,76856,0.0,0.0,0.0
2026-09-14 11:44:00-04:00,710.3300170898438,710.6466064453125,710.3099975585938,710.4349975585938,208222,0.0,0.0,0.0
2026-09-14 11:45:00-04:00,710.4600219726562,710.5,710.25,710.260009765625,118924,0.0,0.0,0.0
2026-09-14 11:46:00-04:00,710.25,710.260009765625,709.9500122070312,710.065673828125,235659,0.0,0.0,0.0
2026-09-14 11:47:00-04:00,710.0700073242188,710.1099853515625,709.7999877929688,709.9099731445312,66596,0.0,0.0,0.0
2026-09-14 11:48:00-04:00,709.9000854492188,710.11376953125,709.760009765625,710.0599975585938,76161,0.0,0.0,0.0
2026-09-14 11:49:00-04:00,710.0150146484375,710.0599975585938,709.77001953125,709.7849731445312,57534,0.0,0.0,0.0
2026-09-14 11:50:00-04:00,709.7949829101562,709.9099731445312,709.5599975585938,709.760009765625,87342,0.0,0.0,0.0
2026-09-14 11:51:00-04:00,709.75,709.8300170898438,709.6500244140625,709.8300170898438,45544,0.0,0.0,0.0
2026-09-14 11:52:00-04:00,709.8399047851562,710.1063232421875,709.8399047851562,709.9000244140625,88528,0.0,0.0,0.0
2026-09-14 11:53:00-04:00,709.8699951171875,710.0700073242188,709.7800903320312,710.010009765625,18686,0.0,0.0,0.0
2026-09-14 11:54:00-04:00,710.0150146484375,710.0700073242188,709.8200073242188,710.0009765625,47030,0.0,0.0,0.0
2026-09-14 11:55:00-04:00,710.02001953125,710.02001953125,709.8699951171875,709.905029296875,28784,0.0,0.0,0.0
2026-09-14 11:56:00-04:00,709.8800048828125,709.8983154296875,709.760009765625,709.8599853515625,41347,0.0,0.0,0.0
2026-09-14 11:57:00-04:00,709.8699951171875,710.010009765625,709.8250122070312,709.9199829101562,53776,0.0,0.0,0.0
2026-09-14 11:58:00-04:00,709.9500122070312,710.1300048828125,709.8699951171875,709.8900146484375,54573,0.0,0.0,0.0
2026-09-14 11:59:00-04:00,709.8800048828125,709.8800048828125,709.7100219726562,709.8375854492188,19685,0.0,0.0,0.0
2026-09-14 12:00:00-04:00,709.7899780273438,709.8848876953125,709.469970703125,709.47998046875,56407,0.0,0.0,0.0
2026-09-14 12:01:00-04:00,709.4989013671875,709.6199951171875,709.3900146484375,709.4000244140625,35218,0.0,0.0,0.0
2026-09-14 12:02:00-04:00,709.4249877929688,709.489990234375,709.260009765625,709.3203735351562,23972,0.0,0.0,0.0
2026-09-14 12:03:00-04:00,709.2899780273438,709.4400024414062,709.2200927734375,709.39501953125,69771,0.0,0.0,0.0
2026-09-14 12:04:00-04:00,709.3800048828125,709.4099731445312,709.0999755859375,709.0999755859375,47317,0.0,0.0,0.0
2026-09-14 12:05:00-04:00,709.030029296875,709.10498046875,708.9299926757812,709.0900268554688,71812,0.0,0.0,0.0
2026-09-14 12:06:00-04:00,709.0900268554688,709.3400268554688,709.0650024414062,709.0700073242188,109644,0.0,0.0,0.0
2026-09-14 12:07:00-04:00,709.051025390625,709.239990234375,708.969970703125,709.030029296875,114847,0.0,0.0,0.0
2026-09-14 12:08:00-04:00,709.0399780273438,709.0900268554688,708.8400268554688,709.030029296875,103232,0.0,0.0,0.0
2026-09-14 12:09:00-04:00,709.0,709.0899047851562,708.9199829101562,708.9949951171875,20048,0.0,0.0,0.0
2026-09-14 12:10:00-04:00,709.0,709.3599853515625,708.9600219726562,709.2100219726562,42117,0.0,0.0,0.0
2026-09-14 12:11:00-04:00,709.2000122070312,709.489990234375,709.1699829101562,709.4500122070312,20410,0.0,0.0,0.0
2026-09-14 12:12:00-04:00,709.4400024414062,709.5999145507812,709.3939819335938,709.4849853515625,28286,0.0,0.0,0.0
2026-09-14 12:13:00-04:00,709.5,709.510009765625,709.3599853515625,709.3800048828125,76013,0.0,0.0,0.0
2026-09-14 12:14:00-04:00,709.3900146484375,709.52001953125,709.3400268554688,709.489990234375,15139,0.0,0.0,0.0
2026-09-14 12:15:00-04:00,709.47998046875,710.555419921875,709.47998046875,710.4299926757812,138630,0.0,0.0,0.0
2026-09-14 12:16:00-04:00,710.4199829101562,710.6900024414062,710.4099731445312,710.5999755859375,41504,0.0,0.0,0.0
2026-09-14 12:17:00-04:00,710.5800170898438,710.9044189453125,710.489990234375,710.885009765625,64343,0.0,0.0,0.0
2026-09-14 12:18:00-04:00,710.8699951171875,711.0390014648438,710.75,710.8599853515625,68010,0.0,0.0,0.0
2026-09-14 12:19:00-04:00,710.8599853515625,710.9299926757812,710.7800903320312,710.8150024414062,35600,0.0,0.0,0.0
2026-09-14 12:20:00-04:00,710.8150024414062,710.8699951171875,710.5399780273438,710.6799926757812,48479,0.0,0.0,0.0
2026-09-14 12:21:00-04:00,710.6749877929688,710.6900024414062,710.4691772460938,710.5001220703125,78067,0.0,0.0,0.0
2026-09-14 12:22:00-04:00,710.52001953125,710.6807250976562,710.4299926757812,710.5499877929688,25303,0.0,0.0,0.0
2026-09-14 12:23:00-04:00,710.5537719726562,710.9600219726562,710.5,710.9600219726562,27418,0.0,0.0,0.0
2026-09-14 12:24:00-04:00,710.969970703125,711.1199951171875,710.8599853515625,710.89501953125,37431,0.0,0.0,0.0
2026-09-14 12:25:00-04:00,710.885009765625,710.9400024414062,710.4600219726562,710.510009765625,37305,0.0,0.0,0.0
2026-09-14 12:26:00-04:00,710.5050048828125,710.5050048828125,710.2423095703125,710.280029296875,20938,0.0,0.0,0.0
2026-09-14 12:27:00-04:00,710.260009765625,710.4400024414062,710.2100219726562,710.4400024414062,23915,0.0,0.0,0.0
2026-09-14 12:28:00-04:00,710.4299926757812,710.4299926757812,710.1799926757812,710.1799926757812,15807,0.0,0.0,0.0
2026-09-14 12:29:00-04:00,710.239990234375,710.3499755859375,710.1649780273438,710.2999877929688,23685,0.0,0.0,0.0
2026-09-14 12:30:00-04:00,710.1900024414062,710.298583984375,710.1505126953125,710.1599731445312,18536,0.0,0.0,0.0
2026-09-14 12:31:00-04:00,710.1500854492188,710.6199951171875,710.1199951171875,710.219970703125,131694,0.0,0.0,0.0
2026-09-14 12:32:00-04:00,710.2442016601562,710.530029296875,710.1500244140625,710.3300170898438,43855,0.0,0.0,0.0
2026-09-14 12:33:00-04:00,710.3099975585938,710.47998046875,710.3049926757812,710.375,16908,0.0,0.0,0.0
2026-09-14 12:34:00-04:00,710.360107421875,710.489990234375,710.2200927734375,710.239990234375,23560,0.0,0.0,0.0
2026-09-14 12:35:00-04:00,710.239990234375,710.2449951171875,710.0499877929688,710.1599731445312,25312,0.0,0.0,0.0
2026-09-14 12:36:00-04:00,710.1699829101562,710.280029296875,710.1500244140625,710.239990234375,15201,0.0,0.0,0.0
2026-09-14 12:37:00-04:00,710.2349853515625,710.549072265625,710.219970703125,710.375,20342,0.0,0.0,0.0
2026-09-14 12:38:00-04:00,710.3300170898438,710.530029296875,710.2999877929688,710.4299926757812,36576,0.0,0.0,0.0
2026-09-14 12:39:00-04:00,710.4329833984375,710.5,710.3400268554688,710.489990234375,22640,0.0,0.0,0.0
2026-09-14 12:40:00-04:00,710.4749755859375,710.489990234375,710.3350219726562,710.489990234375,22418,0.0,0.0,0.0
2026-09-14 12:41:00-04:00,710.489990234375,710.5499877929688,710.3699951171875,710.5499877929688,18040,0.0,0.0,0.0
2026-09-14 12:42:00-04:00,710.510009765625,710.6300048828125,710.4299926757812,710.6300048828125,28972,0.0,0.0,0.0
2026-09-14 12:43:00-04:00,710.5599975585938,710.8400268554688,710.5300903320312,710.7150268554688,132452,0.0,0.0,0.0
2026-09-14 12:44:00-04:00,710.7000122070312,710.9000244140625,710.625,710.9000244140625,37208,0.0,0.0,0.0
2026-09-14 12:45:00-04:00,710.9400024414062,710.9400024414062,710.6199951171875,710.72998046875,52819,0.0,0.0,0.0
2026-09-14 12:46:00-04:00,710.739990234375,710.77001953125,710.590087890625,710.6900024414062,33398,0.0,0.0,0.0
2026-09-14 12:47:00-04:00,710.6972045898438,711.5399780273438,710.6599731445312,711.3599853515625,161718,0.0,0.0,0.0
2026-09-14 12:48:00-04:00,711.3800048828125,712.2999877929688,711.3099975585938,712.155029296875,137964,0.0,0.0,0.0
2026-09-14 12:49:00-04:00,712.1199951171875,712.25,711.8599853515625,711.9650268554688,160958,0.0,0.0,0.0
2026-09-14 12:50:00-04:00,711.969970703125,712.0399780273438,711.7369995117188,711.8699951171875,45539,0.0,0.0,0.0
2026-09-14 12:51:00-04:00,711.8599853515625,712.1088256835938,711.8400268554688,712.10498046875,52734,0.0,0.0,0.0
2026-09-14 12:52:00-04:00,712.0449829101562,712.219970703125,711.9100952148438,712.1599731445312,86983,0.0,0.0,0.0
2026-09-14 12:53:00-04:00,712.159912109375,712.1749877929688,711.97998046875,711.97998046875,191362,0.0,0.0,0.0
2026-09-14 12:54:00-04:00,711.97998046875,712.02001953125,711.719970703125,711.760009765625,16801,0.0,0.0,0.0
2026-09-14 12:55:00-04:00,711.760009765625,711.9199829101562,711.719970703125,711.8699951171875,20597,0.0,0.0,0.0
2026-09-14 12:56:00-04:00,711.8599853515625,711.905029296875,711.697998046875,711.7249755859375,15525,0.0,0.0,0.0
2026-09-14 12:57:00-04:00,711.739990234375,711.7999877929688,711.5700073242188,711.5750122070312,22364,0.0,0.0,0.0
2026-09-14 12:58:00-04:00,711.5700073242188,711.6182250976562,711.4000244140625,711.444580078125,30920,0.0,0.0,0.0
2026-09-14 12:59:00-04:00,711.489990234375,711.8599853515625,711.489990234375,711.8599853515625,49210,0.0,0.0,0.0
2026-09-14 13:00:00-04:00,711.8599853515625,712.02001953125,711.72998046875,711.9550170898438,27948,0.0,0.0,0.0
2026-09-14 13:01:00-04:00,711.9199829101562,711.9400024414062,711.6599731445312,711.6900024414062,16590,0.0,0.0,0.0
2026-09-14 13:02:00-04:00,711.6799926757812,711.8900146484375,711.6300048828125,711.72998046875,14214,0.0,0.0,0.0
2026-09-14 13:03:00-04:00,711.760009765625,711.77001953125,711.489990234375,711.6099853515625,21169,0.0,0.0,0.0
2026-09-14 13:04:00-04:00,711.5999755859375,711.72998046875,711.5999755859375,711.6699829101562,26394,0.0,0.0,0.0
2026-09-14 13:05:00-04:00,711.6500244140625,711.7000122070312,711.5999755859375,711.6400146484375,15410,0.0,0.0,0.0
2026-09-14 13:06:00-04:00,711.6649780273438,711.7999267578125,711.6400146484375,711.75,32885,0.0,0.0,0.0
2026-09-14 13:07:00-04:00,711.6699829101562,711.6699829101562,711.5208740234375,711.5650024414062,19536,0.0,0.0,0.0
2026-09-14 13:08:00-04:00,711.5700073242188,711.5999755859375,711.3900146484375,711.5700073242188,30148,0.0,0.0,0.0
2026-09-14 13:09:00-04:00,711.5900268554688,711.739990234375,711.5,711.6699829101562,26389,0.0,0.0,0.0
2026-09-14 13:10:00-04:00,711.6900024414062,711.75,711.6199951171875,711.6400146484375,12355,0.0,0.0,0.0
2026-09-14 13:11:00-04:00,711.6605224609375,712.0,711.6500244140625,711.9199829101562,21725,0.0,0.0,0.0
2026-09-14 13:12:00-04:00,711.9299926757812,712.2861938476562,711.9299926757812,712.0599975585938,41153,0.0,0.0,0.0
2026-09-14 13:13:00-04:00,712.0800170898438,712.0999145507812,711.8200073242188,711.8200073242188,14859,0.0,0.0,0.0
2026-09-14 13:14:00-04:00,711.8099975585938,711.89501953125,711.72998046875,711.7550048828125,14778,0.0,0.0,0.0
2026-09-14 13:15:00-04:00,711.7550048828125,711.85009765625,711.7100219726562,711.8195190429688,15956,0.0,0.0,0.0
2026-09-14 13:16:00-04:00,711.8099975585938,711.8945922851562,711.75,711.8300170898438,10407,0.0,0.0,0.0
2026-09-14 13:17:00-04:00,711.8400268554688,711.9349975585938,711.6199951171875,711.6799926757812,21740,0.0,0.0,0.0
2026-09-14 13:18:00-04:00,711.6699829101562,711.7098999023438,711.3599853515625,711.5,29662,0.0,0.0,0.0
2026-09-14 13:19:00-04:00,711.489990234375,711.5999755859375,711.469970703125,711.5999145507812,25530,0.0,0.0,0.0
2026-09-14 13:20:00-04:00,711.6099853515625,711.969970703125,711.54052734375,711.9099731445312,93748,0.0,0.0,0.0
2026-09-14 13:21:00-04:00,711.8800048828125,711.8900146484375,711.6799926757812,711.6849975585938,9707,0.0,0.0,0.0
2026-09-14 13:22:00-04:00,711.719970703125,711.8699951171875,711.7100219726562,711.8699951171875,28781,0.0,0.0,0.0
2026-09-14 13:23:00-04:00,711.8400268554688,711.9799194335938,711.8093872070312,711.9149780273438,18464,0.0,0.0,0.0
2026-09-14 13:24:00-04:00,711.9199829101562,712.02001953125,711.8900146484375,711.9299926757812,23084,0.0,0.0,0.0
2026-09-14 13:25:00-04:00,711.969970703125,712.1500244140625,711.8499755859375,711.9000244140625,18458,0.0,0.0,0.0
2026-09-14 13:26:00-04:00,711.8989868164062,712.0399169921875,711.7999877929688,712.02001953125,220470,0.0,0.0,0.0
2026-09-14 13:27:00-04:00,712.010009765625,712.0433959960938,711.8599853515625,712.0433959960938,67702,0.0,0.0,0.0
2026-09-14 13:28:00-04:00,712.0250244140625,712.2000122070312,711.969970703125,712.1799926757812,15306,0.0,0.0,0.0
2026-09-14 13:29:00-04:00,712.1749877929688,712.3499755859375,712.0599975585938,712.3480224609375,26928,0.0,0.0,0.0
2026-09-14 13:30:00-04:00,712.3499755859375,712.4500122070312,712.1422119140625,712.4500122070312,63346,0.0,0.0,0.0
2026-09-14 13:31:00-04:00,712.4500122070312,712.47802734375,712.25,712.27001953125,159757,0.0,0.0,0.0
2026-09-14 13:32:00-04:00,712.2999877929688,712.5,712.2999877929688,712.385009765625,128262,0.0,0.0,0.0
2026-09-14 13:33:00-04:00,712.3699951171875,712.4000244140625,712.1099853515625,712.2550048828125,68363,0.0,0.0,0.0
2026-09-14 13:34:00-04:00,712.1950073242188,712.2849731445312,712.1599731445312,712.280029296875,23618,0.0,0.0,0.0
2026-09-14 13:35:00-04:00,712.3049926757812,712.3499755859375,712.1074829101562,712.135009765625,27021,0.0,0.0,0.0
2026-09-14 13:36:00-04:00,712.1599731445312,712.2000122070312,712.0900268554688,712.0900268554688,9230,0.0,0.0,0.0
2026-09-14 13:37:00-04:00,712.1199951171875,712.3049926757812,712.1199951171875,712.2910766601562,27497,0.0,0.0,0.0
2026-09-14 13:38:00-04:00,712.3099975585938,712.4299926757812,712.2584228515625,712.3499755859375,14912,0.0,0.0,0.0
2026-09-14 13:39:00-04:00,712.3350219726562,712.489990234375,712.3300170898438,712.4849853515625,17940,0.0,0.0,0.0
2026-09-14 13:40:00-04:00,712.4700927734375,712.5,712.3485107421875,712.4299926757812,48004,0.0,0.0,0.0
2026-09-14 13:41:00-04:00,712.4299926757812,712.47998046875,712.260009765625,712.260009765625,34512,0.0,0.0,0.0
2026-09-14 13:42:00-04:00,712.2506103515625,712.385009765625,712.219970703125,712.2949829101562,24914,0.0,0.0,0.0
2026-09-14 13:43:00-04:00,712.2949829101562,712.469970703125,712.260009765625,712.4600219726562,21149,0.0,0.0,0.0
2026-09-14 13:44:00-04:00,712.47998046875,712.5,712.3499755859375,712.3809814453125,24075,0.0,0.0,0.0
2026-09-14 13:45:00-04:00,712.4000244140625,712.5905151367188,712.3900146484375,712.47998046875,27646,0.0,0.0,0.0
2026-09-14 13:46:00-04:00,712.47998046875,712.5800170898438,712.4404907226562,712.510009765625,16209,0.0,0.0,0.0
2026-09-14 13:47:00-04:00,712.5,712.6099853515625,712.47998046875,712.5999755859375,16190,0.0,0.0,0.0
2026-09-14 13:48:00-04:00,712.5900268554688,712.7000122070312,712.5900268554688,712.6699829101562,23102,0.0,0.0,0.0
2026-09-14 13:49:00-04:00,712.6749877929688,712.6799926757812,712.5601806640625,712.614990234375,15986,0.0,0.0,0.0
2026-09-14 13:50:00-04:00,712.6300048828125,712.6699829101562,712.5399780273438,712.5399780273438,25218,0.0,0.0,0.0
2026-09-14 13:51:00-04:00,712.5599975585938,712.6599731445312,712.5499877929688,712.6397094726562,21920,0.0,0.0,0.0
2026-09-14 13:52:00-04:00,712.6300048828125,712.7899780273438,712.6104736328125,712.7590942382812,39382,0.0,0.0,0.0
2026-09-14 13:53:00-04:00,712.75,712.8400268554688,712.6500244140625,712.6799926757812,27902,0.0,0.0,0.0
2026-09-14 13:54:00-04:00,712.6900024414062,712.8200073242188,712.6599731445312,712.7349853515625,19735,0.0,0.0,0.0
2026-09-14 13:55:00-04:00,712.739990234375,712.875,712.6900024414062,712.8699951171875,20256,0.0,0.0,0.0
2026-09-14 13:56:00-04:00,712.8699951171875,712.9500122070312,712.8400268554688,712.8800048828125,41376,0.0,0.0,0.0
2026-09-14 13:57:00-04:00,712.8800048828125,712.8800048828125,712.6505126953125,712.7000122070312,53225,0.0,0.0,0.0
2026-09-14 13:58:00-04:00,712.7100219726562,712.72998046875,712.5499877929688,712.5900268554688,22248,0.0,0.0,0.0
2026-09-14 13:59:00-04:00,712.5999755859375,712.6099853515625,712.4000244140625,712.4130249023438,27173,0.0,0.0,0.0
2026-09-14 14:00:00-04:00,712.4550170898438,712.864990234375,712.4199829101562,712.510009765625,67264,0.0,0.0,0.0
2026-09-14 14:01:00-04:00,712.5,712.5499877929688,712.4000854492188,712.4149780273438,32730,0.0,0.0,0.0
2026-09-14 14:02:00-04:00,712.47998046875,712.594970703125,712.4400024414062,712.4400024414062,20785,0.0,0.0,0.0
2026-09-14 14:03:00-04:00,712.4400024414062,712.469970703125,712.2000122070312,712.22998046875,39369,0.0,0.0,0.0
2026-09-14 14:04:00-04:00,712.2100219726562,712.3350219726562,712.2100219726562,712.2949829101562,21425,0.0,0.0,0.0
2026-09-14 14:05:00-04:00,712.2849731445312,712.2899780273438,712.1021728515625,712.2550048828125,22538,0.0,0.0,0.0
2026-09-14 14:06:00-04:00,712.280029296875,712.4500122070312,712.260009765625,712.2994995117188,52106,0.0,0.0,0.0
2026-09-14 14:07:00-04:00,712.280029296875,712.4099731445312,712.2000122070312,712.4000244140625,23025,0.0,0.0,0.0
2026-09-14 14:08:00-04:00,712.3880004882812,712.5900268554688,712.3880004882812,712.52001953125,25089,0.0,0.0,0.0
2026-09-14 14:09:00-04:00,712.530029296875,712.5698852539062,712.4650268554688,712.510009765625,11888,0.0,0.0,0.0
2026-09-14 14:10:00-04:00,712.530029296875,712.530029296875,712.3699951171875,712.4749755859375,11387,0.0,0.0,0.0
2026-09-14 14:11:00-04:00,712.4600219726562,712.5,712.3699951171875,712.3709716796875,10747,0.0,0.0,0.0
2026-09-14 14:12:00-04:00,712.3699951171875,712.469970703125,712.3250122070312,712.3300170898438,12246,0.0,0.0,0.0
2026-09-14 14:13:00-04:00,712.340087890625,712.3599853515625,712.2310180664062,712.3200073242188,18028,0.0,0.0,0.0
2026-09-14 14:14:00-04:00,712.3200073242188,712.4600219726562,712.3200073242188,712.4349975585938,34876,0.0,0.0,0.0
2026-09-14 14:15:00-04:00,712.469970703125,712.6199951171875,712.4299926757812,712.5250244140625,19461,0.0,0.0,0.0
2026-09-14 14:16:00-04:00,712.52001953125,712.52001953125,712.3106079101562,712.3599853515625,14312,0.0,0.0,0.0
2026-09-14 14:17:00-04:00,712.3800048828125,712.3800048828125,712.1900024414062,712.2899780273438,54703,0.0,0.0,0.0
2026-09-14 14:18:00-04:00,712.2849731445312,712.2999877929688,712.1900024414062,712.2899780273438,31336,0.0,0.0,0.0
2026-09-14 14:19:00-04:00,712.2750244140625,712.3421020507812,712.2449951171875,712.2750244140625,13898,0.0,0.0,0.0
2026-09-14 14:20:00-04:00,712.2650146484375,712.2999877929688,712.1900024414062,712.1900024414062,32789,0.0,0.0,0.0
2026-09-14 14:21:00-04:00,712.2050170898438,712.260009765625,712.030029296875,712.041015625,28112,0.0,0.0,0.0
2026-09-14 14:22:00-04:00,712.0499877929688,712.0650024414062,711.9450073242188,711.9550170898438,34464,0.0,0.0,0.0
2026-09-14 14:23:00-04:00,711.9600219726562,712.010009765625,711.9299926757812,711.969482421875,28575,0.0,0.0,0.0
2026-09-14 14:24:00-04:00,711.989990234375,712.0888061523438,711.9199829101562,711.9199829101562,15113,0.0,0.0,0.0
2026-09-14 14:25:00-04:00,711.9099731445312,712.0,711.9099731445312,711.9650268554688,19310,0.0,0.0,0.0
2026-09-14 14:26:00-04:00,711.989990234375,712.0599975585938,711.9199829101562,712.0399780273438,25152,0.0,0.0,0.0
2026-09-14 14:27:00-04:00,712.010009765625,712.0579833984375,711.8599853515625,711.905029296875,51741,0.0,0.0,0.0
2026-09-14 14:28:00-04:00,711.8499755859375,711.9099731445312,711.81201171875,711.8800048828125,80619,0.0,0.0,0.0
2026-09-14 14:29:00-04:00,711.8699951171875,711.9498901367188,711.8599853515625,711.9099731445312,23427,0.0,0.0,0.0
2026-09-14 14:30:00-04:00,711.9500122070312,712.0399169921875,711.9000244140625,711.9949951171875,88750,0.0,0.0,0.0
2026-09-14 14:31:00-04:00,712.010009765625,712.02001953125,711.8499755859375,711.9000244140625,28835,0.0,0.0,0.0
2026-09-14 14:32:00-04:00,711.9000244140625,712.0399780273438,711.9000244140625,711.97998046875,24724,0.0,0.0,0.0
2026-09-14 14:33:00-04:00,711.989990234375,712.219970703125,711.989990234375,712.1799926757812,31725,0.0,0.0,0.0
2026-09-14 14:34:00-04:00,712.1699829101562,712.27001953125,712.1300048828125,712.130126953125,118777,0.0,0.0,0.0
2026-09-14 14:35:00-04:00,712.1300048828125,712.1599731445312,712.0449829101562,712.1500244140625,14945,0.0,0.0,0.0
2026-09-14 14:36:00-04:00,712.1500244140625,712.2849731445312,712.1500244140625,712.2150268554688,35336,0.0,0.0,0.0
2026-09-14 14:37:00-04:00,712.2000122070312,712.4099731445312,712.2000122070312,712.3350219726562,20933,0.0,0.0,0.0
2026-09-14 14:38:00-04:00,712.3400268554688,712.3900146484375,712.2949829101562,712.3049926757812,8953,0.0,0.0,0.0
2026-09-14 14:39:00-04:00,712.3099975585938,712.3197021484375,712.22998046875,712.2589721679688,9103,0.0,0.0,0.0
2026-09-14 14:40:00-04:00,712.2125244140625,712.3200073242188,712.1500244140625,712.3099975585938,9062,0.0,0.0,0.0
2026-09-14 14:41:00-04:00,712.3200073242188,712.3800048828125,712.2899780273438,712.3400268554688,17325,0.0,0.0,0.0
2026-09-14 14:42:00-04:00,712.3200073242188,712.3900146484375,712.2100219726562,712.3699951171875,12887,0.0,0.0,0.0
2026-09-14 14:43:00-04:00,712.3699951171875,712.4199829101562,712.280029296875,712.2899780273438,17333,0.0,0.0,0.0
2026-09-14 14:44:00-04:00,712.280029296875,712.2855224609375,712.1300048828125,712.1300048828125,125961,0.0,0.0,0.0
2026-09-14 14:45:00-04:00,712.1500244140625,712.2000122070312,712.1099853515625,712.1300048828125,18350,0.0,0.0,0.0
2026-09-14 14:46:00-04:00,712.1699829101562,712.1898803710938,711.7999877929688,711.875,118607,0.0,0.0,0.0
2026-09-14 14:47:00-04:00,711.8800048828125,712.0999755859375,711.844970703125,712.0447998046875,54434,0.0,0.0,0.0
2026-09-14 14:48:00-04:00,712.0800170898438,712.125,711.969970703125,712.1099853515625,21828,0.0,0.0,0.0
2026-09-14 14:49:00-04:00,712.0701293945312,712.22998046875,712.02001953125,712.1799926757812,17569,0.0,0.0,0.0
2026-09-14 14:50:00-04:00,712.1749877929688,712.25,712.0800170898438,712.0800170898438,24241,0.0,0.0,0.0
2026-09-14 14:51:00-04:00,712.1340942382812,712.1340942382812,711.989990234375,712.0399780273438,13638,0.0,0.0,0.0
2026-09-14 14:52:00-04:00,712.0549926757812,712.1900024414062,712.0499877929688,712.1599731445312,11627,0.0,0.0,0.0
2026-09-14 14:53:00-04:00,712.1699829101562,712.1699829101562,712.0599975585938,712.1199951171875,10782,0.0,0.0,0.0
2026-09-14 14:54:00-04:00,712.0916137695312,712.119873046875,711.97998046875,712.0399780273438,18768,0.0,0.0,0.0
2026-09-14 14:55:00-04:00,711.989990234375,712.0150146484375,711.8699951171875,711.989990234375,10287,0.0,0.0,0.0
2026-09-14 14:56:00-04:00,711.989990234375,712.0800170898438,711.9849853515625,712.0499877929688,20509,0.0,0.0,0.0
2026-09-14 14:57:00-04:00,712.0499877929688,712.0999755859375,711.9199829101562,711.9199829101562,18713,0.0,0.0,0.0
2026-09-14 14:58:00-04:00,711.9099731445312,711.9299926757812,711.7424926757812,711.8200073242188,32678,0.0,0.0,0.0
2026-09-14 14:59:00-04:00,711.8298950195312,711.8699951171875,711.8167724609375,711.8400268554688,15077,0.0,0.0,0.0
2026-09-14 15:00:00-04:00,711.8300170898438,711.8599853515625,711.5700073242188,711.6420288085938,26924,0.0,0.0,0.0
2026-09-14 15:01:00-04:00,711.6500244140625,711.6849975585938,711.5700073242188,711.6300048828125,41383,0.0,0.0,0.0
2026-09-14 15:02:00-04:00,711.6400146484375,711.7098999023438,711.5750122070312,711.5750122070312,15476,0.0,0.0,0.0
2026-09-14 15:03:00-04:00,711.5900268554688,711.7100219726562,711.5399780273438,711.6199951171875,33400,0.0,0.0,0.0
2026-09-14 15:04:00-04:00,711.6099853515625,711.8499755859375,711.4801025390625,711.6300048828125,83777,0.0,0.0,0.0
2026-09-14 15:05:00-04:00,711.614990234375,711.6699829101562,711.4400024414062,711.4600219726562,34115,0.0,0.0,0.0
2026-09-14 15:06:00-04:00,711.4400024414062,711.510009765625,711.3200073242188,711.3300170898438,78659,0.0,0.0,0.0
2026-09-14 15:07:00-04:00,711.3400268554688,711.4310302734375,711.25,711.25,24070,0.0,0.0,0.0
2026-09-14 15:08:00-04:00,711.25,711.2999877929688,711.135009765625,711.2899780273438,37959,0.0,0.0,0.0
2026-09-14 15:09:00-04:00,711.2949829101562,711.510009765625,711.2750244140625,711.3049926757812,20996,0.0,0.0,0.0
2026-09-14 15:10:00-04:00,711.3099975585938,711.3499755859375,711.239990234375,711.2999877929688,15394,0.0,0.0,0.0
2026-09-14 15:11:00-04:00,711.3099975585938,711.3150024414062,711.219970703125,711.2999877929688,19825,0.0,0.0,0.0
2026-09-14 15:12:00-04:00,711.29052734375,711.4349975585938,711.260009765625,711.2999877929688,16365,0.0,0.0,0.0
2026-09-14 15:13:00-04:00,711.280029296875,711.280029296875,711.1300048828125,711.1300048828125,36175,0.0,0.0,0.0
2026-09-14 15:14:00-04:00,711.1199951171875,711.2999877929688,711.1199951171875,711.22998046875,121725,0.0,0.0,0.0
2026-09-14 15:15:00-04:00,711.239990234375,711.239990234375,710.9990234375,711.030029296875,56190,0.0,0.0,0.0
2026-09-14 15:16:00-04:00,711.0200805664062,711.1199951171875,711.0200805664062,711.0800170898438,21394,0.0,0.0,0.0
2026-09-14 15:17:00-04:00,711.0999755859375,711.1199951171875,711.0349731445312,711.0850219726562,16200,0.0,0.0,0.0
2026-09-14 15:18:00-04:00,711.0900268554688,711.1400146484375,711.010009765625,711.030029296875,33322,0.0,0.0,0.0
2026-09-14 15:19:00-04:00,711.0399780273438,711.1599731445312,710.9500732421875,711.1599731445312,51995,0.0,0.0,0.0
2026-09-14 15:20:00-04:00,711.1500244140625,711.2100219726562,711.0399780273438,711.072021484375,28657,0.0,0.0,0.0
2026-09-14 15:21:00-04:00,711.0599975585938,711.0800170898438,710.9299926757812,710.9849853515625,138766,0.0,0.0,0.0
2026-09-14 15:22:00-04:00,710.9949951171875,711.0,710.85498046875,710.9146728515625,21771,0.0,0.0,0.0
2026-09-14 15:23:00-04:00,710.9100952148438,710.9400024414062,710.85498046875,710.9400024414062,42770,0.0,0.0,0.0
2026-09-14 15:24:00-04:00,710.9099731445312,711.0700073242188,710.9000244140625,711.0419921875,24838,0.0,0.0,0.0
2026-09-14 15:25:00-04:00,711.0650024414062,711.1500244140625,710.989990234375,710.9949951171875,29806,0.0,0.0,0.0
2026-09-14 15:26:00-04:00,710.9949951171875,711.125,710.990478515625,711.0700073242188,42972,0.0,0.0,0.0
2026-09-14 15:27:00-04:00,711.0800170898438,711.1500244140625,711.0599975585938,711.0599975585938,144094,0.0,0.0,0.0
2026-09-14 15:28:00-04:00,711.0800170898438,711.1799926757812,711.0449829101562,711.1500244140625,14706,0.0,0.0,0.0
2026-09-14 15:29:00-04:00,711.1400146484375,711.1699829101562,711.0349731445312,711.0349731445312,33314,0.0,0.0,0.0
2026-09-14 15:30:00-04:00,711.030029296875,711.1799926757812,711.0,711.02001953125,65361,0.0,0.0,0.0
2026-09-14 15:31:00-04:00,711.0399780273438,711.1596069335938,711.030029296875,711.0399780273438,29285,0.0,0.0,0.0
2026-09-14 15:32:00-04:00,711.0499877929688,711.1400146484375,711.02001953125,711.0399780273438,23377,0.0,0.0,0.0
2026-09-14 15:33:00-04:00,711.030029296875,711.0850219726562,710.969970703125,710.97998046875,140377,0.0,0.0,0.0
2026-09-14 15:34:00-04:00,710.9849853515625,711.0582275390625,710.969970703125,710.97998046875,28766,0.0,0.0,0.0
2026-09-14 15:35:00-04:00,711.0,711.0150146484375,710.7327880859375,710.7498779296875,47177,0.0,0.0,0.0
2026-09-14 15:36:00-04:00,710.7349853515625,710.8499755859375,710.7000122070312,710.72998046875,118277,0.0,0.0,0.0
2026-09-14 15:37:00-04:00,710.760009765625,710.8900146484375,710.7449951171875,710.8499145507812,38326,0.0,0.0,0.0
2026-09-14 15:38:00-04:00,710.8350219726562,710.8350219726562,710.739990234375,710.7449951171875,14426,0.0,0.0,0.0
2026-09-14 15:39:00-04:00,710.739990234375,710.77001953125,710.6799926757812,710.6900024414062,155015,0.0,0.0,0.0
2026-09-14 15:40:00-04:00,710.69873046875,710.9299926757812,710.6649780273438,710.9299926757812,60391,0.0,0.0,0.0
2026-09-14 15:41:00-04:00,710.9249877929688,710.9299926757812,710.8150024414062,710.8699951171875,146324,0.0,0.0,0.0
2026-09-14 15:42:00-04:00,710.8800048828125,710.905029296875,710.780029296875,710.7899780273438,39353,0.0,0.0,0.0
2026-09-14 15:43:00-04:00,710.7899780273438,710.8499755859375,710.739990234375,710.739990234375,153760,0.0,0.0,0.0
2026-09-14 15:44:00-04:00,710.75,710.8200073242188,710.7138061523438,710.780029296875,40774,0.0,0.0,0.0
2026-09-14 15:45:00-04:00,710.72998046875,710.9249877929688,710.72998046875,710.9249877929688,414306,0.0,0.0,0.0
2026-09-14 15:46:00-04:00,710.9299926757812,711.010009765625,710.8499755859375,710.864990234375,190239,0.0,0.0,0.0
2026-09-14 15:47:00-04:00,710.8599853515625,710.9600219726562,710.8099975585938,710.9000244140625,74411,0.0,0.0,0.0
2026-09-14 15:48:00-04:00,710.9149780273438,710.9299926757812,710.8200073242188,710.8599853515625,176818,0.0,0.0,0.0
2026-09-14 15:49:00-04:00,710.8800048828125,710.97998046875,710.7899780273438,710.9650268554688,64232,0.0,0.0,0.0
2026-09-14 15:50:00-04:00,710.9199829101562,711.0,710.4650268554688,710.4749755859375,268950,0.0,0.0,0.0
2026-09-14 15:51:00-04:00,710.47998046875,710.5,710.2999877929688,710.4099731445312,159424,0.0,0.0,0.0
2026-09-14 15:52:00-04:00,710.4099731445312,710.5700073242188,710.22998046875,710.311279296875,119712,0.0,0.0,0.0
2026-09-14 15:53:00-04:00,710.2999877929688,710.3200073242188,710.0700073242188,710.1799926757812,384340,0.0,0.0,0.0
2026-09-14 15:54:00-04:00,710.1749877929688,710.3499755859375,710.1400146484375,710.210205078125,388088,0.0,0.0,0.0
2026-09-14 15:55:00-04:00,710.2100219726562,710.2100219726562,709.4600219726562,709.5499877929688,758261,0.0,0.0,0.0
2026-09-14 15:56:00-04:00,709.5399780273438,709.780029296875,709.47998046875,709.6099853515625,592668,0.0,0.0,0.0
2026-09-14 15:57:00-04:00,709.614990234375,709.7100219726562,709.3900146484375,709.6599731445312,367500,0.0,0.0,0.0
2026-09-14 15:58:00-04:00,709.6500244140625,709.7550048828125,709.5250244140625,709.6300048828125,558760,0.0,0.0,0.0
2026-09-14 15:59:00-04:00,709.6300048828125,709.7050170898438,709.0900268554688,709.1599731445312,968915,0.0,0.0,0.0
2026-09-15 09:30:00-04:00,708.760009765625,708.8099975585938,708.2000122070312,708.5700073242188,1463809,0.0,0.0,0.0
2026-09-15 09:31:00-04:00,708.6199951171875,708.6199951171875,707.6400146484375,707.6900024414062,183103,0.0,0.0,0.0
2026-09-15 09:32:00-04:00,707.739990234375,708.135009765625,707.6300048828125,708.135009765625,65362,0.0,0.0,0.0
2026-09-15 09:33:00-04:00,708.1300048828125,708.6099853515625,707.950927734375,707.9600219726562,119452,0.0,0.0,0.0
2026-09-15 09:34:00-04:00,707.9550170898438,708.219970703125,707.5599975585938,707.8800048828125,94532,0.0,0.0,0.0
2026-09-15 09:35:00-04:00,707.885009765625,708.6300048828125,707.885009765625,708.52001953125,149531,0.0,0.0,0.0
2026-09-15 09:36:00-04:00,708.4949951171875,708.719970703125,708.3099975585938,708.5050048828125,144875,0.0,0.0,0.0
2026-09-15 09:37:00-04:00,708.5150146484375,708.72998046875,708.3800048828125,708.530029296875,72051,0.0,0.0,0.0
2026-09-15 09:38:00-04:00,708.5250244140625,709.0999755859375,708.3200073242188,709.0,119931,0.0,0.0,0.0
2026-09-15 09:39:00-04:00,708.97998046875,709.22802734375,708.780029296875,708.97998046875,82603,0.0,0.0,0.0
2026-09-15 09:40:00-04:00,708.97998046875,709.0700073242188,708.5599975585938,709.0,102444,0.0,0.0,0.0
2026-09-15 09:41:00-04:00,708.989990234375,709.1500244140625,708.5599975585938,708.780029296875,77156,0.0,0.0,0.0
2026-09-15 09:42:00-04:00,708.7949829101562,708.9500122070312,708.4500122070312,708.4949951171875,57392,0.0,0.0,0.0
2026-09-15 09:43:00-04:00,708.4749755859375,708.8499755859375,708.4000244140625,708.7999877929688,177237,0.0,0.0,0.0
2026-09-15 09:44:00-04:00,708.780029296875,709.22998046875,708.75,709.14501953125,152069,0.0,0.0,0.0
2026-09-15 09:45:00-04:00,709.1300048828125,709.5299072265625,708.989990234375,708.989990234375,209850,0.0,0.0,0.0
2026-09-15 09:46:00-04:00,708.989990234375,709.3099975585938,708.9849853515625,709.1801147460938,75843,0.0,0.0,0.0
2026-09-15 09:47:00-04:00,709.25,709.260009765625,708.8250122070312,708.969970703125,60256,0.0,0.0,0.0
2026-09-15 09:48:00-04:00,708.969970703125,709.181884765625,708.8800048828125,709.0700073242188,43825,0.0,0.0,0.0
2026-09-15 09:49:00-04:00,709.0999755859375,709.0999755859375,708.8300170898438,708.97998046875,47145,0.0,0.0,0.0
2026-09-15 09:50:00-04:00,708.9650268554688,709.0900268554688,708.6400146484375,708.6599731445312,71298,0.0,0.0,0.0
2026-09-15 09:51:00-04:00,708.6799926757812,708.8200073242188,708.52001953125,708.719970703125,78258,0.0,0.0,0.0
2026-09-15 09:52:00-04:00,708.7100219726562,708.9550170898438,708.4299926757812,708.8599853515625,68608,0.0,0.0,0.0
2026-09-15 09:53:00-04:00,708.8499755859375,709.1099243164062,708.6400146484375,709.1099243164062,52299,0.0,0.0,0.0
2026-09-15 09:54:00-04:00,709.1099853515625,709.1353759765625,708.802490234375,708.9849853515625,88604,0.0,0.0,0.0
2026-09-15 09:55:00-04:00,708.9849853515625,709.0250244140625,708.6900024414062,708.9749755859375,49354,0.0,0.0,0.0
2026-09-15 09:56:00-04:00,708.92138671875,709.010009765625,708.64501953125,708.780029296875,28261,0.0,0.0,0.0
2026-09-15 09:57:00-04:00,708.760009765625,709.0700073242188,708.739990234375,709.0,38970,0.0,0.0,0.0
2026-09-15 09:58:00-04:00,709.030029296875,709.1599731445312,709.0,709.1300048828125,44878,0.0,0.0,0.0
2026-09-15 09:59:00-04:00,709.1199951171875,709.1300048828125,708.802978515625,708.9500122070312,41788,0.0,0.0,0.0
2026-09-15 10:00:00-04:00,708.9500122070312,709.010009765625,708.7000122070312,708.8400268554688,79861,0.0,0.0,0.0
2026-09-15 10:01:00-04:00,708.8200073242188,708.8300170898438,708.5700073242188,708.780029296875,60002,0.0,0.0,0.0
2026-09-15 10:02:00-04:00,708.7650146484375,708.8499755859375,708.655029296875,708.6799926757812,17246,0.0,0.0,0.0
2026-09-15 10:03:00-04:00,708.72998046875,708.760009765625,708.2999877929688,708.3350219726562,148155,0.0,0.0,0.0
2026-09-15 10:04:00-04:00,708.3099975585938,708.5189819335938,708.1900024414062,708.1900024414062,149488,0.0,0.0,0.0
2026-09-15 10:05:00-04:00,708.1900024414062,708.3399047851562,708.0,708.030029296875,65663,0.0,0.0,0.0
2026-09-15 10:06:00-04:00,708.0449829101562,708.3400268554688,707.9199829101562,707.9299926757812,52266,0.0,0.0,0.0
2026-09-15 10:07:00-04:00,707.9000244140625,707.9299926757812,707.5999755859375,707.9000244140625,71174,0.0,0.0,0.0
2026-09-15 10:08:00-04:00,707.8900146484375,707.9500122070312,707.760009765625,707.8400268554688,50069,0.0,0.0,0.0
2026-09-15 10:09:00-04:00,707.8499755859375,707.9000244140625,707.6300048828125,707.7899780273438,41604,0.0,0.0,0.0
2026-09-15 10:10:00-04:00,707.7800903320312,707.7999877929688,707.3709716796875,707.4000244140625,61699,0.0,0.0,0.0
2026-09-15 10:11:00-04:00,707.4099731445312,707.4260864257812,707.0599975585938,707.2650146484375,97147,0.0,0.0,0.0
2026-09-15 10:12:00-04:00,707.27001953125,707.2949829101562,707.0499877929688,707.219970703125,88385,0.0,0.0,0.0
2026-09-15 10:13:00-04:00,707.2216796875,707.3350219726562,706.8599853515625,706.8599853515625,85684,0.0,0.0,0.0
2026-09-15 10:14:00-04:00,706.8499755859375,707.0999755859375,706.8200073242188,706.9249877929688,85578,0.0,0.0,0.0
2026-09-15 10:15:00-04:00,706.9299926757812,707.1400146484375,706.864990234375,707.0800170898438,61616,0.0,0.0,0.0
2026-09-15 10:16:00-04:00,707.0700073242188,707.3599853515625,706.9400024414062,707.127685546875,80882,0.0,0.0,0.0
2026-09-15 10:17:00-04:00,707.1400146484375,707.27001953125,706.9299926757812,707.27001953125,63136,0.0,0.0,0.0
2026-09-15 10:18:00-04:00,707.25,707.4299926757812,707.0750122070312,707.22998046875,57236,0.0,0.0,0.0
2026-09-15 10:19:00-04:00,707.22998046875,707.3699951171875,707.0999755859375,707.239990234375,56567,0.0,0.0,0.0
2026-09-15 10:20:00-04:00,707.2349853515625,707.3900146484375,707.1300048828125,707.260009765625,73577,0.0,0.0,0.0
2026-09-15 10:21:00-04:00,707.259521484375,707.280029296875,706.5399780273438,706.5399780273438,71377,0.0,0.0,0.0
2026-09-15 10:22:00-04:00,706.5700073242188,706.5800170898438,706.14501953125,706.2349853515625,78010,0.0,0.0,0.0
2026-09-15 10:23:00-04:00,706.22998046875,706.22998046875,705.9500122070312,706.02001953125,88296,0.0,0.0,0.0
2026-09-15 10:24:00-04:00,706.0,706.6749877929688,706.0,706.5399780273438,78997,0.0,0.0,0.0
2026-09-15 10:25:00-04:00,706.5700073242188,706.635009765625,706.3200073242188,706.4199829101562,77179,0.0,0.0,0.0
2026-09-15 10:26:00-04:00,706.4199829101562,706.489990234375,706.2916259765625,706.4600219726562,41817,0.0,0.0,0.0
2026-09-15 10:27:00-04:00,706.4000244140625,706.5900268554688,706.3150024414062,706.4299926757812,21788,0.0,0.0,0.0
2026-09-15 10:28:00-04:00,706.4400024414062,706.7999877929688,706.4099731445312,706.739990234375,29423,0.0,0.0,0.0
2026-09-15 10:29:00-04:00,706.75,706.75,706.530029296875,706.5549926757812,33402,0.0,0.0,0.0
2026-09-15 10:30:00-04:00,706.5499877929688,706.6651000976562,706.1699829101562,706.1699829101562,56458,0.0,0.0,0.0
2026-09-15 10:31:00-04:00,706.1599731445312,706.72998046875,706.090087890625,706.6900024414062,62530,0.0,0.0,0.0
2026-09-15 10:32:00-04:00,706.6900024414062,706.6900024414062,706.260009765625,706.3499755859375,119186,0.0,0.0,0.0
2026-09-15 10:33:00-04:00,706.35498046875,706.7100219726562,706.2100219726562,706.2999877929688,76315,0.0,0.0,0.0
2026-09-15 10:34:00-04:00,706.2750244140625,706.3099975585938,705.9600219726562,706.1099853515625,109813,0.0,0.0,0.0
2026-09-15 10:35:00-04:00,706.1300048828125,706.3400268554688,706.0850219726562,706.2100219726562,46116,0.0,0.0,0.0
2026-09-15 10:36:00-04:00,706.1799926757812,706.3300170898438,706.0499877929688,706.2586059570312,40259,0.0,0.0,0.0
2026-09-15 10:37:00-04:00,706.2949829101562,706.3400268554688,705.8599853515625,705.97998046875,84388,0.0,0.0,0.0
2026-09-15 10:38:00-04:00,705.9412231445312,705.9412231445312,705.5800170898438,705.6900024414062,73432,0.0,0.0,0.0
2026-09-15 10:39:00-04:00,705.739990234375,705.8499755859375,705.5800170898438,705.7000122070312,53811,0.0,0.0,0.0
2026-09-15 10:40:00-04:00,705.655029296875,705.655029296875,705.2999877929688,705.3499145507812,68100,0.0,0.0,0.0
2026-09-15 10:41:00-04:00,705.3499755859375,705.530029296875,705.340576171875,705.3800048828125,99011,0.0,0.0,0.0
2026-09-15 10:42:00-04:00,705.389892578125,705.6500244140625,705.3300170898438,705.52001953125,71895,0.0,0.0,0.0
2026-09-15 10:43:00-04:00,705.5250244140625,705.659912109375,705.364990234375,705.4000244140625,62239,0.0,0.0,0.0
2026-09-15 10:44:00-04:00,705.4099731445312,705.5900268554688,705.4099731445312,705.5850219726562,24689,0.0,0.0,0.0
2026-09-15 10:45:00-04:00,705.594970703125,705.72998046875,705.5399780273438,705.6599731445312,47041,0.0,0.0,0.0
2026-09-15 10:46:00-04:00,705.6699829101562,705.9199829101562,705.5700073242188,705.7849731445312,60671,0.0,0.0,0.0
2026-09-15 10:47:00-04:00,705.77001953125,705.8049926757812,705.5700073242188,705.7299194335938,45210,0.0,0.0,0.0
2026-09-15 10:48:00-04:00,705.719970703125,705.719970703125,705.344970703125,705.3599853515625,56901,0.0,0.0,0.0
2026-09-15 10:49:00-04:00,705.3800048828125,705.4000244140625,705.1300048828125,705.1300048828125,91356,0.0,0.0,0.0
2026-09-15 10:50:00-04:00,705.0999755859375,705.1010131835938,704.760986328125,704.8798828125,133059,0.0,0.0,0.0
2026-09-15 10:51:00-04:00,704.89501953125,705.1950073242188,704.1699829101562,704.2249755859375,190234,0.0,0.0,0.0
2026-09-15 10:52:00-04:00,704.2100219726562,704.4600219726562,704.135009765625,704.4099731445312,144696,0.0,0.0,0.0
2026-09-15 10:53:00-04:00,704.4099731445312,704.4099731445312,703.906005859375,704.14990234375,120963,0.0,0.0,0.0
2026-09-15 10:54:00-04:00,704.1500244140625,704.530029296875,704.1500244140625,704.4749755859375,96667,0.0,0.0,0.0
2026-09-15 10:55:00-04:00,704.4749755859375,704.510009765625,704.2100219726562,704.3900146484375,77146,0.0,0.0,0.0
2026-09-15 10:56:00-04:00,704.3599853515625,704.5250244140625,704.22998046875,704.5250244140625,63282,0.0,0.0,0.0
2026-09-15 10:57:00-04:00,704.5250244140625,704.8300170898438,704.4500122070312,704.8250122070312,73199,0.0,0.0,0.0
2026-09-15 10:58:00-04:00,704.8250122070312,704.9099731445312,704.4400024414062,704.8049926757812,73724,0.0,0.0,0.0
2026-09-15 10:59:00-04:00,704.8099975585938,704.844970703125,704.469970703125,704.47998046875,45760,0.0,0.0,0.0
2026-09-15 11:00:00-04:00,704.4749755859375,704.989990234375,704.4749755859375,704.8699951171875,73030,0.0,0.0,0.0
2026-09-15 11:01:00-04:00,704.8599853515625,705.1680297851562,704.6099853515625,705.1680297851562,73703,0.0,0.0,0.0
2026-09-15 11:02:00-04:00,705.1376953125,705.1500244140625,704.760009765625,704.844970703125,83999,0.0,0.0,0.0
2026-09-15 11:03:00-04:00,704.8599853515625,705.3900146484375,704.790771484375,705.389892578125,60110,0.0,0.0,0.0
2026-09-15 11:04:00-04:00,705.3599853515625,705.5399780273438,705.3099975585938,705.5399780273438,66454,0.0,0.0,0.0
2026-09-15 11:05:00-04:00,705.5399780273438,705.6599731445312,705.4199829101562,705.469970703125,54560,0.0,0.0,0.0
2026-09-15 11:06:00-04:00,705.44189453125,705.5198974609375,705.3800048828125,705.4450073242188,47916,0.0,0.0,0.0
2026-09-15 11:07:00-04:00,705.4400024414062,705.5900268554688,705.3599853515625,705.52001953125,48210,0.0,0.0,0.0
2026-09-15 11:08:00-04:00,705.5,705.5,705.3099975585938,705.360107421875,43754,0.0,0.0,0.0
2026-09-15 11:09:00-04:00,705.3900146484375,705.47998046875,705.1599731445312,705.2899780273438,25499,0.0,0.0,0.0
2026-09-15 11:10:00-04:00,705.2849731445312,705.4500122070312,705.0900268554688,705.1099853515625,39960,0.0,0.0,0.0
2026-09-15 11:11:00-04:00,705.1199951171875,705.1900024414062,704.9500122070312,705.1693725585938,54288,0.0,0.0,0.0
2026-09-15 11:12:00-04:00,705.1749877929688,705.3051147460938,704.97998046875,705.1901245117188,99491,0.0,0.0,0.0
2026-09-15 11:13:00-04:00,705.1849975585938,705.280029296875,704.969970703125,705.0,149883,0.0,0.0,0.0
2026-09-15 11:14:00-04:00,705.0050048828125,705.3599853515625,705.0050048828125,705.2750244140625,56788,0.0,0.0,0.0
2026-09-15 11:15:00-04:00,705.27001953125,705.39501953125,705.1699829101562,705.27001953125,36306,0.0,0.0,0.0
2026-09-15 11:16:00-04:00,705.260009765625,705.4600219726562,705.0999755859375,705.4249877929688,28727,0.0,0.0,0.0
2026-09-15 11:17:00-04:00,705.4249877929688,705.5800170898438,705.3800048828125,705.5549926757812,41959,0.0,0.0,0.0
2026-09-15 11:18:00-04:00,705.5549926757812,705.75,705.52001953125,705.7100219726562,57824,0.0,0.0,0.0
2026-09-15 11:19:00-04:00,705.75,705.760009765625,705.530029296875,705.5700073242188,37432,0.0,0.0,0.0
2026-09-15 11:20:00-04:00,705.5800170898438,705.5800170898438,705.3350219726562,705.3594970703125,53075,0.0,0.0,0.0
2026-09-15 11:21:00-04:00,705.3800048828125,705.3900146484375,705.135009765625,705.22998046875,31882,0.0,0.0,0.0
2026-09-15 11:22:00-04:00,705.260009765625,705.5499877929688,705.1900024414062,705.27001953125,32099,0.0,0.0,0.0
2026-09-15 11:23:00-04:00,705.280029296875,705.77001953125,705.280029296875,705.72021484375,39261,0.0,0.0,0.0
2026-09-15 11:24:00-04:00,705.7000122070312,705.7000122070312,705.5700073242188,705.5750122070312,25744,0.0,0.0,0.0
2026-09-15 11:25:00-04:00,705.5999755859375,705.6900024414062,705.5399780273438,705.6597900390625,19692,0.0,0.0,0.0
2026-09-15 11:26:00-04:00,705.669921875,705.7100219726562,705.4099731445312,705.5800170898438,53835,0.0,0.0,0.0
2026-09-15 11:27:00-04:00,705.60009765625,705.7999877929688,705.5599975585938,705.7999877929688,46236,0.0,0.0,0.0
2026-09-15 11:28:00-04:00,705.780029296875,705.8099975585938,705.5599975585938,705.6156005859375,21195,0.0,0.0,0.0
2026-09-15 11:29:00-04:00,705.6400146484375,705.6594848632812,705.4804077148438,705.6594848632812,23116,0.0,0.0,0.0
2026-09-15 11:30:00-04:00,705.6599731445312,705.7100219726562,705.4600219726562,705.489990234375,25211,0.0,0.0,0.0
2026-09-15 11:31:00-04:00,705.489990234375,705.530029296875,705.239990234375,705.2899780273438,21176,0.0,0.0,0.0
2026-09-15 11:32:00-04:00,705.27001953125,705.27001953125,704.9625244140625,705.1099853515625,71727,0.0,0.0,0.0
2026-09-15 11:33:00-04:00,705.0999755859375,705.3300170898438,705.0,705.0800170898438,48571,0.0,0.0,0.0
2026-09-15 11:34:00-04:00,705.0900268554688,705.4600219726562,705.0399780273438,705.4199829101562,64294,0.0,0.0,0.0
2026-09-15 11:35:00-04:00,705.4600219726562,705.52001953125,705.2550048828125,705.27001953125,20048,0.0,0.0,0.0
2026-09-15 11:36:00-04:00,705.2899780273438,705.6300048828125,705.2899780273438,705.594970703125,18208,0.0,0.0,0.0
2026-09-15 11:37:00-04:00,705.5607299804688,705.5607299804688,705.2000122070312,705.2633056640625,15604,0.0,0.0,0.0
2026-09-15 11:38:00-04:00,705.280029296875,705.4500122070312,705.2728271484375,705.4201049804688,23046,0.0,0.0,0.0
2026-09-15 11:39:00-04:00,705.4500122070312,705.4500122070312,705.2100219726562,705.2100219726562,22775,0.0,0.0,0.0
2026-09-15 11:40:00-04:00,705.1901245117188,705.5399169921875,705.1901245117188,705.5399169921875,24548,0.0,0.0,0.0
2026-09-15 11:41:00-04:00,705.5399169921875,705.6900024414062,705.4000244140625,705.6099853515625,71662,0.0,0.0,0.0
2026-09-15 11:42:00-04:00,705.6099853515625,705.6798706054688,705.5800170898438,705.6599731445312,23310,0.0,0.0,0.0
2026-09-15 11:43:00-04:00,705.6400146484375,705.8048095703125,705.530029296875,705.7949829101562,141923,0.0,0.0,0.0
2026-09-15 11:44:00-04:00,705.760009765625,705.7999877929688,705.5750122070312,705.5999755859375,70229,0.0,0.0,0.0
2026-09-15 11:45:00-04:00,705.5800170898438,705.6500244140625,705.4464721679688,705.530029296875,24761,0.0,0.0,0.0
2026-09-15 11:46:00-04:00,705.5300903320312,705.5700073242188,705.3200073242188,705.4500122070312,30125,0.0,0.0,0.0
2026-09-15 11:47:00-04:00,705.489990234375,705.4998779296875,705.25,705.2598876953125,15525,0.0,0.0,0.0
2026-09-15 11:48:00-04:00,705.2449951171875,705.3800048828125,705.239990234375,705.2949829101562,36190,0.0,0.0,0.0
2026-09-15 11:49:00-04:00,705.2949829101562,705.3099975585938,704.97998046875,705.0999755859375,41160,0.0,0.0,0.0
2026-09-15 11:50:00-04:00,705.0999755859375,705.8699951171875,705.0800170898438,705.5,200489,0.0,0.0,0.0
2026-09-15 11:51:00-04:00,705.5,705.510009765625,705.2849731445312,705.2849731445312,43127,0.0,0.0,0.0
2026-09-15 11:52:00-04:00,705.280029296875,705.5,705.280029296875,705.363525390625,12073,0.0,0.0,0.0
2026-09-15 11:53:00-04:00,705.3400268554688,705.489990234375,705.3400268554688,705.4099731445312,0,0.0,0.0,0.0
2026-09-15 11:54:00-04:00,705.4149780273438,705.4249877929688,705.260009765625,705.375,14491,0.0,0.0,0.0
2026-09-15 11:55:00-04:00,705.3900146484375,706.02001953125,705.2550048828125,705.9550170898438,73648,0.0,0.0,0.0
2026-09-15 11:56:00-04:00,705.9453125,705.9453125,705.4349975585938,705.5700073242188,27117,0.0,0.0,0.0
2026-09-15 11:57:00-04:00,705.5999755859375,705.6489868164062,705.5599975585938,705.60498046875,17063,0.0,0.0,0.0
2026-09-15 11:58:00-04:00,705.5800170898438,705.5900268554688,705.3400268554688,705.35498046875,32778,0.0,0.0,0.0
2026-09-15 11:59:00-04:00,705.3400268554688,705.5299072265625,705.3200073242188,705.3200073242188,39240,0.0,0.0,0.0
2026-09-15 12:00:00-04:00,705.3499755859375,705.47998046875,705.219970703125,705.3800048828125,31132,0.0,0.0,0.0
2026-09-15 12:01:00-04:00,705.4600219726562,705.6099853515625,705.4041137695312,705.5,63417,0.0,0.0,0.0
2026-09-15 12:02:00-04:00,705.4749755859375,705.5999755859375,705.4299926757812,705.5999755859375,21550,0.0,0.0,0.0
2026-09-15 12:03:00-04:00,705.5418701171875,705.5418701171875,705.3699951171875,705.4099731445312,23271,0.0,0.0,0.0
2026-09-15 12:04:00-04:00,705.4099731445312,705.52001953125,705.3499755859375,705.5120849609375,24819,0.0,0.0,0.0
2026-09-15 12:05:00-04:00,705.469970703125,705.5,705.2449951171875,705.3099975585938,21088,0.0,0.0,0.0
2026-09-15 12:06:00-04:00,705.3231201171875,705.4299926757812,705.2100219726562,705.2100219726562,16841,0.0,0.0,0.0
2026-09-15 12:07:00-04:00,705.2100219726562,705.2152099609375,704.9500122070312,705.0499877929688,42388,0.0,0.0,0.0
2026-09-15 12:08:00-04:00,705.0449829101562,705.0449829101562,704.8099975585938,704.8400268554688,38040,0.0,0.0,0.0
2026-09-15 12:09:00-04:00,704.847412109375,704.8972778320312,704.5709838867188,704.6699829101562,49450,0.0,0.0,0.0
2026-09-15 12:10:00-04:00,704.6500244140625,704.77001953125,704.6500244140625,704.6500244140625,18045,0.0,0.0,0.0
2026-09-15 12:11:00-04:00,704.655029296875,704.72998046875,704.4901123046875,704.6699829101562,36549,0.0,0.0,0.0
2026-09-15 12:12:00-04:00,704.657470703125,704.6900024414062,704.5700073242188,704.5900268554688,20703,0.0,0.0,0.0
2026-09-15 12:13:00-04:00,704.5800170898438,704.6500244140625,704.5,704.64501953125,41398,0.0,0.0,0.0
2026-09-15 12:14:00-04:00,704.6400146484375,704.6599731445312,704.5,704.530029296875,25639,0.0,0.0,0.0
2026-09-15 12:15:00-04:00,704.5349731445312,704.6998901367188,704.4600219726562,704.6599731445312,41297,0.0,0.0,0.0
2026-09-15 12:16:00-04:00,704.6505126953125,704.719970703125,704.64990234375,704.7100219726562,15529,0.0,0.0,0.0
2026-09-15 12:17:00-04:00,704.7150268554688,704.89501953125,704.7150268554688,704.89501953125,52409,0.0,0.0,0.0
2026-09-15 12:18:00-04:00,704.9000244140625,704.9749755859375,704.840087890625,704.9749755859375,24519,0.0,0.0,0.0
2026-09-15 12:19:00-04:00,704.97998046875,705.0999755859375,704.9299926757812,705.0900268554688,34612,0.0,0.0,0.0
2026-09-15 12:20:00-04:00,705.0700073242188,705.25,705.0700073242188,705.1400146484375,50826,0.0,0.0,0.0
2026-09-15 12:21:00-04:00,705.1799926757812,705.39501953125,705.1799926757812,705.3599853515625,37892,0.0,0.0,0.0
2026-09-15 12:22:00-04:00,705.3632202148438,705.5700073242188,705.3632202148438,705.5399780273438,40045,0.0,0.0,0.0
2026-09-15 12:23:00-04:00,705.5346069335938,705.9199829101562,705.5200805664062,705.8400268554688,94841,0.0,0.0,0.0
2026-09-15 12:24:00-04:00,705.8400268554688,705.9099731445312,705.75,705.7886962890625,50796,0.0,0.0,0.0
2026-09-15 12:25:00-04:00,705.780029296875,705.8200073242188,705.6165161132812,705.6400146484375,41324,0.0,0.0,0.0
2026-09-15 12:26:00-04:00,705.6500244140625,705.7249755859375,705.52099609375,705.5601196289062,39016,0.0,0.0,0.0
2026-09-15 12:27:00-04:00,705.5800170898438,705.7999877929688,705.5700073242188,705.7849731445312,25172,0.0,0.0,0.0
2026-09-15 12:28:00-04:00,705.780029296875,705.8804931640625,705.7100219726562,705.7991943359375,41354,0.0,0.0,0.0
2026-09-15 12:29:00-04:00,705.760009765625,705.760009765625,705.4500122070312,705.510009765625,21114,0.0,0.0,0.0
2026-09-15 12:30:00-04:00,705.5050048828125,705.5250244140625,705.1104125976562,705.1599731445312,73731,0.0,0.0,0.0
2026-09-15 12:31:00-04:00,705.1699829101562,705.4299926757812,705.1400146484375,705.4199829101562,29375,0.0,0.0,0.0
2026-09-15 12:32:00-04:00,705.4349975585938,705.6900024414062,705.3699951171875,705.6900024414062,39469,0.0,0.0,0.0
2026-09-15 12:33:00-04:00,705.6900024414062,705.75,705.594970703125,705.6400146484375,20253,0.0,0.0,0.0
2026-09-15 12:34:00-04:00,705.6500244140625,705.6799926757812,705.4509887695312,705.5900268554688,19748,0.0,0.0,0.0
2026-09-15 12:35:00-04:00,705.5999145507812,705.6199951171875,705.3900756835938,705.4949951171875,14015,0.0,0.0,0.0
2026-09-15 12:36:00-04:00,705.4600219726562,705.6102294921875,705.4299926757812,705.5499877929688,12468,0.0,0.0,0.0
2026-09-15 12:37:00-04:00,705.5700073242188,705.6099853515625,705.52001953125,705.530029296875,16223,0.0,0.0,0.0
2026-09-15 12:38:00-04:00,705.52001953125,705.5399780273438,705.4149780273438,705.4149780273438,9364,0.0,0.0,0.0
2026-09-15 12:39:00-04:00,705.4000244140625,705.4982299804688,705.330078125,705.4749755859375,15424,0.0,0.0,0.0
2026-09-15 12:40:00-04:00,705.4600219726562,705.510009765625,705.3499755859375,705.3699951171875,14298,0.0,0.0,0.0
2026-09-15 12:41:00-04:00,705.3499755859375,705.5399780273438,705.2890014648438,705.5150146484375,44960,0.0,0.0,0.0
2026-09-15 12:42:00-04:00,705.489990234375,705.5490112304688,705.4650268554688,705.469970703125,10324,0.0,0.0,0.0
2026-09-15 12:43:00-04:00,705.489990234375,705.52001953125,705.3300170898438,705.4099731445312,14154,0.0,0.0,0.0
2026-09-15 12:44:00-04:00,705.3800048828125,705.4299926757812,705.25,705.3900146484375,13456,0.0,0.0,0.0
2026-09-15 12:45:00-04:00,705.3900146484375,705.5399780273438,705.3350219726562,705.4500122070312,16433,0.0,0.0,0.0
2026-09-15 12:46:00-04:00,705.469970703125,705.510009765625,705.39501953125,705.4400024414062,35124,0.0,0.0,0.0
2026-09-15 12:47:00-04:00,705.4600219726562,705.469970703125,705.3049926757812,705.3400268554688,16488,0.0,0.0,0.0
2026-09-15 12:48:00-04:00,705.3300170898438,705.3499755859375,705.1400146484375,705.1400146484375,22818,0.0,0.0,0.0
2026-09-15 12:49:00-04:00,705.1300048828125,705.3344116210938,705.1204833984375,705.3344116210938,10333,0.0,0.0,0.0
2026-09-15 12:50:00-04:00,705.3099975585938,705.4093017578125,705.2899780273438,705.3499755859375,11029,0.0,0.0,0.0
2026-09-15 12:51:00-04:00,705.3400268554688,705.5,705.3400268554688,705.3699951171875,30160,0.0,0.0,0.0
2026-09-15 12:52:00-04:00,705.4099731445312,705.8489990234375,705.3800048828125,705.8099975585938,48290,0.0,0.0,0.0
2026-09-15 12:53:00-04:00,705.7999877929688,705.8800048828125,705.7899780273438,705.8726806640625,24276,0.0,0.0,0.0
2026-09-15 12:54:00-04:00,705.9000244140625,705.9600219726562,705.8599853515625,705.89501953125,31406,0.0,0.0,0.0
2026-09-15 12:55:00-04:00,705.9000244140625,706.0,705.8300170898438,705.8900146484375,24666,0.0,0.0,0.0
2026-09-15 12:56:00-04:00,705.8800048828125,705.9000854492188,705.5499877929688,705.5499877929688,32056,0.0,0.0,0.0
2026-09-15 12:57:00-04:00,705.52001953125,705.6195068359375,705.469970703125,705.47998046875,18864,0.0,0.0,0.0
2026-09-15 12:58:00-04:00,705.469970703125,705.489990234375,705.27001953125,705.3499755859375,27537,0.0,0.0,0.0
2026-09-15 12:59:00-04:00,705.3950805664062,705.4400024414062,705.280029296875,705.4400024414062,15198,0.0,0.0,0.0
2026-09-15 13:00:00-04:00,705.4400024414062,705.47998046875,705.3099975585938,705.3099975585938,15168,0.0,0.0,0.0
2026-09-15 13:01:00-04:00,705.3300170898438,705.510009765625,705.3300170898438,705.4998779296875,12818,0.0,0.0,0.0
2026-09-15 13:02:00-04:00,705.47998046875,705.52001953125,705.02197265625,705.02197265625,104182,0.0,0.0,0.0
2026-09-15 13:03:00-04:00,705.0399780273438,705.0700073242188,704.9099731445312,705.0040283203125,40674,0.0,0.0,0.0
2026-09-15 13:04:00-04:00,705.0,705.0599975585938,704.780029296875,704.780029296875,29488,0.0,0.0,0.0
2026-09-15 13:05:00-04:00,704.760009765625,704.7999877929688,704.6320190429688,704.7100219726562,44886,0.0,0.0,0.0
2026-09-15 13:06:00-04:00,704.7100219726562,704.9099731445312,704.6306762695312,704.8699951171875,68710,0.0,0.0,0.0
2026-09-15 13:07:00-04:00,704.8699951171875,705.1699829101562,704.8599853515625,705.0800170898438,59509,0.0,0.0,0.0
2026-09-15 13:08:00-04:00,705.030029296875,705.0650024414062,704.8900146484375,705.02001953125,40322,0.0,0.0,0.0
2026-09-15 13:09:00-04:00,705.02001953125,705.0599975585938,704.8800048828125,704.8800048828125,19982,0.0,0.0,0.0
2026-09-15 13:10:00-04:00,704.89501953125,705.1895141601562,704.8900146484375,705.1500244140625,29885,0.0,0.0,0.0
2026-09-15 13:11:00-04:00,705.1500244140625,705.25,705.1400146484375,705.1400146484375,29995,0.0,0.0,0.0
2026-09-15 13:12:00-04:00,705.14501953125,705.1500244140625,704.9000244140625,704.9199829101562,32628,0.0,0.0,0.0
2026-09-15 13:13:00-04:00,704.9099731445312,705.094970703125,704.9099731445312,705.0200805664062,37828,0.0,0.0,0.0
2026-09-15 13:14:00-04:00,705.0250244140625,705.0700073242188,704.7999877929688,704.8250122070312,69830,0.0,0.0,0.0
2026-09-15 13:15:00-04:00,704.8400268554688,704.8800048828125,704.8099975585938,704.85498046875,11167,0.0,0.0,0.0
2026-09-15 13:16:00-04:00,704.8400268554688,704.9349975585938,704.7620239257812,704.9210205078125,21841,0.0,0.0,0.0
2026-09-15 13:17:00-04:00,704.9299926757812,704.948486328125,704.8499755859375,704.8599853515625,36366,0.0,0.0,0.0
2026-09-15 13:18:00-04:00,704.8599853515625,704.90478515625,704.8300170898438,704.8499755859375,10420,0.0,0.0,0.0
2026-09-15 13:19:00-04:00,704.8400268554688,705.010009765625,704.8200073242188,705.0,14143,0.0,0.0,0.0
2026-09-15 13:20:00-04:00,705.0,705.1199951171875,704.969970703125,705.0900268554688,17912,0.0,0.0,0.0
2026-09-15 13:21:00-04:00,705.0700073242188,705.0800170898438,704.9000244140625,704.9199829101562,20642,0.0,0.0,0.0
2026-09-15 13:22:00-04:00,704.9149780273438,704.9251708984375,704.7249755859375,704.8200073242188,54766,0.0,0.0,0.0
2026-09-15 13:23:00-04:00,704.8099975585938,704.847900390625,704.7100219726562,704.8099975585938,13260,0.0,0.0,0.0
2026-09-15 13:24:00-04:00,704.7907104492188,704.7907104492188,704.5599975585938,704.57177734375,34529,0.0,0.0,0.0
2026-09-15 13:25:00-04:00,704.5700073242188,704.75,704.5499877929688,704.6749877929688,29978,0.0,0.0,0.0
2026-09-15 13:26:00-04:00,704.655029296875,704.8699951171875,704.655029296875,704.8300170898438,23557,0.0,0.0,0.0
2026-09-15 13:27:00-04:00,704.8099975585938,704.8699951171875,704.75,704.8099975585938,19261,0.0,0.0,0.0
2026-09-15 13:28:00-04:00,704.8099975585938,704.8499755859375,704.6500854492188,704.6849975585938,35047,0.0,0.0,0.0
2026-09-15 13:29:00-04:00,704.6849975585938,704.7999877929688,704.6401977539062,704.7999877929688,19383,0.0,0.0,0.0
2026-09-15 13:30:00-04:00,704.8099975585938,704.9299926757812,704.7249755859375,704.780029296875,51224,0.0,0.0,0.0
2026-09-15 13:31:00-04:00,704.7550048828125,704.969970703125,704.7449951171875,704.905029296875,41378,0.0,0.0,0.0
2026-09-15 13:32:00-04:00,704.9299926757812,705.0900268554688,704.9299926757812,705.0549926757812,11552,0.0,0.0,0.0
2026-09-15 13:33:00-04:00,705.0549926757812,705.1300048828125,704.9400024414062,705.0499877929688,45978,0.0,0.0,0.0
2026-09-15 13:34:00-04:00,705.0800170898438,705.1199951171875,704.9000244140625,704.9000244140625,146716,0.0,0.0,0.0
2026-09-15 13:35:00-04:00,704.9099731445312,705.0499267578125,704.8099975585938,704.9299926757812,21950,0.0,0.0,0.0
2026-09-15 13:36:00-04:00,704.969970703125,704.969970703125,704.780029296875,704.864990234375,26096,0.0,0.0,0.0
2026-09-15 13:37:00-04:00,704.8200073242188,704.9199829101562,704.719970703125,704.9199829101562,28780,0.0,0.0,0.0
2026-09-15 13:38:00-04:00,704.8800048828125,704.8900146484375,704.760009765625,704.8300170898438,7080,0.0,0.0,0.0
2026-09-15 13:39:00-04:00,704.8200073242188,704.8200073242188,704.72998046875,704.7899780273438,10967,0.0,0.0,0.0
2026-09-15 13:40:00-04:00,704.7899780273438,704.9500122070312,704.739990234375,704.9299926757812,15400,0.0,0.0,0.0
2026-09-15 13:41:00-04:00,704.8800048828125,704.9199829101562,704.72998046875,704.72998046875,39558,0.0,0.0,0.0
2026-09-15 13:42:00-04:00,704.739990234375,704.77001953125,704.5700073242188,704.6199951171875,24281,0.0,0.0,0.0
2026-09-15 13:43:00-04:00,704.6199951171875,704.780029296875,704.530029296875,704.77001953125,35421,0.0,0.0,0.0
2026-09-15 13:44:00-04:00,704.780029296875,704.8975219726562,704.780029296875,704.8499755859375,28136,0.0,0.0,0.0
2026-09-15 13:45:00-04:00,704.8250122070312,704.9199829101562,704.8250122070312,704.9000244140625,15534,0.0,0.0,0.0
2026-09-15 13:46:00-04:00,704.9000244140625,704.9600219726562,704.6799926757812,704.7100219726562,89805,0.0,0.0,0.0
2026-09-15 13:47:00-04:00,704.7100219726562,704.7650146484375,704.6799926757812,704.6900024414062,19967,0.0,0.0,0.0
2026-09-15 13:48:00-04:00,704.7100219726562,704.7249755859375,704.5999755859375,704.6699829101562,28193,0.0,0.0,0.0
2026-09-15 13:49:00-04:00,704.6699829101562,704.7000122070312,704.6199951171875,704.6699829101562,21344,0.0,0.0,0.0
2026-09-15 13:50:00-04:00,704.6599731445312,704.719970703125,704.625,704.6950073242188,23093,0.0,0.0,0.0
2026-09-15 13:51:00-04:00,704.7100219726562,704.8400268554688,704.6300048828125,704.719970703125,36170,0.0,0.0,0.0
2026-09-15 13:52:00-04:00,704.7100219726562,704.8400268554688,704.6699829101562,704.8400268554688,21926,0.0,0.0,0.0
2026-09-15 13:53:00-04:00,704.8200073242188,704.9484252929688,704.75,704.9484252929688,165705,0.0,0.0,0.0
2026-09-15 13:54:00-04:00,704.9349975585938,705.030029296875,704.8400268554688,705.0197143554688,40556,0.0,0.0,0.0
2026-09-15 13:55:00-04:00,705.0,705.0599975585938,704.8900146484375,705.0449829101562,34517,0.0,0.0,0.0
2026-09-15 13:56:00-04:00,705.0499877929688,705.198486328125,705.030029296875,705.198486328125,39301,0.0,0.0,0.0
2026-09-15 13:57:00-04:00,705.1699829101562,705.1799926757812,705.0999755859375,705.135009765625,15823,0.0,0.0,0.0
2026-09-15 13:58:00-04:00,705.1300048828125,705.1300048828125,705.0,705.0499877929688,126095,0.0,0.0,0.0
2026-09-15 13:59:00-04:00,705.0549926757812,705.10009765625,704.9600219726562,705.0,29059,0.0,0.0,0.0
2026-09-15 14:00:00-04:00,705.0,705.1400146484375,704.8200073242188,704.8900146484375,43005,0.0,0.0,0.0
2026-09-15 14:01:00-04:00,704.875,705.0750122070312,704.8718872070312,705.0750122070312,13251,0.0,0.0,0.0
2026-09-15 14:02:00-04:00,705.0499877929688,705.2249755859375,705.0399780273438,705.19189453125,20827,0.0,0.0,0.0
2026-09-15 14:03:00-04:00,705.2100219726562,705.25,705.1199951171875,705.1900024414062,20789,0.0,0.0,0.0
2026-09-15 14:04:00-04:00,705.1900024414062,705.239990234375,705.1500244140625,705.2349853515625,131274,0.0,0.0,0.0
2026-09-15 14:05:00-04:00,705.2249755859375,705.2349853515625,705.1099853515625,705.1699829101562,32064,0.0,0.0,0.0
2026-09-15 14:06:00-04:00,705.1699829101562,705.35498046875,705.1699829101562,705.2999877929688,149939,0.0,0.0,0.0
2026-09-15 14:07:00-04:00,705.2999877929688,705.3699951171875,705.25,705.3599853515625,31621,0.0,0.0,0.0
2026-09-15 14:08:00-04:00,705.3350219726562,705.3699951171875,705.27001953125,705.2899780273438,21375,0.0,0.0,0.0
2026-09-15 14:09:00-04:00,705.280029296875,705.3800048828125,705.280029296875,705.3800048828125,43475,0.0,0.0,0.0
2026-09-15 14:10:00-04:00,705.385009765625,705.4199829101562,705.2600708007812,705.2600708007812,55328,0.0,0.0,0.0
2026-09-15 14:11:00-04:00,705.260009765625,705.52001953125,705.260009765625,705.4605102539062,44053,0.0,0.0,0.0
2026-09-15 14:12:00-04:00,705.4600219726562,705.5399780273438,705.4450073242188,705.4949951171875,171249,0.0,0.0,0.0
2026-09-15 14:13:00-04:00,705.4949951171875,705.5700073242188,705.4500122070312,705.489990234375,47583,0.0,0.0,0.0
2026-09-15 14:14:00-04:00,705.5,705.54150390625,705.3499755859375,705.3800048828125,153807,0.0,0.0,0.0
2026-09-15 14:15:00-04:00,705.4099731445312,705.4600219726562,705.22998046875,705.2301025390625,39278,0.0,0.0,0.0
2026-09-15 14:16:00-04:00,705.22998046875,705.22998046875,705.02001953125,705.0499877929688,39399,0.0,0.0,0.0
2026-09-15 14:17:00-04:00,705.0549926757812,705.1500244140625,704.9849853515625,705.1099853515625,42643,0.0,0.0,0.0
2026-09-15 14:18:00-04:00,705.1300048828125,705.1599731445312,705.0700073242188,705.0700073242188,9990,0.0,0.0,0.0
2026-09-15 14:19:00-04:00,705.0750122070312,705.1199951171875,705.0399780273438,705.0850219726562,11798,0.0,0.0,0.0
2026-09-15 14:20:00-04:00,705.0800170898438,705.1699829101562,705.0650024414062,705.1002807617188,16419,0.0,0.0,0.0
2026-09-15 14:21:00-04:00,705.114990234375,705.209228515625,705.0999755859375,705.1900024414062,14975,0.0,0.0,0.0
2026-09-15 14:22:00-04:00,705.1900024414062,705.219970703125,705.1500244140625,705.2000122070312,15676,0.0,0.0,0.0
2026-09-15 14:23:00-04:00,705.2000122070312,705.2000122070312,705.0800170898438,705.10498046875,16781,0.0,0.0,0.0
2026-09-15 14:24:00-04:00,705.1099853515625,705.169921875,705.0900268554688,705.169921875,127675,0.0,0.0,0.0
2026-09-15 14:25:00-04:00,705.1799926757812,705.2249755859375,705.1199951171875,705.2249755859375,20704,0.0,0.0,0.0
2026-09-15 14:26:00-04:00,705.219970703125,705.219970703125,705.0800170898438,705.1849975585938,43899,0.0,0.0,0.0
2026-09-15 14:27:00-04:00,705.135009765625,705.155029296875,705.0700073242188,705.1099853515625,30235,0.0,0.0,0.0
2026-09-15 14:28:00-04:00,705.0900268554688,705.3699951171875,705.0900268554688,705.3699951171875,38627,0.0,0.0,0.0
2026-09-15 14:29:00-04:00,705.3900146484375,705.4000244140625,705.3300170898438,705.39501953125,27403,0.0,0.0,0.0
2026-09-15 14:30:00-04:00,705.398681640625,705.398681640625,705.1300048828125,705.15869140625,43971,0.0,0.0,0.0
2026-09-15 14:31:00-04:00,705.1500854492188,705.155029296875,705.0264282226562,705.125,25324,0.0,0.0,0.0
2026-09-15 14:32:00-04:00,705.1099853515625,705.1389770507812,704.9100952148438,704.9199829101562,30426,0.0,0.0,0.0
2026-09-15 14:33:00-04:00,704.9000244140625,704.9500122070312,704.8599853515625,704.89501953125,39743,0.0,0.0,0.0
2026-09-15 14:34:00-04:00,704.885009765625,704.9099731445312,704.8200073242188,704.8699951171875,22234,0.0,0.0,0.0
2026-09-15 14:35:00-04:00,704.8775024414062,704.96240234375,704.875,704.9299926757812,24735,0.0,0.0,0.0
2026-09-15 14:36:00-04:00,704.9299926757812,704.9349975585938,704.7750244140625,704.8699951171875,126825,0.0,0.0,0.0
2026-09-15 14:37:00-04:00,704.8400268554688,704.8599853515625,704.7000122070312,704.8350219726562,45774,0.0,0.0,0.0
2026-09-15 14:38:00-04:00,704.8300170898438,704.9199829101562,704.7999877929688,704.8900146484375,28006,0.0,0.0,0.0
2026-09-15 14:39:00-04:00,704.8900146484375,704.9099731445312,704.8200073242188,704.8699951171875,18630,0.0,0.0,0.0
2026-09-15 14:40:00-04:00,704.875,704.875,704.6500244140625,704.6699829101562,30293,0.0,0.0,0.0
2026-09-15 14:41:00-04:00,704.6699829101562,705.1300048828125,704.6599731445312,704.969970703125,90228,0.0,0.0,0.0
2026-09-15 14:42:00-04:00,704.969970703125,705.010009765625,704.7249755859375,704.7449951171875,63225,0.0,0.0,0.0
2026-09-15 14:43:00-04:00,704.7449951171875,704.780029296875,704.6699829101562,704.676025390625,18309,0.0,0.0,0.0
2026-09-15 14:44:00-04:00,704.6699829101562,704.760009765625,704.6699829101562,704.6799926757812,27928,0.0,0.0,0.0
2026-09-15 14:45:00-04:00,704.6849975585938,704.72998046875,704.5850219726562,704.6199951171875,32234,0.0,0.0,0.0
2026-09-15 14:46:00-04:00,704.62451171875,704.6599731445312,704.530029296875,704.530029296875,44515,0.0,0.0,0.0
2026-09-15 14:47:00-04:00,704.52001953125,704.59130859375,704.47998046875,704.4949951171875,22312,0.0,0.0,0.0
2026-09-15 14:48:00-04:00,704.4949951171875,704.510009765625,704.364990234375,704.39501953125,105399,0.0,0.0,0.0
2026-09-15 14:49:00-04:00,704.3970947265625,704.4000244140625,704.1906127929688,704.3400268554688,67651,0.0,0.0,0.0
2026-09-15 14:50:00-04:00,704.3300170898438,704.47998046875,704.3300170898438,704.4099731445312,89931,0.0,0.0,0.0
2026-09-15 14:51:00-04:00,704.3900146484375,704.3900146484375,704.27001953125,704.2700805664062,43749,0.0,0.0,0.0
2026-09-15 14:52:00-04:00,704.3101196289062,704.39501953125,704.3099975585938,704.3499755859375,46175,0.0,0.0,0.0
2026-09-15 14:53:00-04:00,704.3599853515625,704.5,704.3300170898438,704.4400024414062,47605,0.0,0.0,0.0
2026-09-15 14:54:00-04:00,704.4251098632812,704.530029296875,704.4202270507812,704.5,29385,0.0,0.0,0.0
2026-09-15 14:55:00-04:00,704.5,704.5750122070312,704.4409790039062,704.5150146484375,24544,0.0,0.0,0.0
2026-09-15 14:56:00-04:00,704.52001953125,704.5599975585938,704.4600219726562,704.5100708007812,13656,0.0,0.0,0.0
2026-09-15 14:57:00-04:00,704.530029296875,704.6099853515625,704.489990234375,704.489990234375,35596,0.0,0.0,0.0
2026-09-15 14:58:00-04:00,704.489990234375,704.6099853515625,704.4500122070312,704.594970703125,17928,0.0,0.0,0.0
2026-09-15 14:59:00-04:00,704.6099853515625,704.7550048828125,704.5900268554688,704.7304077148438,27633,0.0,0.0,0.0
2026-09-15 15:00:00-04:00,704.72998046875,704.8699951171875,704.6599731445312,704.8499755859375,81802,0.0,0.0,0.0
2026-09-15 15:01:00-04:00,704.8405151367188,704.8800048828125,704.6199951171875,704.6199951171875,18561,0.0,0.0,0.0
2026-09-15 15:02:00-04:00,704.6400146484375,704.7249755859375,704.5,704.6701049804688,40869,0.0,0.0,0.0
2026-09-15 15:03:00-04:00,704.6699829101562,704.7199096679688,704.6400146484375,704.6799926757812,23681,0.0,0.0,0.0
2026-09-15 15:04:00-04:00,704.6998901367188,704.8300170898438,704.6500244140625,704.6799926757812,51880,0.0,0.0,0.0
2026-09-15 15:05:00-04:00,704.6799926757812,704.739990234375,704.614990234375,704.6599731445312,35806,0.0,0.0,0.0
2026-09-15 15:06:00-04:00,704.6199951171875,704.669921875,704.5999755859375,704.6300048828125,13830,0.0,0.0,0.0
2026-09-15 15:07:00-04:00,704.6300048828125,704.6799926757812,704.5399780273438,704.6799926757812,47580,0.0,0.0,0.0
2026-09-15 15:08:00-04:00,704.6900024414062,704.780029296875,704.6500244140625,704.72998046875,34489,0.0,0.0,0.0
2026-09-15 15:09:00-04:00,704.7349853515625,704.7700805664062,704.6500244140625,704.719970703125,22827,0.0,0.0,0.0
2026-09-15 15:10:00-04:00,704.719970703125,704.780029296875,704.655029296875,704.72998046875,30236,0.0,0.0,0.0
2026-09-15 15:11:00-04:00,704.719970703125,704.7550048828125,704.640380859375,704.6749877929688,21244,0.0,0.0,0.0
2026-09-15 15:12:00-04:00,704.6500244140625,704.6599731445312,704.47998046875,704.510009765625,140099,0.0,0.0,0.0
2026-09-15 15:13:00-04:00,704.5150146484375,704.5150146484375,704.4000244140625,704.4299926757812,143352,0.0,0.0,0.0
2026-09-15 15:14:00-04:00,704.4249877929688,704.52001953125,704.4149780273438,704.4561157226562,31500,0.0,0.0,0.0
2026-09-15 15:15:00-04:00,704.4450073242188,704.4600219726562,704.3200073242188,704.3699951171875,39778,0.0,0.0,0.0
2026-09-15 15:16:00-04:00,704.3400268554688,704.4199829101562,704.2899780273438,704.3599853515625,30663,0.0,0.0,0.0
2026-09-15 15:17:00-04:00,704.3599853515625,704.3699951171875,704.2750244140625,704.3400268554688,18653,0.0,0.0,0.0
2026-09-15 15:18:00-04:00,704.3400268554688,704.4400024414062,704.3201293945312,704.4149780273438,16735,0.0,0.0,0.0
2026-09-15 15:19:00-04:00,704.4249877929688,704.530029296875,704.4249877929688,704.469970703125,244973,0.0,0.0,0.0
2026-09-15 15:20:00-04:00,704.4600219726562,704.47998046875,704.344970703125,704.3499755859375,21440,0.0,0.0,0.0
2026-09-15 15:21:00-04:00,704.3400268554688,704.364990234375,704.2999877929688,704.3350219726562,16604,0.0,0.0,0.0
2026-09-15 15:22:00-04:00,704.3300170898438,704.4099731445312,704.2999877929688,704.3900146484375,41759,0.0,0.0,0.0
2026-09-15 15:23:00-04:00,704.3800048828125,704.4299926757812,704.3400268554688,704.3599853515625,40879,0.0,0.0,0.0
2026-09-15 15:24:00-04:00,704.3599853515625,704.419921875,704.2890014648438,704.3300170898438,139917,0.0,0.0,0.0
2026-09-15 15:25:00-04:00,704.3350219726562,704.3350219726562,704.22998046875,704.2650146484375,50054,0.0,0.0,0.0
2026-09-15 15:26:00-04:00,704.2650146484375,704.385009765625,704.2431030273438,704.3800048828125,21975,0.0,0.0,0.0
2026-09-15 15:27:00-04:00,704.3800048828125,704.510009765625,704.3800048828125,704.4949951171875,29995,0.0,0.0,0.0
2026-09-15 15:28:00-04:00,704.4990234375,704.4990234375,704.3900146484375,704.4099731445312,128483,0.0,0.0,0.0
2026-09-15 15:29:00-04:00,704.4000244140625,704.4099731445312,704.3400268554688,704.3599853515625,33576,0.0,0.0,0.0
2026-09-15 15:30:00-04:00,704.3599853515625,704.3800048828125,704.260009765625,704.27001953125,47043,0.0,0.0,0.0
2026-09-15 15:31:00-04:00,704.25,704.3200073242188,704.25,704.27001953125,34526,0.0,0.0,0.0
2026-09-15 15:32:00-04:00,704.2750244140625,704.4277954101562,704.239990234375,704.3900146484375,62758,0.0,0.0,0.0
2026-09-15 15:33:00-04:00,704.3900146484375,704.4249877929688,704.2999877929688,704.3350219726562,30198,0.0,0.0,0.0
2026-09-15 15:34:00-04:00,704.3300170898438,704.3599243164062,704.2249755859375,704.239990234375,27979,0.0,0.0,0.0
2026-09-15 15:35:00-04:00,704.22998046875,704.22998046875,704.0,704.030029296875,79440,0.0,0.0,0.0
2026-09-15 15:36:00-04:00,704.0399780273438,704.159912109375,704.030029296875,704.1099853515625,68955,0.0,0.0,0.0
2026-09-15 15:37:00-04:00,704.1196899414062,704.1199951171875,703.9000244140625,704.0,89521,0.0,0.0,0.0
2026-09-15 15:38:00-04:00,704.0,704.0650024414062,703.9299926757812,703.9600219726562,42240,0.0,0.0,0.0
2026-09-15 15:39:00-04:00,703.9650268554688,703.9650268554688,703.7999877929688,703.909912109375,173439,0.0,0.0,0.0
2026-09-15 15:40:00-04:00,703.9000244140625,703.989990234375,703.8200073242188,703.9749755859375,106070,0.0,0.0,0.0
2026-09-15 15:41:00-04:00,703.9749755859375,704.0700073242188,703.9620971679688,704.0001220703125,59280,0.0,0.0,0.0
2026-09-15 15:42:00-04:00,704.010009765625,704.0499877929688,703.9600219726562,703.97998046875,89378,0.0,0.0,0.0
2026-09-15 15:43:00-04:00,703.9600219726562,704.1500244140625,703.85498046875,704.0549926757812,91991,0.0,0.0,0.0
2026-09-15 15:44:00-04:00,704.0599975585938,704.1599731445312,704.0599975585938,704.0850219726562,31562,0.0,0.0,0.0
2026-09-15 15:45:00-04:00,704.0800170898438,704.1599731445312,704.0,704.010009765625,99608,0.0,0.0,0.0
2026-09-15 15:46:00-04:00,704.0399780273438,704.1300048828125,703.9749755859375,704.0800170898438,150690,0.0,0.0,0.0
2026-09-15 15:47:00-04:00,704.0499877929688,704.2000122070312,704.030029296875,704.031005859375,68725,0.0,0.0,0.0
2026-09-15 15:48:00-04:00,704.030029296875,704.0599975585938,703.94580078125,703.9500122070312,32433,0.0,0.0,0.0
2026-09-15 15:49:00-04:00,703.9600219726562,704.22998046875,703.9550170898438,704.1950073242188,43005,0.0,0.0,0.0
2026-09-15 15:50:00-04:00,704.1699829101562,704.1900024414062,703.8400268554688,703.844970703125,211883,0.0,0.0,0.0
2026-09-15 15:51:00-04:00,703.8400268554688,703.9400024414062,703.8270874023438,703.842529296875,85197,0.0,0.0,0.0
2026-09-15 15:52:00-04:00,703.8499755859375,703.8599853515625,703.635009765625,703.739990234375,221933,0.0,0.0,0.0
2026-09-15 15:53:00-04:00,703.72998046875,703.969970703125,703.6799926757812,703.9149780273438,120912,0.0,0.0,0.0
2026-09-15 15:54:00-04:00,703.9299926757812,704.3400268554688,703.9099731445312,704.3400268554688,125095,0.0,0.0,0.0
2026-09-15 15:55:00-04:00,704.3099975585938,704.3599853515625,704.0800170898438,704.1300048828125,282354,0.0,0.0,0.0
2026-09-15 15:56:00-04:00,704.1199951171875,704.219970703125,704.094970703125,704.1500244140625,199102,0.0,0.0,0.0
2026-09-15 15:57:00-04:00,704.1400146484375,704.27001953125,704.1099853515625,704.2415771484375,153064,0.0,0.0,0.0
2026-09-15 15:58:00-04:00,704.239990234375,704.3300170898438,704.1599731445312,704.3250122070312,335410,0.0,0.0,0.0
2026-09-15 15:59:00-04:00,704.3250122070312,704.64501953125,704.27001953125,704.5900268554688,1019340,0.0,0.0,0.0
2026-09-16 09:30:00-04:00,708.0599975585938,708.7899780273438,707.885009765625,708.6599731445312,1502279,0.0,0.0,0.0
2026-09-16 09:31:00-04:00,708.6599731445312,708.7000122070312,708.010009765625,708.3800048828125,146920,0.0,0.0,0.0
2026-09-16 09:32:00-04:00,708.2805786132812,708.3499755859375,707.9600219726562,708.010009765625,143204,0.0,0.0,0.0
2026-09-16 09:33:00-04:00,707.989990234375,708.25,707.9199829101562,708.02001953125,139500,0.0,0.0,0.0
2026-09-16 09:34:00-04:00,708.0499877929688,708.4600219726562,707.969970703125,708.4500122070312,137496,0.0,0.0,0.0
2026-09-16 09:35:00-04:00,708.3800048828125,708.5819702148438,708.2338256835938,708.239990234375,120979,0.0,0.0,0.0
2026-09-16 09:36:00-04:00,708.2000122070312,708.2150268554688,707.6500244140625,708.072021484375,137790,0.0,0.0,0.0
2026-09-16 09:37:00-04:00,708.0800170898438,708.2849731445312,707.9400024414062,708.1859741210938,137578,0.0,0.0,0.0
2026-09-16 09:38:00-04:00,708.2000732421875,708.4000244140625,708.1900024414062,708.25,98328,0.0,0.0,0.0
2026-09-16 09:39:00-04:00,708.219970703125,708.22998046875,707.8400268554688,708.1199951171875,187215,0.0,0.0,0.0
2026-09-16 09:40:00-04:00,708.1099853515625,708.4099731445312,708.02001953125,708.3699951171875,138396,0.0,0.0,0.0
2026-09-16 09:41:00-04:00,708.3599853515625,708.7651977539062,708.2949829101562,708.5,71476,0.0,0.0,0.0
2026-09-16 09:42:00-04:00,708.5499877929688,708.760009765625,708.489990234375,708.6900024414062,46000,0.0,0.0,0.0
2026-09-16 09:43:00-04:00,708.7100219726562,708.8099975585938,708.5200805664062,708.5936279296875,41353,0.0,0.0,0.0
2026-09-16 09:44:00-04:00,708.5850219726562,708.6500244140625,708.3900146484375,708.3900146484375,42728,0.0,0.0,0.0
2026-09-16 09:45:00-04:00,708.4000244140625,709.1199951171875,708.3499755859375,709.0900268554688,258196,0.0,0.0,0.0
2026-09-16 09:46:00-04:00,709.1099853515625,709.6298828125,709.0349731445312,709.3900146484375,143195,0.0,0.0,0.0
2026-09-16 09:47:00-04:00,709.3900146484375,709.4500122070312,709.1699829101562,709.4199829101562,102557,0.0,0.0,0.0
2026-09-16 09:48:00-04:00,709.4199829101562,709.4251098632812,709.1901245117188,709.3099975585938,51703,0.0,0.0,0.0
2026-09-16 09:49:00-04:00,709.260009765625,709.8200073242188,709.2100219726562,709.77001953125,104651,0.0,0.0,0.0
2026-09-16 09:50:00-04:00,709.77001953125,710.1400146484375,709.7000122070312,709.9000244140625,90508,0.0,0.0,0.0
2026-09-16 09:51:00-04:00,709.9000244140625,710.0700073242188,709.6199951171875,709.9600219726562,80579,0.0,0.0,0.0
2026-09-16 09:52:00-04:00,709.9400024414062,710.0,709.7901000976562,709.822021484375,62170,0.0,0.0,0.0
2026-09-16 09:53:00-04:00,709.9099731445312,710.0499267578125,709.5900268554688,710.0499267578125,64976,0.0,0.0,0.0
2026-09-16 09:54:00-04:00,710.0,710.010009765625,709.6500244140625,709.7949829101562,116902,0.0,0.0,0.0
2026-09-16 09:55:00-04:00,709.8099975585938,710.1799926757812,709.7000122070312,709.9650268554688,114089,0.0,0.0,0.0
2026-09-16 09:56:00-04:00,709.97998046875,709.97998046875,709.7999877929688,709.919921875,44009,0.0,0.0,0.0
2026-09-16 09:57:00-04:00,709.9199829101562,709.9998779296875,709.8099975585938,709.8400268554688,44477,0.0,0.0,0.0
2026-09-16 09:58:00-04:00,709.8699951171875,709.9400024414062,709.6500244140625,709.864990234375,43263,0.0,0.0,0.0
2026-09-16 09:59:00-04:00,709.8699951171875,710.25,709.8200073242188,710.2100219726562,57802,0.0,0.0,0.0
2026-09-16 10:00:00-04:00,710.219970703125,710.27001953125,710.0599975585938,710.1199951171875,70210,0.0,0.0,0.0
2026-09-16 10:01:00-04:00,710.1300048828125,710.1300048828125,709.7249755859375,709.7650146484375,56054,0.0,0.0,0.0
2026-09-16 10:02:00-04:00,709.739990234375,709.739990234375,709.219970703125,709.219970703125,64951,0.0,0.0,0.0
2026-09-16 10:03:00-04:00,709.219970703125,709.2949829101562,709.0700073242188,709.1900024414062,44316,0.0,0.0,0.0
2026-09-16 10:04:00-04:00,709.1849975585938,709.239990234375,709.0399780273438,709.1400146484375,40296,0.0,0.0,0.0
2026-09-16 10:05:00-04:00,709.1500244140625,709.3499755859375,709.1099853515625,709.1400146484375,45256,0.0,0.0,0.0
2026-09-16 10:06:00-04:00,709.1500244140625,709.3200073242188,708.9099731445312,709.2681274414062,69666,0.0,0.0,0.0
2026-09-16 10:07:00-04:00,709.27001953125,709.5599975585938,709.2000122070312,709.5499877929688,39165,0.0,0.0,0.0
2026-09-16 10:08:00-04:00,709.530029296875,709.8300170898438,709.4299926757812,709.8099975585938,34852,0.0,0.0,0.0
2026-09-16 10:09:00-04:00,709.7899780273438,709.9199829101562,709.573974609375,709.6099243164062,63914,0.0,0.0,0.0
2026-09-16 10:10:00-04:00,709.594970703125,709.760009765625,709.594970703125,709.7564086914062,42350,0.0,0.0,0.0
2026-09-16 10:11:00-04:00,709.7550048828125,709.7550048828125,709.260009765625,709.3599853515625,46557,0.0,0.0,0.0
2026-09-16 10:12:00-04:00,709.35498046875,709.35498046875,708.97998046875,709.0050048828125,39543,0.0,0.0,0.0
2026-09-16 10:13:00-04:00,709.0,709.1099853515625,708.75,709.1099853515625,47798,0.0,0.0,0.0
2026-09-16 10:14:00-04:00,709.1099853515625,709.5623779296875,709.0399780273438,709.52001953125,46855,0.0,0.0,0.0
2026-09-16 10:15:00-04:00,709.489990234375,709.6900024414062,709.3699951171875,709.6199951171875,44072,0.0,0.0,0.0
2026-09-16 10:16:00-04:00,709.6400146484375,709.8092041015625,709.5399780273438,709.7050170898438,43070,0.0,0.0,0.0
2026-09-16 10:17:00-04:00,709.7349853515625,709.8599853515625,709.5700073242188,709.8287963867188,37086,0.0,0.0,0.0
2026-09-16 10:18:00-04:00,709.7999877929688,710.0399780273438,709.780029296875,710.0399780273438,53603,0.0,0.0,0.0
2026-09-16 10:19:00-04:00,710.030029296875,710.139892578125,709.876220703125,709.969970703125,26123,0.0,0.0,0.0
2026-09-16 10:20:00-04:00,709.9400024414062,710.0900268554688,709.8900146484375,709.8900146484375,31659,0.0,0.0,0.0
2026-09-16 10:21:00-04:00,709.8900146484375,710.0335083007812,709.875,709.9403076171875,30610,0.0,0.0,0.0
2026-09-16 10:22:00-04:00,709.9099731445312,709.9550170898438,709.6798706054688,709.739990234375,28195,0.0,0.0,0.0
2026-09-16 10:23:00-04:00,709.780029296875,709.97998046875,709.6500244140625,709.9600219726562,34108,0.0,0.0,0.0
2026-09-16 10:24:00-04:00,709.952880859375,710.0,709.8057861328125,709.8099975585938,23168,0.0,0.0,0.0
2026-09-16 10:25:00-04:00,709.8300170898438,709.8699951171875,709.6099853515625,709.719970703125,25673,0.0,0.0,0.0
2026-09-16 10:26:00-04:00,709.719970703125,709.7661743164062,709.6500244140625,709.6749877929688,14663,0.0,0.0,0.0
2026-09-16 10:27:00-04:00,709.6749877929688,709.75,709.405029296875,709.47998046875,37729,0.0,0.0,0.0
2026-09-16 10:28:00-04:00,709.4650268554688,709.6121215820312,709.39501953125,709.4500122070312,28684,0.0,0.0,0.0
2026-09-16 10:29:00-04:00,709.4500122070312,709.7999877929688,709.4500122070312,709.580078125,26705,0.0,0.0,0.0
2026-09-16 10:30:00-04:00,709.5650024414062,709.6699829101562,709.4299926757812,709.6569213867188,32353,0.0,0.0,0.0
2026-09-16 10:31:00-04:00,709.6400146484375,709.6699829101562,709.3699951171875,709.489990234375,42328,0.0,0.0,0.0
2026-09-16 10:32:00-04:00,709.4987182617188,709.5,709.2249755859375,709.3400268554688,57257,0.0,0.0,0.0
2026-09-16 10:33:00-04:00,709.3538208007812,709.7197265625,709.3099975585938,709.5599975585938,34318,0.0,0.0,0.0
2026-09-16 10:34:00-04:00,709.5700073242188,709.6199951171875,709.2899780273438,709.4299926757812,32605,0.0,0.0,0.0
2026-09-16 10:35:00-04:00,709.4099731445312,709.489990234375,709.280029296875,709.2899780273438,37024,0.0,0.0,0.0
2026-09-16 10:36:00-04:00,709.3099975585938,709.405029296875,709.0399780273438,709.0800170898438,56026,0.0,0.0,0.0
2026-09-16 10:37:00-04:00,709.0750122070312,709.3499755859375,708.9500122070312,709.3400268554688,46241,0.0,0.0,0.0
2026-09-16 10:38:00-04:00,709.3599853515625,709.489990234375,709.25,709.489990234375,23372,0.0,0.0,0.0
2026-09-16 10:39:00-04:00,709.489990234375,709.489990234375,709.2009887695312,709.239990234375,28017,0.0,0.0,0.0
2026-09-16 10:40:00-04:00,709.2009887695312,709.5700073242188,709.2009887695312,709.5499877929688,39103,0.0,0.0,0.0
2026-09-16 10:41:00-04:00,709.5599975585938,709.6591186523438,709.3604125976562,709.4199829101562,38438,0.0,0.0,0.0
2026-09-16 10:42:00-04:00,709.4146728515625,709.5999755859375,709.2849731445312,709.5,86125,0.0,0.0,0.0
2026-09-16 10:43:00-04:00,709.47998046875,709.7562866210938,709.4000244140625,709.739990234375,37022,0.0,0.0,0.0
2026-09-16 10:44:00-04:00,709.719970703125,709.8900146484375,709.6400146484375,709.8900146484375,40824,0.0,0.0,0.0
2026-09-16 10:45:00-04:00,709.8895874023438,710.0800170898438,709.8499755859375,709.9299926757812,88236,0.0,0.0,0.0
2026-09-16 10:46:00-04:00,709.9249877929688,710.0700073242188,709.8900146484375,709.989990234375,69205,0.0,0.0,0.0
2026-09-16 10:47:00-04:00,709.989990234375,710.0050048828125,709.72998046875,709.7999877929688,44434,0.0,0.0,0.0
2026-09-16 10:48:00-04:00,709.8200073242188,709.8400268554688,709.6900024414062,709.739990234375,92008,0.0,0.0,0.0
2026-09-16 10:49:00-04:00,709.719970703125,709.75,709.5399780273438,709.6900024414062,96500,0.0,0.0,0.0
2026-09-16 10:50:00-04:00,709.6900024414062,709.8499145507812,709.5700073242188,709.5700073242188,32458,0.0,0.0,0.0
2026-09-16 10:51:00-04:00,709.5900268554688,709.6900024414062,709.52001953125,709.5549926757812,21357,0.0,0.0,0.0
2026-09-16 10:52:00-04:00,709.5599975585938,709.8820190429688,709.5599975585938,709.875,21932,0.0,0.0,0.0
2026-09-16 10:53:00-04:00,709.8699951171875,710.0349731445312,709.8699951171875,709.9299926757812,25169,0.0,0.0,0.0
2026-09-16 10:54:00-04:00,709.9299926757812,709.9349975585938,709.8399047851562,709.8399047851562,41019,0.0,0.0,0.0
2026-09-16 10:55:00-04:00,709.8499755859375,709.9400024414062,709.780029296875,709.7899780273438,55172,0.0,0.0,0.0
2026-09-16 10:56:00-04:00,709.7999877929688,709.9600219726562,709.760009765625,709.9600219726562,20166,0.0,0.0,0.0
2026-09-16 10:57:00-04:00,709.9400024414062,710.0889892578125,709.875,710.0700073242188,17745,0.0,0.0,0.0
2026-09-16 10:58:00-04:00,710.06689453125,710.2000122070312,710.010009765625,710.1599731445312,30253,0.0,0.0,0.0
2026-09-16 10:59:00-04:00,710.1799926757812,710.72998046875,710.1799926757812,710.6578979492188,75935,0.0,0.0,0.0
2026-09-16 11:00:00-04:00,710.719970703125,711.02001953125,710.7191162109375,710.97998046875,99539,0.0,0.0,0.0
2026-09-16 11:01:00-04:00,710.9500122070312,711.030029296875,710.8300170898438,710.8800048828125,57013,0.0,0.0,0.0
2026-09-16 11:02:00-04:00,710.875,710.8800048828125,710.3519897460938,710.3599853515625,85292,0.0,0.0,0.0
2026-09-16 11:03:00-04:00,710.3499755859375,710.7100219726562,710.3499755859375,710.7000122070312,21027,0.0,0.0,0.0
2026-09-16 11:04:00-04:00,710.6998901367188,710.7899780273438,710.6300048828125,710.75,31952,0.0,0.0,0.0
2026-09-16 11:05:00-04:00,710.739990234375,710.77001953125,710.5499877929688,710.7457275390625,26930,0.0,0.0,0.0
2026-09-16 11:06:00-04:00,710.739990234375,710.7999877929688,710.52001953125,710.798583984375,25679,0.0,0.0,0.0
2026-09-16 11:07:00-04:00,710.7559204101562,711.3200073242188,710.7000122070312,711.0900268554688,113727,0.0,0.0,0.0
2026-09-16 11:08:00-04:00,711.0549926757812,711.4099731445312,710.9500122070312,711.405029296875,103706,0.0,0.0,0.0
2026-09-16 11:09:00-04:00,711.3900146484375,711.5499877929688,711.2908935546875,711.4199829101562,248499,0.0,0.0,0.0
2026-09-16 11:10:00-04:00,711.4099731445312,711.5,711.2899780273438,711.3049926757812,52153,0.0,0.0,0.0
2026-09-16 11:11:00-04:00,711.3198852539062,711.489990234375,711.0750122070312,711.114990234375,81608,0.0,0.0,0.0
2026-09-16 11:12:00-04:00,711.0999755859375,711.1599731445312,710.9199829101562,711.135009765625,23273,0.0,0.0,0.0
2026-09-16 11:13:00-04:00,711.1199951171875,711.2199096679688,711.030029296875,711.2199096679688,35229,0.0,0.0,0.0
2026-09-16 11:14:00-04:00,711.2100219726562,711.2999877929688,711.1400146484375,711.280029296875,33839,0.0,0.0,0.0
2026-09-16 11:15:00-04:00,711.3109741210938,711.3109741210938,710.9099731445312,710.9600219726562,45062,0.0,0.0,0.0
2026-09-16 11:16:00-04:00,710.9500122070312,710.9600219726562,710.6900024414062,710.6900024414062,35802,0.0,0.0,0.0
2026-09-16 11:17:00-04:00,710.7100219726562,710.7999877929688,710.6199951171875,710.6900024414062,38944,0.0,0.0,0.0
2026-09-16 11:18:00-04:00,710.7100219726562,710.72998046875,710.6199951171875,710.6900024414062,23091,0.0,0.0,0.0
2026-09-16 11:19:00-04:00,710.7000122070312,710.9299926757812,710.6799926757812,710.9099731445312,23339,0.0,0.0,0.0
2026-09-16 11:20:00-04:00,710.9000244140625,710.9000244140625,710.7899780273438,710.8399047851562,19191,0.0,0.0,0.0
2026-09-16 11:21:00-04:00,710.844970703125,710.8699951171875,710.719970703125,710.8400268554688,22745,0.0,0.0,0.0
2026-09-16 11:22:00-04:00,710.8400268554688,710.9199829101562,710.8300170898438,710.8900146484375,29175,0.0,0.0,0.0
2026-09-16 11:23:00-04:00,710.9299926757812,710.989990234375,710.880126953125,710.8900146484375,34142,0.0,0.0,0.0
2026-09-16 11:24:00-04:00,710.9000244140625,711.1400146484375,710.8900146484375,711.1080932617188,29558,0.0,0.0,0.0
2026-09-16 11:25:00-04:00,711.080078125,711.2999877929688,710.9456176757812,711.2999877929688,28346,0.0,0.0,0.0
2026-09-16 11:26:00-04:00,711.3099975585938,711.3099975585938,711.1021728515625,711.1199951171875,94956,0.0,0.0,0.0
2026-09-16 11:27:00-04:00,711.1300048828125,711.1599731445312,711.0441284179688,711.1300048828125,25348,0.0,0.0,0.0
2026-09-16 11:28:00-04:00,711.1400146484375,711.1782836914062,710.8300170898438,710.8306274414062,70862,0.0,0.0,0.0
2026-09-16 11:29:00-04:00,710.8499755859375,710.8900146484375,710.7620239257812,710.8699951171875,18985,0.0,0.0,0.0
2026-09-16 11:30:00-04:00,710.9000244140625,710.9600219726562,710.610107421875,710.6300048828125,28671,0.0,0.0,0.0
2026-09-16 11:31:00-04:00,710.6400146484375,710.6900024414062,710.52001953125,710.5750122070312,29224,0.0,0.0,0.0
2026-09-16 11:32:00-04:00,710.5477905273438,710.5477905273438,710.4000244140625,710.4000244140625,25865,0.0,0.0,0.0
2026-09-16 11:33:00-04:00,710.4149780273438,710.4400024414062,710.3599853515625,710.3699951171875,28742,0.0,0.0,0.0
2026-09-16 11:34:00-04:00,710.39501953125,710.5499877929688,710.2999877929688,710.4600219726562,60669,0.0,0.0,0.0
2026-09-16 11:35:00-04:00,710.489990234375,710.5739135742188,710.385009765625,710.510009765625,57470,0.0,0.0,0.0
2026-09-16 11:36:00-04:00,710.530029296875,710.6199951171875,710.4400024414062,710.5750122070312,40432,0.0,0.0,0.0
2026-09-16 11:37:00-04:00,710.5349731445312,710.6099853515625,710.3300170898438,710.4249877929688,49473,0.0,0.0,0.0
2026-09-16 11:38:00-04:00,710.4099731445312,710.6199951171875,710.385009765625,710.5800170898438,26234,0.0,0.0,0.0
2026-09-16 11:39:00-04:00,710.65771484375,710.8300170898438,710.52001953125,710.5599975585938,28190,0.0,0.0,0.0
2026-09-16 11:40:00-04:00,710.5698852539062,710.73681640625,710.5698852539062,710.7000732421875,23749,0.0,0.0,0.0
2026-09-16 11:41:00-04:00,710.7000122070312,710.7000122070312,710.47998046875,710.47998046875,40023,0.0,0.0,0.0
2026-09-16 11:42:00-04:00,710.5,710.6099853515625,710.344970703125,710.6099853515625,27298,0.0,0.0,0.0
2026-09-16 11:43:00-04:00,710.5900268554688,710.6300048828125,710.5040283203125,710.5402221679688,17828,0.0,0.0,0.0
2026-09-16 11:44:00-04:00,710.5399780273438,710.7000122070312,710.5399780273438,710.5999755859375,16150,0.0,0.0,0.0
2026-09-16 11:45:00-04:00,710.5900268554688,710.639892578125,710.5,710.5665283203125,19496,0.0,0.0,0.0
2026-09-16 11:46:00-04:00,710.5599975585938,710.6300048828125,710.4404296875,710.50048828125,19436,0.0,0.0,0.0
2026-09-16 11:47:00-04:00,710.52001953125,711.8499755859375,710.4998779296875,711.4450073242188,208819,0.0,0.0,0.0
2026-09-16 11:48:00-04:00,711.3800048828125,711.5700073242188,711.27001953125,711.5700073242188,103216,0.0,0.0,0.0
2026-09-16 11:49:00-04:00,711.5399780273438,711.5700073242188,711.219970703125,711.3400268554688,47824,0.0,0.0,0.0
2026-09-16 11:50:00-04:00,711.3800048828125,711.4500122070312,711.1599731445312,711.2962036132812,49029,0.0,0.0,0.0
2026-09-16 11:51:00-04:00,711.27001953125,711.27001953125,711.0504760742188,711.1099853515625,25334,0.0,0.0,0.0
2026-09-16 11:52:00-04:00,711.114990234375,711.2100219726562,710.9901123046875,711.1798706054688,48124,0.0,0.0,0.0
2026-09-16 11:53:00-04:00,711.2000122070312,711.2675170898438,710.9705200195312,711.0399780273438,20265,0.0,0.0,0.0
2026-09-16 11:54:00-04:00,711.0449829101562,711.1199951171875,710.9500732421875,711.030029296875,11100,0.0,0.0,0.0
2026-09-16 11:55:00-04:00,710.9650268554688,711.0789184570312,710.8200073242188,711.0759887695312,19975,0.0,0.0,0.0
2026-09-16 11:56:00-04:00,711.0399780273438,711.0499877929688,710.8519287109375,711.0128173828125,14022,0.0,0.0,0.0
2026-09-16 11:57:00-04:00,710.97998046875,711.02880859375,710.7999877929688,710.9299926757812,20398,0.0,0.0,0.0
2026-09-16 11:58:00-04:00,710.9299926757812,711.0299072265625,710.9199829101562,710.969970703125,14111,0.0,0.0,0.0
2026-09-16 11:59:00-04:00,710.969970703125,710.989990234375,710.630126953125,710.630126953125,19000,0.0,0.0,0.0
2026-09-16 12:00:00-04:00,710.6699829101562,710.72998046875,710.5639038085938,710.635009765625,47702,0.0,0.0,0.0
2026-09-16 12:01:00-04:00,710.635009765625,710.635009765625,710.3800048828125,710.4016723632812,18751,0.0,0.0,0.0
2026-09-16 12:02:00-04:00,710.4201049804688,710.47998046875,710.3200073242188,710.4080200195312,22188,0.0,0.0,0.0
2026-09-16 12:03:00-04:00,710.4099731445312,710.4199829101562,710.2000122070312,710.260009765625,26403,0.0,0.0,0.0
2026-09-16 12:04:00-04:00,710.25,710.25,710.1300048828125,710.1500244140625,25718,0.0,0.0,0.0
2026-09-16 12:05:00-04:00,710.1300048828125,710.2949829101562,710.0999755859375,710.25,25262,0.0,0.0,0.0
2026-09-16 12:06:00-04:00,710.260009765625,710.3699951171875,710.239990234375,710.280029296875,14946,0.0,0.0,0.0
2026-09-16 12:07:00-04:00,710.25,710.3099975585938,710.1715087890625,710.1715087890625,22420,0.0,0.0,0.0
2026-09-16 12:08:00-04:00,710.1699829101562,710.280029296875,710.1597900390625,710.260009765625,22716,0.0,0.0,0.0
2026-09-16 12:09:00-04:00,710.260009765625,710.4400024414062,710.260009765625,710.330078125,21588,0.0,0.0,0.0
2026-09-16 12:10:00-04:00,710.3400268554688,710.3800048828125,710.280029296875,710.3250122070312,12128,0.0,0.0,0.0
2026-09-16 12:11:00-04:00,710.3049926757812,710.3049926757812,710.1599731445312,710.1799926757812,26525,0.0,0.0,0.0
2026-09-16 12:12:00-04:00,710.1900024414062,710.2100219726562,710.010009765625,710.0599975585938,38382,0.0,0.0,0.0
2026-09-16 12:13:00-04:00,710.0599975585938,710.3179931640625,710.0499877929688,710.315185546875,20642,0.0,0.0,0.0
2026-09-16 12:14:00-04:00,710.239990234375,710.3098754882812,710.2340087890625,710.3098754882812,10278,0.0,0.0,0.0
2026-09-16 12:15:00-04:00,710.3300170898438,710.489990234375,710.2899780273438,710.47998046875,33643,0.0,0.0,0.0
2026-09-16 12:16:00-04:00,710.489990234375,710.5,710.3399047851562,710.4000244140625,18578,0.0,0.0,0.0
2026-09-16 12:17:00-04:00,710.3699951171875,710.5700073242188,710.3699951171875,710.5590209960938,11814,0.0,0.0,0.0
2026-09-16 12:18:00-04:00,710.5599975585938,710.5994873046875,710.431884765625,710.431884765625,16275,0.0,0.0,0.0
2026-09-16 12:19:00-04:00,710.469970703125,710.5025024414062,710.4099731445312,710.489990234375,14151,0.0,0.0,0.0
2026-09-16 12:20:00-04:00,710.47998046875,710.47998046875,710.2783813476562,710.3800048828125,16905,0.0,0.0,0.0
2026-09-16 12:21:00-04:00,710.35498046875,710.3599853515625,710.1400146484375,710.146484375,12303,0.0,0.0,0.0
2026-09-16 12:22:00-04:00,710.1400146484375,710.1561889648438,709.9299926757812,710.0800170898438,39282,0.0,0.0,0.0
2026-09-16 12:23:00-04:00,710.0800170898438,710.1599731445312,710.0399169921875,710.0819702148438,15228,0.0,0.0,0.0
2026-09-16 12:24:00-04:00,710.0700073242188,710.0999755859375,709.989990234375,709.9949951171875,30247,0.0,0.0,0.0
2026-09-16 12:25:00-04:00,710.0,710.0900268554688,709.9660034179688,710.0900268554688,14044,0.0,0.0,0.0
2026-09-16 12:26:00-04:00,710.0499877929688,710.1754150390625,710.0499877929688,710.1754150390625,18193,0.0,0.0,0.0
2026-09-16 12:27:00-04:00,710.1793823242188,710.1799926757812,710.0700073242188,710.0900268554688,13114,0.0,0.0,0.0
2026-09-16 12:28:00-04:00,710.0800170898438,710.1893920898438,710.010009765625,710.1633911132812,13442,0.0,0.0,0.0
2026-09-16 12:29:00-04:00,710.1510009765625,710.3800048828125,710.1500244140625,710.3499755859375,33222,0.0,0.0,0.0
2026-09-16 12:30:00-04:00,710.3400268554688,710.4099731445312,710.2899780273438,710.3170776367188,14157,0.0,0.0,0.0
2026-09-16 12:31:00-04:00,710.326904296875,710.3900146484375,710.1300048828125,710.1400146484375,17778,0.0,0.0,0.0
2026-09-16 12:32:00-04:00,710.1400146484375,710.1749877929688,709.9600219726562,710.0,52739,0.0,0.0,0.0
2026-09-16 12:33:00-04:00,710.0,710.0650024414062,709.8800048828125,709.880126953125,35777,0.0,0.0,0.0
2026-09-16 12:34:00-04:00,709.8950805664062,709.969970703125,709.8699951171875,709.8807983398438,31675,0.0,0.0,0.0
2026-09-16 12:35:00-04:00,709.8800048828125,710.0700073242188,709.8800048828125,710.0,10976,0.0,0.0,0.0
2026-09-16 12:36:00-04:00,709.97998046875,710.06201171875,709.97998046875,710.0399780273438,75307,0.0,0.0,0.0
2026-09-16 12:37:00-04:00,710.010009765625,710.0900268554688,709.9299926757812,709.97998046875,20469,0.0,0.0,0.0
2026-09-16 12:38:00-04:00,709.97998046875,710.0399780273438,709.9600830078125,710.0399780273438,9435,0.0,0.0,0.0
2026-09-16 12:39:00-04:00,710.02001953125,710.0700073242188,709.9199829101562,710.02001953125,15278,0.0,0.0,0.0
2026-09-16 12:40:00-04:00,710.0180053710938,710.0700073242188,709.9500122070312,710.0662231445312,20117,0.0,0.0,0.0
2026-09-16 12:41:00-04:00,710.0499877929688,710.0499877929688,709.9600219726562,710.0050048828125,34330,0.0,0.0,0.0
2026-09-16 12:42:00-04:00,710.0,710.030029296875,709.9400024414062,710.0,25019,0.0,0.0,0.0
2026-09-16 12:43:00-04:00,710.0,710.028076171875,709.9400024414062,710.0180053710938,15543,0.0,0.0,0.0
2026-09-16 12:44:00-04:00,710.0150146484375,710.1500244140625,710.0,710.0,21010,0.0,0.0,0.0
2026-09-16 12:45:00-04:00,710.010009765625,710.239990234375,710.010009765625,710.2349853515625,20859,0.0,0.0,0.0
2026-09-16 12:46:00-04:00,710.219970703125,710.4199829101562,710.2000122070312,710.4199829101562,20158,0.0,0.0,0.0
2026-09-16 12:47:00-04:00,710.4099731445312,710.5,710.3800048828125,710.469970703125,12955,0.0,0.0,0.0
2026-09-16 12:48:00-04:00,710.47998046875,710.52001953125,710.4199829101562,710.469970703125,16291,0.0,0.0,0.0
2026-09-16 12:49:00-04:00,710.469970703125,710.5050048828125,710.3900146484375,710.3900146484375,18590,0.0,0.0,0.0
2026-09-16 12:50:00-04:00,710.3599853515625,710.4199829101562,710.0900268554688,710.0900268554688,25716,0.0,0.0,0.0
2026-09-16 12:51:00-04:00,710.0800170898438,710.18017578125,710.030029296875,710.030029296875,17888,0.0,0.0,0.0
2026-09-16 12:52:00-04:00,710.0599975585938,710.0800170898438,709.9099731445312,710.0599975585938,27093,0.0,0.0,0.0
2026-09-16 12:53:00-04:00,710.0499877929688,710.05517578125,709.9650268554688,710.02001953125,12242,0.0,0.0,0.0
2026-09-16 12:54:00-04:00,710.0280151367188,710.093994140625,710.010009765625,710.093994140625,9772,0.0,0.0,0.0
2026-09-16 12:55:00-04:00,710.0919799804688,710.2100219726562,710.0900268554688,710.185791015625,10341,0.0,0.0,0.0
2026-09-16 12:56:00-04:00,710.1699829101562,710.2100219726562,710.0900268554688,710.0900268554688,9664,0.0,0.0,0.0
2026-09-16 12:57:00-04:00,710.1099853515625,710.1599731445312,710.0349731445312,710.0900268554688,7864,0.0,0.0,0.0
2026-09-16 12:58:00-04:00,710.0999755859375,710.1300048828125,710.0599975585938,710.1300048828125,12398,0.0,0.0,0.0
2026-09-16 12:59:00-04:00,710.1199951171875,710.1199951171875,709.9600219726562,709.9650268554688,20603,0.0,0.0,0.0
2026-09-16 13:00:00-04:00,709.97998046875,709.97998046875,709.5599975585938,709.5806884765625,40709,0.0,0.0,0.0
2026-09-16 13:01:00-04:00,709.5900268554688,709.6199951171875,709.502197265625,709.5399780273438,36450,0.0,0.0,0.0
2026-09-16 13:02:00-04:00,709.5133056640625,709.5789794921875,709.4400024414062,709.5,30645,0.0,0.0,0.0
2026-09-16 13:03:00-04:00,709.530029296875,709.5399780273438,709.280029296875,709.3442993164062,50345,0.0,0.0,0.0
2026-09-16 13:04:00-04:00,709.3499755859375,709.49951171875,709.3400268554688,709.4635009765625,16593,0.0,0.0,0.0
2026-09-16 13:05:00-04:00,709.4749755859375,709.530029296875,709.3900146484375,709.39599609375,18431,0.0,0.0,0.0
2026-09-16 13:06:00-04:00,709.3900756835938,709.52001953125,709.3900756835938,709.4248046875,13617,0.0,0.0,0.0
2026-09-16 13:07:00-04:00,709.4500122070312,709.530029296875,709.4099731445312,709.489990234375,14868,0.0,0.0,0.0
2026-09-16 13:08:00-04:00,709.47998046875,709.5399780273438,709.4550170898438,709.510986328125,26169,0.0,0.0,0.0
2026-09-16 13:09:00-04:00,709.4910278320312,709.5700073242188,709.469970703125,709.5700073242188,13280,0.0,0.0,0.0
2026-09-16 13:10:00-04:00,709.5700073242188,709.6400146484375,709.510009765625,709.5399780273438,13965,0.0,0.0,0.0
2026-09-16 13:11:00-04:00,709.5499877929688,709.5999755859375,709.4199829101562,709.4199829101562,25581,0.0,0.0,0.0
2026-09-16 13:12:00-04:00,709.4199829101562,709.489990234375,709.4000244140625,709.4400024414062,11413,0.0,0.0,0.0
2026-09-16 13:13:00-04:00,709.4699096679688,709.5698852539062,709.4699096679688,709.5499267578125,7702,0.0,0.0,0.0
2026-09-16 13:14:00-04:00,709.5399780273438,709.8200073242188,709.5399780273438,709.75,16715,0.0,0.0,0.0
2026-09-16 13:15:00-04:00,709.7550048828125,709.780029296875,709.6900024414062,709.7249755859375,17682,0.0,0.0,0.0
2026-09-16 13:16:00-04:00,709.719970703125,709.8200073242188,709.6950073242188,709.8200073242188,19593,0.0,0.0,0.0
2026-09-16 13:17:00-04:00,709.8599853515625,709.8599853515625,709.7000122070312,709.72998046875,19995,0.0,0.0,0.0
2026-09-16 13:18:00-04:00,709.6799926757812,709.7999877929688,709.6699829101562,709.6900024414062,8345,0.0,0.0,0.0
2026-09-16 13:19:00-04:00,709.6901245117188,709.7194213867188,709.5800170898438,709.6199951171875,10327,0.0,0.0,0.0
2026-09-16 13:20:00-04:00,709.6300048828125,709.7301025390625,709.6300048828125,709.6909790039062,25931,0.0,0.0,0.0
2026-09-16 13:21:00-04:00,709.6986083984375,709.8099975585938,709.6900024414062,709.7349853515625,7351,0.0,0.0,0.0
2026-09-16 13:22:00-04:00,709.75,709.7650146484375,709.5650024414062,709.5800170898438,10517,0.0,0.0,0.0
2026-09-16 13:23:00-04:00,709.5650024414062,709.5650024414062,709.4199829101562,709.4349975585938,23728,0.0,0.0,0.0
2026-09-16 13:24:00-04:00,709.4299926757812,709.4500122070312,709.3800048828125,709.4500122070312,8028,0.0,0.0,0.0
2026-09-16 13:25:00-04:00,709.4600219726562,709.6599731445312,709.4600219726562,709.6500244140625,11590,0.0,0.0,0.0
2026-09-16 13:26:00-04:00,709.6099853515625,709.6400146484375,709.510009765625,709.6199951171875,13088,0.0,0.0,0.0
2026-09-16 13:27:00-04:00,709.6199951171875,709.6749877929688,709.5800170898438,709.647216796875,15312,0.0,0.0,0.0
2026-09-16 13:28:00-04:00,709.6400146484375,709.6400146484375,709.5449829101562,709.5499877929688,9790,0.0,0.0,0.0
2026-09-16 13:29:00-04:00,709.5499877929688,709.7100219726562,709.5499877929688,709.6849975585938,29050,0.0,0.0,0.0
2026-09-16 13:30:00-04:00,709.7000122070312,709.8300170898438,709.6699829101562,709.6699829101562,19112,0.0,0.0,0.0
2026-09-16 13:31:00-04:00,709.6699829101562,709.6799926757812,709.47998046875,709.52001953125,10371,0.0,0.0,0.0
2026-09-16 13:32:00-04:00,709.5499877929688,709.5698852539062,709.47998046875,709.510009765625,20411,0.0,0.0,0.0
2026-09-16 13:33:00-04:00,709.52001953125,709.5853881835938,709.47998046875,709.5,28182,0.0,0.0,0.0
2026-09-16 13:34:00-04:00,709.469970703125,709.5999755859375,709.469970703125,709.5601196289062,12742,0.0,0.0,0.0
2026-09-16 13:35:00-04:00,709.5800170898438,709.580078125,709.510009765625,709.5700073242188,9913,0.0,0.0,0.0
2026-09-16 13:36:00-04:00,709.6099853515625,709.6500244140625,709.530029296875,709.5900268554688,18671,0.0,0.0,0.0
2026-09-16 13:37:00-04:00,709.5999755859375,709.6199951171875,709.530029296875,709.5499877929688,54651,0.0,0.0,0.0
2026-09-16 13:38:00-04:00,709.530029296875,709.5499877929688,709.4199829101562,709.4600219726562,65625,0.0,0.0,0.0
2026-09-16 13:39:00-04:00,709.4600830078125,709.47998046875,709.3099975585938,709.3099975585938,17737,0.0,0.0,0.0
2026-09-16 13:40:00-04:00,709.2999877929688,709.3099975585938,709.0599975585938,709.0850219726562,43807,0.0,0.0,0.0
2026-09-16 13:41:00-04:00,709.0800170898438,709.0999755859375,709.0,709.0800170898438,54650,0.0,0.0,0.0
2026-09-16 13:42:00-04:00,709.0599975585938,709.0800170898438,708.9400024414062,709.0,62637,0.0,0.0,0.0
2026-09-16 13:43:00-04:00,709.0,709.0750122070312,708.8200073242188,708.8200073242188,71054,0.0,0.0,0.0
2026-09-16 13:44:00-04:00,708.8200073242188,708.9000244140625,708.77197265625,708.8790283203125,63069,0.0,0.0,0.0
2026-09-16 13:45:00-04:00,708.8900146484375,709.0999755859375,708.8800048828125,709.0800170898438,36181,0.0,0.0,0.0
2026-09-16 13:46:00-04:00,709.0900268554688,709.2849731445312,709.0900268554688,709.2849731445312,30711,0.0,0.0,0.0
2026-09-16 13:47:00-04:00,709.27001953125,709.3699951171875,709.260009765625,709.3093872070312,25379,0.0,0.0,0.0
2026-09-16 13:48:00-04:00,709.3150024414062,709.3400268554688,709.1199951171875,709.1400146484375,17749,0.0,0.0,0.0
2026-09-16 13:49:00-04:00,709.1500244140625,709.1900024414062,709.0654907226562,709.0900268554688,22194,0.0,0.0,0.0
2026-09-16 13:50:00-04:00,709.1199951171875,709.1199951171875,708.9600219726562,709.0700073242188,16710,0.0,0.0,0.0
2026-09-16 13:51:00-04:00,709.0750122070312,709.1699829101562,709.0399780273438,709.135009765625,44948,0.0,0.0,0.0
2026-09-16 13:52:00-04:00,709.1400146484375,709.27001953125,709.0701293945312,709.27001953125,44803,0.0,0.0,0.0
2026-09-16 13:53:00-04:00,709.260009765625,709.47802734375,709.25,709.47802734375,30388,0.0,0.0,0.0
2026-09-16 13:54:00-04:00,709.489990234375,709.530029296875,709.3580932617188,709.4199829101562,31427,0.0,0.0,0.0
2026-09-16 13:55:00-04:00,709.4099731445312,709.5,709.3709716796875,709.4400024414062,38183,0.0,0.0,0.0
2026-09-16 13:56:00-04:00,709.469970703125,709.8099975585938,709.4199829101562,709.7999877929688,92665,0.0,0.0,0.0
2026-09-16 13:57:00-04:00,709.780029296875,709.8099975585938,709.6699829101562,709.780029296875,114763,0.0,0.0,0.0
2026-09-16 13:58:00-04:00,709.77001953125,710.169921875,709.739990234375,710.1199951171875,69512,0.0,0.0,0.0
2026-09-16 13:59:00-04:00,710.1002197265625,710.2100219726562,709.8499755859375,710.1900024414062,53189,0.0,0.0,0.0
2026-09-16 14:00:00-04:00,710.2100219726562,711.0700073242188,709.4400024414062,709.6900024414062,374444,0.0,0.0,0.0
2026-09-16 14:01:00-04:00,709.6799926757812,709.780029296875,708.6599731445312,708.7899780273438,210577,0.0,0.0,0.0
2026-09-16 14:02:00-04:00,708.8800048828125,709.9594116210938,708.5999755859375,709.9349975585938,162618,0.0,0.0,0.0
2026-09-16 14:03:00-04:00,709.9000244140625,710.3900146484375,709.7999877929688,709.9827270507812,128539,0.0,0.0,0.0
2026-09-16 14:04:00-04:00,709.9299926757812,711.0999755859375,709.719970703125,710.9199829101562,245669,0.0,0.0,0.0
2026-09-16 14:05:00-04:00,710.9400024414062,711.489990234375,710.8599853515625,711.2899780273438,194722,0.0,0.0,0.0
2026-09-16 14:06:00-04:00,711.2750244140625,711.3800048828125,710.5795288085938,710.6599731445312,119344,0.0,0.0,0.0
2026-09-16 14:07:00-04:00,710.7849731445312,711.14501953125,710.5999755859375,711.0800170898438,105251,0.0,0.0,0.0
2026-09-16 14:08:00-04:00,711.030029296875,711.6500244140625,711.0,711.0150146484375,107608,0.0,0.0,0.0
2026-09-16 14:09:00-04:00,711.0,711.106201171875,710.7100219726562,710.7698974609375,126047,0.0,0.0,0.0
2026-09-16 14:10:00-04:00,710.75,710.9500122070312,710.1599731445312,710.3599853515625,98305,0.0,0.0,0.0
2026-09-16 14:11:00-04:00,710.3400268554688,710.5,710.0599975585938,710.1900024414062,70337,0.0,0.0,0.0
2026-09-16 14:12:00-04:00,710.1500244140625,710.260009765625,709.8604736328125,709.9476928710938,57117,0.0,0.0,0.0
2026-09-16 14:13:00-04:00,709.969970703125,710.3200073242188,709.6900024414062,710.1799926757812,121975,0.0,0.0,0.0
2026-09-16 14:14:00-04:00,710.2100219726562,710.4498901367188,709.719970703125,709.8900146484375,32944,0.0,0.0,0.0
2026-09-16 14:15:00-04:00,709.885009765625,710.0399780273438,709.6099853515625,709.6099853515625,28994,0.0,0.0,0.0
2026-09-16 14:16:00-04:00,709.625,709.9000244140625,709.5499877929688,709.8099975585938,29710,0.0,0.0,0.0
2026-09-16 14:17:00-04:00,709.8300170898438,709.97607421875,709.7100219726562,709.9299926757812,33338,0.0,0.0,0.0
2026-09-16 14:18:00-04:00,709.8900146484375,710.1400146484375,709.60009765625,709.625,92986,0.0,0.0,0.0
2026-09-16 14:19:00-04:00,709.6400146484375,710.2899780273438,709.5599975585938,709.9199829101562,123269,0.0,0.0,0.0
2026-09-16 14:20:00-04:00,709.8400268554688,709.9299926757812,709.4500122070312,709.6900024414062,85420,0.0,0.0,0.0
2026-09-16 14:21:00-04:00,709.719970703125,710.1400146484375,709.7100219726562,709.875,48367,0.0,0.0,0.0
2026-09-16 14:22:00-04:00,709.8400268554688,710.22998046875,709.8099975585938,709.8300170898438,33759,0.0,0.0,0.0
2026-09-16 14:23:00-04:00,709.8599853515625,710.0250244140625,709.6599731445312,709.97998046875,51062,0.0,0.0,0.0
2026-09-16 14:24:00-04:00,709.989990234375,710.0399780273438,709.5999755859375,709.6099853515625,39721,0.0,0.0,0.0
2026-09-16 14:25:00-04:00,709.6500244140625,709.75,709.2999877929688,709.3900146484375,44915,0.0,0.0,0.0
2026-09-16 14:26:00-04:00,709.3594970703125,709.5399780273438,709.2103881835938,709.3200073242188,48346,0.0,0.0,0.0
2026-09-16 14:27:00-04:00,709.2999877929688,709.4000244140625,708.5700073242188,708.75,116607,0.0,0.0,0.0
2026-09-16 14:28:00-04:00,708.6630249023438,709.010009765625,708.4500122070312,708.989990234375,85944,0.0,0.0,0.0
2026-09-16 14:29:00-04:00,708.93017578125,709.7498779296875,708.93017578125,709.6651000976562,81875,0.0,0.0,0.0
2026-09-16 14:30:00-04:00,709.5878295898438,709.9199829101562,709.2109985351562,709.3300170898438,75475,0.0,0.0,0.0
2026-09-16 14:31:00-04:00,709.3049926757812,709.3049926757812,708.489990234375,708.7949829101562,59247,0.0,0.0,0.0
2026-09-16 14:32:00-04:00,708.739990234375,708.8499755859375,707.6699829101562,708.0399780273438,198877,0.0,0.0,0.0
2026-09-16 14:33:00-04:00,707.9400024414062,708.5,707.5900268554688,707.905029296875,185660,0.0,0.0,0.0
2026-09-16 14:34:00-04:00,707.9450073242188,708.219970703125,707.52001953125,707.6400146484375,100397,0.0,0.0,0.0
2026-09-16 14:35:00-04:00,707.6199951171875,707.655029296875,706.6900024414062,706.9299926757812,175539,0.0,0.0,0.0
2026-09-16 14:36:00-04:00,706.9249877929688,707.0999755859375,705.89501953125,705.9500122070312,223486,0.0,0.0,0.0
2026-09-16 14:37:00-04:00,706.0,706.5800170898438,705.9600219726562,706.469970703125,181616,0.0,0.0,0.0
2026-09-16 14:38:00-04:00,706.4949951171875,707.7899780273438,706.4949951171875,707.4600219726562,171282,0.0,0.0,0.0
2026-09-16 14:39:00-04:00,707.4998779296875,708.3300170898438,707.4349975585938,708.0800170898438,120967,0.0,0.0,0.0
2026-09-16 14:40:00-04:00,707.9949951171875,708.75,707.9299926757812,708.719970703125,114242,0.0,0.0,0.0
2026-09-16 14:41:00-04:00,708.719970703125,709.4500122070312,708.3800048828125,709.3800048828125,160337,0.0,0.0,0.0
2026-09-16 14:42:00-04:00,709.388916015625,710.4000244140625,709.3699951171875,710.3989868164062,155709,0.0,0.0,0.0
2026-09-16 14:43:00-04:00,710.4000244140625,710.6199951171875,710.030029296875,710.2999877929688,129353,0.0,0.0,0.0
2026-09-16 14:44:00-04:00,710.3200073242188,710.35009765625,709.22998046875,709.3099975585938,168387,0.0,0.0,0.0
2026-09-16 14:45:00-04:00,709.2899780273438,710.0700073242188,709.0399780273438,709.6500244140625,110460,0.0,0.0,0.0
2026-09-16 14:46:00-04:00,709.530029296875,709.5900268554688,708.9000244140625,708.9000244140625,159591,0.0,0.0,0.0
2026-09-16 14:47:00-04:00,708.9000244140625,709.22998046875,708.3400268554688,708.4000244140625,132763,0.0,0.0,0.0
2026-09-16 14:48:00-04:00,708.4002075195312,708.4796142578125,708.030029296875,708.0300903320312,87362,0.0,0.0,0.0
2026-09-16 14:49:00-04:00,708.0499877929688,708.22998046875,707.76611328125,707.9199829101562,69248,0.0,0.0,0.0
2026-09-16 14:50:00-04:00,707.8800048828125,708.2249755859375,707.3300170898438,707.35498046875,108126,0.0,0.0,0.0
2026-09-16 14:51:00-04:00,707.3599853515625,707.72998046875,706.8900146484375,707.72998046875,114884,0.0,0.0,0.0
2026-09-16 14:52:00-04:00,707.72998046875,707.72998046875,706.4500122070312,706.8400268554688,133321,0.0,0.0,0.0
2026-09-16 14:53:00-04:00,706.8599853515625,707.22998046875,706.0399780273438,706.0700073242188,125223,0.0,0.0,0.0
2026-09-16 14:54:00-04:00,706.0900268554688,706.27001953125,705.7249755859375,705.77001953125,156097,0.0,0.0,0.0
2026-09-16 14:55:00-04:00,705.8300170898438,706.47998046875,705.6300048828125,705.7899780273438,149506,0.0,0.0,0.0
2026-09-16 14:56:00-04:00,705.72998046875,705.72998046875,704.97998046875,704.97998046875,247281,0.0,0.0,0.0
2026-09-16 14:57:00-04:00,704.9400024414062,704.9400024414062,704.02001953125,704.5200805664062,217530,0.0,0.0,0.0
2026-09-16 14:58:00-04:00,704.5599975585938,705.0499877929688,704.3599853515625,704.8582763671875,180486,0.0,0.0,0.0
2026-09-16 14:59:00-04:00,704.8900146484375,705.3200073242188,704.1799926757812,704.280029296875,191677,0.0,0.0,0.0
2026-09-16 15:00:00-04:00,704.3099975585938,705.6500244140625,704.0750122070312,705.52001953125,310230,0.0,0.0,0.0
2026-09-16 15:01:00-04:00,705.52001953125,705.760009765625,704.8699951171875,704.9000244140625,220212,0.0,0.0,0.0
2026-09-16 15:02:00-04:00,704.9500122070312,705.2899780273438,704.6699829101562,704.9409790039062,127670,0.0,0.0,0.0
2026-09-16 15:03:00-04:00,705.0,705.8699951171875,704.8099975585938,705.6799926757812,131017,0.0,0.0,0.0
2026-09-16 15:04:00-04:00,705.6950073242188,706.02001953125,705.1400756835938,705.3800048828125,200217,0.0,0.0,0.0
2026-09-16 15:05:00-04:00,705.2999877929688,705.3300170898438,704.25,705.030029296875,185607,0.0,0.0,0.0
2026-09-16 15:06:00-04:00,705.02001953125,705.3800048828125,704.8499755859375,704.969970703125,119448,0.0,0.0,0.0
2026-09-16 15:07:00-04:00,704.9149780273438,704.9149780273438,704.1099853515625,704.52001953125,100260,0.0,0.0,0.0
2026-09-16 15:08:00-04:00,704.5900268554688,704.6998901367188,703.52001953125,703.760009765625,241372,0.0,0.0,0.0
2026-09-16 15:09:00-04:00,703.8099975585938,703.844970703125,703.239990234375,703.6663818359375,151217,0.0,0.0,0.0
2026-09-16 15:10:00-04:00,703.6599731445312,703.8300170898438,702.760009765625,702.8099975585938,196923,0.0,0.0,0.0
2026-09-16 15:11:00-04:00,702.8099975585938,702.984619140625,702.1099853515625,702.260009765625,235086,0.0,0.0,0.0
2026-09-16 15:12:00-04:00,702.260009765625,702.4998779296875,701.8900146484375,702.0499877929688,273297,0.0,0.0,0.0
2026-09-16 15:13:00-04:00,702.0399780273438,702.280029296875,701.489990234375,701.625,262082,0.0,0.0,0.0
2026-09-16 15:14:00-04:00,701.6300048828125,702.3900146484375,701.3499755859375,701.909912109375,291694,0.0,0.0,0.0
2026-09-16 15:15:00-04:00,701.85498046875,702.6699829101562,701.7899780273438,701.9600219726562,225142,0.0,0.0,0.0
2026-09-16 15:16:00-04:00,701.969970703125,701.969970703125,701.3499755859375,701.9400024414062,205591,0.0,0.0,0.0
2026-09-16 15:17:00-04:00,701.9000244140625,702.1199951171875,701.5750122070312,701.6865844726562,158790,0.0,0.0,0.0
2026-09-16 15:18:00-04:00,701.6900024414062,701.9699096679688,701.469970703125,701.489990234375,160609,0.0,0.0,0.0
2026-09-16 15:19:00-04:00,701.4901123046875,701.6400146484375,700.7662963867188,701.3300170898438,191786,0.0,0.0,0.0
2026-09-16 15:20:00-04:00,701.3599853515625,701.8400268554688,701.0399780273438,701.0399780273438,178438,0.0,0.0,0.0
2026-09-16 15:21:00-04:00,701.1500244140625,701.2100219726562,700.8499755859375,701.2100219726562,139717,0.0,0.0,0.0
2026-09-16 15:22:00-04:00,701.22998046875,701.5499877929688,700.6799926757812,700.8099975585938,158831,0.0,0.0,0.0
2026-09-16 15:23:00-04:00,700.8200073242188,701.3699951171875,700.77001953125,701.0,166484,0.0,0.0,0.0
2026-09-16 15:24:00-04:00,701.030029296875,701.4600219726562,700.8400268554688,701.369384765625,123282,0.0,0.0,0.0
2026-09-16 15:25:00-04:00,701.4299926757812,701.6900024414062,700.3099975585938,700.3099975585938,185569,0.0,0.0,0.0
2026-09-16 15:26:00-04:00,700.27001953125,700.4000244140625,700.0800170898438,700.22998046875,184578,0.0,0.0,0.0
2026-09-16 15:27:00-04:00,700.2399291992188,700.9099731445312,700.0,700.8150024414062,176923,0.0,0.0,0.0
2026-09-16 15:28:00-04:00,700.780029296875,701.0999755859375,700.3616943359375,700.5399780273438,153410,0.0,0.0,0.0
2026-09-16 15:29:00-04:00,700.5794067382812,701.9863891601562,700.5700073242188,701.8900146484375,142764,0.0,0.0,0.0
2026-09-16 15:30:00-04:00,701.875,702.239990234375,701.655029296875,702.2100219726562,160385,0.0,0.0,0.0
2026-09-16 15:31:00-04:00,702.1649780273438,702.489990234375,702.0599975585938,702.2650146484375,199423,0.0,0.0,0.0
2026-09-16 15:32:00-04:00,702.280029296875,702.9600219726562,702.1849975585938,702.77001953125,212106,0.0,0.0,0.0
2026-09-16 15:33:00-04:00,702.7598876953125,703.0399780273438,702.3200073242188,702.85009765625,201220,0.0,0.0,0.0
2026-09-16 15:34:00-04:00,702.8699951171875,703.4500122070312,702.72998046875,703.4249877929688,164325,0.0,0.0,0.0
2026-09-16 15:35:00-04:00,703.4000244140625,703.52001953125,702.8900146484375,703.2000122070312,374008,0.0,0.0,0.0
2026-09-16 15:36:00-04:00,703.1599731445312,703.1900024414062,702.172607421875,702.3300170898438,212024,0.0,0.0,0.0
2026-09-16 15:37:00-04:00,702.3400268554688,703.02001953125,702.1599731445312,703.02001953125,129409,0.0,0.0,0.0
2026-09-16 15:38:00-04:00,703.0150146484375,703.1199951171875,702.6849975585938,702.739990234375,132532,0.0,0.0,0.0
2026-09-16 15:39:00-04:00,702.780029296875,703.4000244140625,702.780029296875,703.280029296875,99665,0.0,0.0,0.0
2026-09-16 15:40:00-04:00,703.2763061523438,703.3400268554688,702.989990234375,703.0900268554688,375797,0.0,0.0,0.0
2026-09-16 15:41:00-04:00,703.1300048828125,703.6799926757812,702.659912109375,702.659912109375,238001,0.0,0.0,0.0
2026-09-16 15:42:00-04:00,702.6099853515625,702.8800048828125,702.3200073242188,702.719970703125,93667,0.0,0.0,0.0
2026-09-16 15:43:00-04:00,702.7100219726562,703.1099853515625,702.6799926757812,703.030029296875,124530,0.0,0.0,0.0
2026-09-16 15:44:00-04:00,702.989990234375,703.260009765625,702.7150268554688,702.860107421875,159975,0.0,0.0,0.0
2026-09-16 15:45:00-04:00,702.8800048828125,703.8400268554688,702.8599853515625,703.8350219726562,126468,0.0,0.0,0.0
2026-09-16 15:46:00-04:00,703.8099975585938,704.0900268554688,703.6400146484375,703.75,148133,0.0,0.0,0.0
2026-09-16 15:47:00-04:00,703.760009765625,704.1099853515625,703.68701171875,704.0800170898438,88461,0.0,0.0,0.0
2026-09-16 15:48:00-04:00,704.0850219726562,704.3400268554688,703.9000244140625,704.2000122070312,83380,0.0,0.0,0.0
2026-09-16 15:49:00-04:00,704.2000122070312,704.3099975585938,704.0,704.0900268554688,116639,0.0,0.0,0.0
2026-09-16 15:50:00-04:00,704.0900268554688,704.6400146484375,704.0,704.5549926757812,224119,0.0,0.0,0.0
2026-09-16 15:51:00-04:00,704.5399780273438,704.77001953125,704.0800170898438,704.1400146484375,191110,0.0,0.0,0.0
2026-09-16 15:52:00-04:00,704.0919799804688,704.369384765625,703.9000244140625,704.344970703125,107124,0.0,0.0,0.0
2026-09-16 15:53:00-04:00,704.3499755859375,704.4199829101562,703.9635009765625,704.0800170898438,114677,0.0,0.0,0.0
2026-09-16 15:54:00-04:00,704.0900268554688,704.6400146484375,703.8699951171875,704.4000244140625,143317,0.0,0.0,0.0
2026-09-16 15:55:00-04:00,704.4000244140625,704.4400024414062,703.9199829101562,704.3499755859375,196132,0.0,0.0,0.0
2026-09-16 15:56:00-04:00,704.3599243164062,704.5499877929688,704.1799926757812,704.5499877929688,143890,0.0,0.0,0.0
2026-09-16 15:57:00-04:00,704.5499877929688,704.5999755859375,704.1199951171875,704.260009765625,195754,0.0,0.0,0.0
2026-09-16 15:58:00-04:00,704.27001953125,704.3300170898438,704.0900268554688,704.3150024414062,274671,0.0,0.0,0.0
2026-09-16 15:59:00-04:00,704.3200073242188,705.030029296875,704.1400146484375,704.75,924365,0.0,0.0,0.0
2026-09-17 09:30:00-04:00,716.0499877929688,716.3699951171875,715.4600219726562,715.9400024414062,2400810,0.0,0.0,0.0
2026-09-17 09:31:00-04:00,715.9099731445312,716.0599975585938,714.8499755859375,714.8699951171875,266314,0.0,0.0,0.0
2026-09-17 09:32:00-04:00,714.8699951171875,715.1300048828125,714.6400146484375,714.8800048828125,191342,0.0,0.0,0.0
2026-09-17 09:33:00-04:00,714.9000244140625,714.9600219726562,714.3099975585938,714.5,144062,0.0,0.0,0.0
2026-09-17 09:34:00-04:00,714.5,714.6199951171875,714.0599975585938,714.1099853515625,224796,0.0,0.0,0.0
2026-09-17 09:35:00-04:00,714.1099853515625,714.5,714.1099853515625,714.3900146484375,204863,0.0,0.0,0.0
2026-09-17 09:36:00-04:00,714.4400024414062,714.719970703125,713.969970703125,714.2849731445312,257452,0.0,0.0,0.0
2026-09-17 09:37:00-04:00,714.3099975585938,714.3250122070312,713.77001953125,713.77001953125,136074,0.0,0.0,0.0
2026-09-17 09:38:00-04:00,713.7750244140625,713.835205078125,713.3200073242188,713.5175170898438,121879,0.0,0.0,0.0
2026-09-17 09:39:00-04:00,713.52001953125,713.72900390625,713.4199829101562,713.6699829101562,139722,0.0,0.0,0.0
2026-09-17 09:40:00-04:00,713.6799926757812,713.989990234375,713.510009765625,713.9375,137599,0.0,0.0,0.0
2026-09-17 09:41:00-04:00,713.9299926757812,714.1799926757812,713.5900268554688,713.6699829101562,167753,0.0,0.0,0.0
2026-09-17 09:42:00-04:00,713.6699829101562,714.25,713.5150146484375,714.25,99227,0.0,0.0,0.0
2026-09-17 09:43:00-04:00,714.27001953125,714.3798828125,713.760009765625,713.9578247070312,145828,0.0,0.0,0.0
2026-09-17 09:44:00-04:00,713.989990234375,714.3150024414062,713.8800048828125,714.2100219726562,83608,0.0,0.0,0.0
2026-09-17 09:45:00-04:00,714.22998046875,714.780029296875,713.9199829101562,713.9199829101562,175592,0.0,0.0,0.0
2026-09-17 09:46:00-04:00,713.9099731445312,714.5,713.7999877929688,714.469970703125,99016,0.0,0.0,0.0
2026-09-17 09:47:00-04:00,714.4600219726562,714.8499755859375,714.3200073242188,714.6500244140625,127523,0.0,0.0,0.0
2026-09-17 09:48:00-04:00,714.6699829101562,714.6900024414062,714.25,714.3300170898438,94208,0.0,0.0,0.0
2026-09-17 09:49:00-04:00,714.3900146484375,714.74951171875,714.0344848632812,714.739990234375,135196,0.0,0.0,0.0
2026-09-17 09:50:00-04:00,714.760009765625,714.97998046875,714.614990234375,714.9099731445312,150546,0.0,0.0,0.0
2026-09-17 09:51:00-04:00,714.9400024414062,714.9600219726562,714.280029296875,714.7899780273438,76045,0.0,0.0,0.0
2026-09-17 09:52:00-04:00,714.7899780273438,714.9500122070312,714.6900024414062,714.9400024414062,122564,0.0,0.0,0.0
2026-09-17 09:53:00-04:00,714.9199829101562,715.0,714.739990234375,714.9400024414062,101246,0.0,0.0,0.0
2026-09-17 09:54:00-04:00,714.9400024414062,715.4949951171875,714.9400024414062,715.0399780273438,132620,0.0,0.0,0.0
2026-09-17 09:55:00-04:00,715.030029296875,715.22998046875,714.8099975585938,714.9500122070312,117121,0.0,0.0,0.0
2026-09-17 09:56:00-04:00,714.9500122070312,715.0599975585938,714.75,714.9199829101562,60307,0.0,0.0,0.0
2026-09-17 09:57:00-04:00,714.9500122070312,715.0499877929688,714.760009765625,714.9500122070312,49987,0.0,0.0,0.0
2026-09-17 09:58:00-04:00,714.97998046875,715.1452026367188,714.8699951171875,714.9600219726562,59333,0.0,0.0,0.0
2026-09-17 09:59:00-04:00,714.989990234375,715.3800048828125,714.9500122070312,715.3699951171875,66826,0.0,0.0,0.0
2026-09-17 10:00:00-04:00,715.4099731445312,715.4099731445312,714.7899780273438,714.8300170898438,92972,0.0,0.0,0.0
2026-09-17 10:01:00-04:00,714.8300170898438,714.9600219726562,714.4299926757812,714.9000244140625,121913,0.0,0.0,0.0
2026-09-17 10:02:00-04:00,714.8800048828125,714.9949951171875,714.530029296875,714.760009765625,74727,0.0,0.0,0.0
2026-09-17 10:03:00-04:00,714.739990234375,714.9349975585938,714.4500122070312,714.9295043945312,64903,0.0,0.0,0.0
2026-09-17 10:04:00-04:00,714.9299926757812,715.0599975585938,714.6820068359375,714.9708862304688,55670,0.0,0.0,0.0
2026-09-17 10:05:00-04:00,715.0399780273438,715.0800170898438,714.7999877929688,714.9299926757812,48952,0.0,0.0,0.0
2026-09-17 10:06:00-04:00,715.02001953125,715.1849975585938,714.885009765625,714.9100952148438,37538,0.0,0.0,0.0
2026-09-17 10:07:00-04:00,714.9005126953125,714.9005126953125,714.1599731445312,714.25,94133,0.0,0.0,0.0
2026-09-17 10:08:00-04:00,714.2700805664062,714.8392944335938,714.27001953125,714.760009765625,40868,0.0,0.0,0.0
2026-09-17 10:09:00-04:00,714.760009765625,714.885009765625,714.530029296875,714.607177734375,41738,0.0,0.0,0.0
2026-09-17 10:10:00-04:00,714.614990234375,715.0499877929688,714.5800170898438,714.7750244140625,62655,0.0,0.0,0.0
2026-09-17 10:11:00-04:00,714.77001953125,714.7899780273438,714.344970703125,714.6900024414062,71427,0.0,0.0,0.0
2026-09-17 10:12:00-04:00,714.6300048828125,715.1599731445312,714.5999755859375,715.0700073242188,82630,0.0,0.0,0.0
2026-09-17 10:13:00-04:00,715.0750122070312,715.6179809570312,715.0,715.5999755859375,84742,0.0,0.0,0.0
2026-09-17 10:14:00-04:00,715.6300048828125,716.02001953125,715.60498046875,715.8499755859375,133322,0.0,0.0,0.0
2026-09-17 10:15:00-04:00,715.8499755859375,715.9450073242188,715.6699829101562,715.7000122070312,224633,0.0,0.0,0.0
2026-09-17 10:16:00-04:00,715.7294921875,715.969970703125,715.7294921875,715.9299926757812,71482,0.0,0.0,0.0
2026-09-17 10:17:00-04:00,715.9099731445312,716.0999145507812,715.8099975585938,715.8499755859375,73070,0.0,0.0,0.0
2026-09-17 10:18:00-04:00,715.8499755859375,716.030029296875,715.739990234375,715.8300170898438,73597,0.0,0.0,0.0
2026-09-17 10:19:00-04:00,715.8499755859375,715.8900146484375,715.5650024414062,715.8800048828125,49717,0.0,0.0,0.0
2026-09-17 10:20:00-04:00,715.8740234375,715.8900146484375,715.4605102539062,715.592529296875,47468,0.0,0.0,0.0
2026-09-17 10:21:00-04:00,715.5850219726562,715.8099975585938,715.5599975585938,715.760009765625,36788,0.0,0.0,0.0
2026-09-17 10:22:00-04:00,715.77001953125,715.9199829101562,715.7050170898438,715.739990234375,47614,0.0,0.0,0.0
2026-09-17 10:23:00-04:00,715.7349853515625,716.1494750976562,715.7349853515625,716.1204833984375,66358,0.0,0.0,0.0
2026-09-17 10:24:00-04:00,716.0999755859375,716.219970703125,715.9400024414062,716.1400146484375,81704,0.0,0.0,0.0
2026-09-17 10:25:00-04:00,716.1599731445312,716.219970703125,715.9500122070312,716.0700073242188,53042,0.0,0.0,0.0
2026-09-17 10:26:00-04:00,716.0999755859375,716.2999877929688,716.030029296875,716.2999877929688,77921,0.0,0.0,0.0
2026-09-17 10:27:00-04:00,716.280029296875,716.530029296875,716.1699829101562,716.5150146484375,67271,0.0,0.0,0.0
2026-09-17 10:28:00-04:00,716.52001953125,716.6099853515625,716.1749877929688,716.219970703125,77199,0.0,0.0,0.0
2026-09-17 10:29:00-04:00,716.2100219726562,716.239990234375,715.9450073242188,715.9600219726562,85413,0.0,0.0,0.0
2026-09-17 10:30:00-04:00,715.97998046875,716.2449951171875,715.9000244140625,716.2000122070312,65915,0.0,0.0,0.0
2026-09-17 10:31:00-04:00,716.2000122070312,716.3200073242188,715.969970703125,716.0399780273438,329182,0.0,0.0,0.0
2026-09-17 10:32:00-04:00,716.0499877929688,716.219970703125,715.9559936523438,716.219970703125,64691,0.0,0.0,0.0
2026-09-17 10:33:00-04:00,716.219970703125,716.4199829101562,716.2000122070312,716.260009765625,47363,0.0,0.0,0.0
2026-09-17 10:34:00-04:00,716.25,716.5900268554688,716.2000122070312,716.4909057617188,71808,0.0,0.0,0.0
2026-09-17 10:35:00-04:00,716.510009765625,716.5549926757812,716.219970703125,716.4359741210938,153535,0.0,0.0,0.0
2026-09-17 10:36:00-04:00,716.4500122070312,716.523193359375,716.2899780273438,716.4199829101562,35012,0.0,0.0,0.0
2026-09-17 10:37:00-04:00,716.4400024414062,716.6456298828125,716.4000244140625,716.62060546875,41130,0.0,0.0,0.0
2026-09-17 10:38:00-04:00,716.6300048828125,716.6950073242188,716.4600219726562,716.5700073242188,62492,0.0,0.0,0.0
2026-09-17 10:39:00-04:00,716.5700073242188,716.6799926757812,716.22998046875,716.25,50165,0.0,0.0,0.0
2026-09-17 10:40:00-04:00,716.27001953125,716.6425170898438,716.1799926757812,716.5999145507812,35771,0.0,0.0,0.0
2026-09-17 10:41:00-04:00,716.5999755859375,716.739990234375,716.4000244140625,716.6900024414062,54024,0.0,0.0,0.0
2026-09-17 10:42:00-04:00,716.719970703125,716.7999877929688,716.5999755859375,716.6295776367188,44201,0.0,0.0,0.0
2026-09-17 10:43:00-04:00,716.5999755859375,716.6400146484375,716.3400268554688,716.364990234375,41531,0.0,0.0,0.0
2026-09-17 10:44:00-04:00,716.3699951171875,716.4000244140625,716.0001220703125,716.0399780273438,89749,0.0,0.0,0.0
2026-09-17 10:45:00-04:00,716.0499877929688,716.1199951171875,715.8099975585938,715.8629760742188,70786,0.0,0.0,0.0
2026-09-17 10:46:00-04:00,715.8499755859375,715.9650268554688,715.5399780273438,715.63623046875,51552,0.0,0.0,0.0
2026-09-17 10:47:00-04:00,715.6699829101562,715.7000122070312,715.2100219726562,715.3200073242188,58572,0.0,0.0,0.0
2026-09-17 10:48:00-04:00,715.2905883789062,715.5999755859375,715.2905883789062,715.4500122070312,43460,0.0,0.0,0.0
2026-09-17 10:49:00-04:00,715.4600219726562,715.5999755859375,715.3099975585938,715.5050048828125,52641,0.0,0.0,0.0
2026-09-17 10:50:00-04:00,715.5,715.5800170898438,715.3200073242188,715.3200073242188,261159,0.0,0.0,0.0
2026-09-17 10:51:00-04:00,715.3800048828125,715.6099853515625,715.3800048828125,715.5599975585938,154121,0.0,0.0,0.0
2026-09-17 10:52:00-04:00,715.5599975585938,715.5900268554688,715.4099731445312,715.469970703125,55720,0.0,0.0,0.0
2026-09-17 10:53:00-04:00,715.469970703125,715.5549926757812,715.280029296875,715.3200073242188,109997,0.0,0.0,0.0
2026-09-17 10:54:00-04:00,715.2899780273438,715.29638671875,714.9500122070312,715.0999755859375,185421,0.0,0.0,0.0
2026-09-17 10:55:00-04:00,715.0800170898438,715.2999877929688,714.969970703125,715.0900268554688,78719,0.0,0.0,0.0
2026-09-17 10:56:00-04:00,715.0800170898438,715.3350219726562,714.9199829101562,715.2999877929688,59341,0.0,0.0,0.0
2026-09-17 10:57:00-04:00,715.2999877929688,715.530029296875,715.2999877929688,715.3800048828125,63893,0.0,0.0,0.0
2026-09-17 10:58:00-04:00,715.3800048828125,715.5700073242188,715.2000122070312,715.2650146484375,144228,0.0,0.0,0.0
2026-09-17 10:59:00-04:00,715.219970703125,715.3161010742188,715.0800170898438,715.1749877929688,33345,0.0,0.0,0.0
2026-09-17 11:00:00-04:00,715.22998046875,715.3499755859375,714.9000244140625,715.1900024414062,37264,0.0,0.0,0.0
2026-09-17 11:01:00-04:00,715.1599731445312,715.3099975585938,714.989990234375,715.1599731445312,38963,0.0,0.0,0.0
2026-09-17 11:02:00-04:00,715.0999755859375,715.2396850585938,714.9749755859375,715.1900024414062,181698,0.0,0.0,0.0
2026-09-17 11:03:00-04:00,715.2100219726562,715.39501953125,715.1500244140625,715.1998901367188,29172,0.0,0.0,0.0
2026-09-17 11:04:00-04:00,715.2000122070312,715.22998046875,715.030029296875,715.0599975585938,529853,0.0,0.0,0.0
2026-09-17 11:05:00-04:00,715.0700073242188,715.1099853515625,714.7700805664062,714.7700805664062,103472,0.0,0.0,0.0
2026-09-17 11:06:00-04:00,714.75,714.9199829101562,714.5800170898438,714.8900146484375,54574,0.0,0.0,0.0
2026-09-17 11:07:00-04:00,714.8709716796875,715.135009765625,714.7000122070312,715.1099853515625,41075,0.0,0.0,0.0
2026-09-17 11:08:00-04:00,715.1599731445312,715.3862915039062,715.0399780273438,715.3862915039062,31980,0.0,0.0,0.0
2026-09-17 11:09:00-04:00,715.3800048828125,715.47998046875,715.2150268554688,715.2849731445312,26359,0.0,0.0,0.0
2026-09-17 11:10:00-04:00,715.2874755859375,715.2874755859375,715.0399780273438,715.1699829101562,23897,0.0,0.0,0.0
2026-09-17 11:11:00-04:00,715.114990234375,715.3699951171875,715.0999755859375,715.3499755859375,34629,0.0,0.0,0.0
2026-09-17 11:12:00-04:00,715.3400268554688,715.3599853515625,715.0499877929688,715.0700073242188,16457,0.0,0.0,0.0
2026-09-17 11:13:00-04:00,715.0800170898438,715.3400268554688,715.02001953125,715.3099975585938,32107,0.0,0.0,0.0
2026-09-17 11:14:00-04:00,715.305908203125,715.3599853515625,715.1799926757812,715.2899780273438,10302,0.0,0.0,0.0
2026-09-17 11:15:00-04:00,715.2999877929688,715.2999877929688,715.030029296875,715.119873046875,18304,0.0,0.0,0.0
2026-09-17 11:16:00-04:00,715.1400146484375,715.52001953125,715.114990234375,715.5150146484375,30167,0.0,0.0,0.0
2026-09-17 11:17:00-04:00,715.52001953125,715.52001953125,715.2901000976562,715.4979858398438,15769,0.0,0.0,0.0
2026-09-17 11:18:00-04:00,715.4600219726562,715.625,715.4149780273438,715.6099243164062,33335,0.0,0.0,0.0
2026-09-17 11:19:00-04:00,715.5999755859375,715.6099853515625,715.4299926757812,715.5399780273438,25054,0.0,0.0,0.0
2026-09-17 11:20:00-04:00,715.5700073242188,715.5700073242188,715.3499755859375,715.4400024414062,47479,0.0,0.0,0.0
2026-09-17 11:21:00-04:00,715.4000244140625,715.47998046875,715.22998046875,715.3599853515625,38246,0.0,0.0,0.0
2026-09-17 11:22:00-04:00,715.3499755859375,715.5,715.22998046875,715.4600219726562,45804,0.0,0.0,0.0
2026-09-17 11:23:00-04:00,715.47998046875,715.489990234375,715.375,715.3900146484375,38630,0.0,0.0,0.0
2026-09-17 11:24:00-04:00,715.3900146484375,715.5399780273438,715.27001953125,715.5349731445312,48472,0.0,0.0,0.0
2026-09-17 11:25:00-04:00,715.530029296875,715.9849853515625,715.530029296875,715.9849853515625,40798,0.0,0.0,0.0
2026-09-17 11:26:00-04:00,715.989990234375,716.02001953125,715.8200073242188,715.8350219726562,62840,0.0,0.0,0.0
2026-09-17 11:27:00-04:00,715.7999877929688,715.97998046875,715.73291015625,715.8250122070312,25554,0.0,0.0,0.0
2026-09-17 11:28:00-04:00,715.8400268554688,715.9199829101562,715.6849975585938,715.8900146484375,39289,0.0,0.0,0.0
2026-09-17 11:29:00-04:00,715.9005737304688,716.030029296875,715.8311157226562,715.8599853515625,99180,0.0,0.0,0.0
2026-09-17 11:30:00-04:00,715.8599853515625,715.9500122070312,715.7600708007812,715.8599853515625,28258,0.0,0.0,0.0
2026-09-17 11:31:00-04:00,715.8599853515625,715.9199829101562,715.8099975585938,715.9199829101562,17722,0.0,0.0,0.0
2026-09-17 11:32:00-04:00,715.905029296875,715.905029296875,715.72998046875,715.760009765625,22913,0.0,0.0,0.0
2026-09-17 11:33:00-04:00,715.75,715.8300170898438,715.7150268554688,715.7750244140625,24256,0.0,0.0,0.0
2026-09-17 11:34:00-04:00,715.7750244140625,715.9000244140625,715.6900024414062,715.8499145507812,24440,0.0,0.0,0.0
2026-09-17 11:35:00-04:00,715.8599853515625,716.02001953125,715.7999877929688,715.8250122070312,54952,0.0,0.0,0.0
2026-09-17 11:36:00-04:00,715.8599853515625,716.0700073242188,715.8499755859375,716.0700073242188,31781,0.0,0.0,0.0
2026-09-17 11:37:00-04:00,716.0750122070312,716.1599731445312,715.9949951171875,716.0800170898438,23787,0.0,0.0,0.0
2026-09-17 11:38:00-04:00,716.0449829101562,716.0900268554688,715.9600219726562,716.0449829101562,72852,0.0,0.0,0.0
2026-09-17 11:39:00-04:00,716.0700073242188,716.1699829101562,716.0700073242188,716.1699829101562,17698,0.0,0.0,0.0
2026-09-17 11:40:00-04:00,716.1799926757812,716.3800048828125,716.1400146484375,716.3800048828125,59303,0.0,0.0,0.0
2026-09-17 11:41:00-04:00,716.375,716.5795288085938,716.280029296875,716.489990234375,42701,0.0,0.0,0.0
2026-09-17 11:42:00-04:00,716.489990234375,716.5698852539062,716.3724975585938,716.5599975585938,61788,0.0,0.0,0.0
2026-09-17 11:43:00-04:00,716.5549926757812,716.6500244140625,716.510009765625,716.510009765625,32154,0.0,0.0,0.0
2026-09-17 11:44:00-04:00,716.5,716.6099853515625,716.4400024414062,716.530029296875,37175,0.0,0.0,0.0
2026-09-17 11:45:00-04:00,716.52001953125,716.5900268554688,716.4400024414062,716.489990234375,71484,0.0,0.0,0.0
2026-09-17 11:46:00-04:00,716.489990234375,716.70751953125,716.4199829101562,716.6849975585938,47237,0.0,0.0,0.0
2026-09-17 11:47:00-04:00,716.6749877929688,716.6749877929688,716.5200805664062,716.5599975585938,26280,0.0,0.0,0.0
2026-09-17 11:48:00-04:00,716.5499877929688,716.6798706054688,716.5435791015625,716.6199951171875,21936,0.0,0.0,0.0
2026-09-17 11:49:00-04:00,716.5999755859375,716.7117919921875,716.489990234375,716.6300048828125,47405,0.0,0.0,0.0
2026-09-17 11:50:00-04:00,716.7000122070312,716.739990234375,716.4199829101562,716.5499877929688,37008,0.0,0.0,0.0
2026-09-17 11:51:00-04:00,716.5739135742188,716.5999755859375,716.5098876953125,716.5499877929688,19387,0.0,0.0,0.0
2026-09-17 11:52:00-04:00,716.5499877929688,716.739990234375,716.5230102539062,716.7100219726562,30200,0.0,0.0,0.0
2026-09-17 11:53:00-04:00,716.7100219726562,716.7100219726562,716.4299926757812,716.5050048828125,55003,0.0,0.0,0.0
2026-09-17 11:54:00-04:00,716.5,716.60498046875,716.489990234375,716.5599975585938,43466,0.0,0.0,0.0
2026-09-17 11:55:00-04:00,716.5599975585938,716.6099853515625,716.52001953125,716.530029296875,29038,0.0,0.0,0.0
2026-09-17 11:56:00-04:00,716.5349731445312,716.5399780273438,716.27001953125,716.4000244140625,149913,0.0,0.0,0.0
2026-09-17 11:57:00-04:00,716.405029296875,716.4299926757812,716.3101196289062,716.3499755859375,25087,0.0,0.0,0.0
2026-09-17 11:58:00-04:00,716.3499755859375,716.5700073242188,716.3250122070312,716.5697021484375,25816,0.0,0.0,0.0
2026-09-17 11:59:00-04:00,716.5549926757812,716.6900024414062,716.47998046875,716.6699829101562,17890,0.0,0.0,0.0
2026-09-17 12:00:00-04:00,716.7100219726562,716.7429809570312,716.510009765625,716.72998046875,28137,0.0,0.0,0.0
2026-09-17 12:01:00-04:00,716.7349853515625,716.760009765625,716.5,716.5650024414062,34227,0.0,0.0,0.0
2026-09-17 12:02:00-04:00,716.5650024414062,716.614990234375,716.47998046875,716.530029296875,19896,0.0,0.0,0.0
2026-09-17 12:03:00-04:00,716.530029296875,716.5900268554688,716.4600219726562,716.5250244140625,18047,0.0,0.0,0.0
2026-09-17 12:04:00-04:00,716.530029296875,716.5900268554688,716.3300170898438,716.3394775390625,18114,0.0,0.0,0.0
2026-09-17 12:05:00-04:00,716.3350219726562,716.3599853515625,716.1030883789062,716.1300048828125,30880,0.0,0.0,0.0
2026-09-17 12:06:00-04:00,716.131591796875,716.2000122070312,716.0750122070312,716.1099853515625,29416,0.0,0.0,0.0
2026-09-17 12:07:00-04:00,716.11572265625,716.2750244140625,716.1099243164062,716.2750244140625,18761,0.0,0.0,0.0
2026-09-17 12:08:00-04:00,716.2750244140625,716.3300170898438,716.1699829101562,716.22998046875,24134,0.0,0.0,0.0
2026-09-17 12:09:00-04:00,716.22998046875,716.6799926757812,716.2249755859375,716.6400146484375,31056,0.0,0.0,0.0
2026-09-17 12:10:00-04:00,716.6599731445312,716.7100219726562,716.5806274414062,716.6104736328125,26712,0.0,0.0,0.0
2026-09-17 12:11:00-04:00,716.6099853515625,716.6300048828125,716.5150146484375,716.5900268554688,19380,0.0,0.0,0.0
2026-09-17 12:12:00-04:00,716.5800170898438,716.6300048828125,716.510009765625,716.5900268554688,20379,0.0,0.0,0.0
2026-09-17 12:13:00-04:00,716.5800170898438,716.5800170898438,716.4500732421875,716.489990234375,23374,0.0,0.0,0.0
2026-09-17 12:14:00-04:00,716.4849853515625,716.6599731445312,716.4500732421875,716.6300048828125,28990,0.0,0.0,0.0
2026-09-17 12:15:00-04:00,716.64501953125,716.6799926757812,716.4600219726562,716.5999755859375,146900,0.0,0.0,0.0
2026-09-17 12:16:00-04:00,716.5894775390625,716.6500244140625,716.5203247070312,716.5599975585938,22194,0.0,0.0,0.0
2026-09-17 12:17:00-04:00,716.5650024414062,716.694091796875,716.5650024414062,716.6583251953125,23042,0.0,0.0,0.0
2026-09-17 12:18:00-04:00,716.65380859375,716.6699829101562,716.5700073242188,716.6500244140625,20969,0.0,0.0,0.0
2026-09-17 12:19:00-04:00,716.6505126953125,716.6505126953125,716.530029296875,716.5800170898438,24879,0.0,0.0,0.0
2026-09-17 12:20:00-04:00,716.6099853515625,716.6099853515625,716.4000244140625,716.469970703125,89020,0.0,0.0,0.0
2026-09-17 12:21:00-04:00,716.4849853515625,716.5999755859375,716.4849853515625,716.5900268554688,24235,0.0,0.0,0.0
2026-09-17 12:22:00-04:00,716.594970703125,716.7000122070312,716.5850219726562,716.6300048828125,46143,0.0,0.0,0.0
2026-09-17 12:23:00-04:00,716.6500244140625,716.780029296875,716.5900268554688,716.7401123046875,29871,0.0,0.0,0.0
2026-09-17 12:24:00-04:00,716.7401123046875,716.9385986328125,716.739990234375,716.8150024414062,60616,0.0,0.0,0.0
2026-09-17 12:25:00-04:00,716.8099975585938,716.89501953125,716.780029296875,716.8200073242188,51949,0.0,0.0,0.0
2026-09-17 12:26:00-04:00,716.8099975585938,716.8499755859375,716.739990234375,716.8300170898438,76719,0.0,0.0,0.0
2026-09-17 12:27:00-04:00,716.8399047851562,716.8699951171875,716.7999877929688,716.8499755859375,35263,0.0,0.0,0.0
2026-09-17 12:28:00-04:00,716.8699951171875,716.9000244140625,716.77001953125,716.77001953125,32848,0.0,0.0,0.0
2026-09-17 12:29:00-04:00,716.7600708007812,716.8400268554688,716.6900024414062,716.8150024414062,35581,0.0,0.0,0.0
2026-09-17 12:30:00-04:00,716.8099975585938,716.8839111328125,716.7501220703125,716.8200073242188,26041,0.0,0.0,0.0
2026-09-17 12:31:00-04:00,716.8200073242188,716.8200073242188,716.530029296875,716.5399780273438,48846,0.0,0.0,0.0
2026-09-17 12:32:00-04:00,716.530029296875,716.6199951171875,716.2457275390625,716.2650146484375,75660,0.0,0.0,0.0
2026-09-17 12:33:00-04:00,716.25,716.2999877929688,716.114990234375,716.1400146484375,110514,0.0,0.0,0.0
2026-09-17 12:34:00-04:00,716.14501953125,716.280029296875,716.10498046875,716.2760009765625,51601,0.0,0.0,0.0
2026-09-17 12:35:00-04:00,716.2899780273438,716.3250122070312,716.239990234375,716.310302734375,25372,0.0,0.0,0.0
2026-09-17 12:36:00-04:00,716.3099975585938,716.4600219726562,716.219970703125,716.4400024414062,37667,0.0,0.0,0.0
2026-09-17 12:37:00-04:00,716.4500122070312,716.488525390625,716.3298950195312,716.4349975585938,229042,0.0,0.0,0.0
2026-09-17 12:38:00-04:00,716.4400024414062,716.5,716.3499755859375,716.5,18819,0.0,0.0,0.0
2026-09-17 12:39:00-04:00,716.4821166992188,716.489990234375,716.3411254882812,716.4099731445312,23877,0.0,0.0,0.0
2026-09-17 12:40:00-04:00,716.405029296875,716.5399780273438,716.2800903320312,716.5150146484375,22564,0.0,0.0,0.0
2026-09-17 12:41:00-04:00,716.510009765625,716.5899047851562,716.469970703125,716.5200805664062,19789,0.0,0.0,0.0
2026-09-17 12:42:00-04:00,716.5449829101562,716.6500244140625,716.52001953125,716.6500244140625,31065,0.0,0.0,0.0
2026-09-17 12:43:00-04:00,716.6400146484375,716.760009765625,716.5599975585938,716.739990234375,24902,0.0,0.0,0.0
2026-09-17 12:44:00-04:00,716.739990234375,716.7901000976562,716.6699829101562,716.7901000976562,53705,0.0,0.0,0.0
2026-09-17 12:45:00-04:00,716.7951049804688,716.8353271484375,716.719970703125,716.7550048828125,47183,0.0,0.0,0.0
2026-09-17 12:46:00-04:00,716.7550048828125,716.760009765625,716.6599731445312,716.75,23348,0.0,0.0,0.0
2026-09-17 12:47:00-04:00,716.75,716.8499755859375,716.72998046875,716.8099975585938,29819,0.0,0.0,0.0
2026-09-17 12:48:00-04:00,716.8200073242188,716.8599853515625,716.719970703125,716.719970703125,0,0.0,0.0,0.0
2026-09-17 12:49:00-04:00,716.72998046875,716.7999877929688,716.6500854492188,716.7150268554688,14739,0.0,0.0,0.0
2026-09-17 12:50:00-04:00,716.7100219726562,716.72998046875,716.6599731445312,716.6599731445312,31505,0.0,0.0,0.0
2026-09-17 12:51:00-04:00,716.6699829101562,716.760009765625,716.6649780273438,716.7000122070312,20200,0.0,0.0,0.0
2026-09-17 12:52:00-04:00,716.6900024414062,716.8200073242188,716.6900024414062,716.7999877929688,16236,0.0,0.0,0.0
2026-09-17 12:53:00-04:00,716.7800903320312,716.8400268554688,716.739990234375,716.7999877929688,24765,0.0,0.0,0.0
2026-09-17 12:54:00-04:00,716.7999877929688,716.8200073242188,716.7050170898438,716.7100219726562,20675,0.0,0.0,0.0
2026-09-17 12:55:00-04:00,716.7000122070312,716.739990234375,716.0900268554688,716.1799926757812,193835,0.0,0.0,0.0
2026-09-17 12:56:00-04:00,716.1799926757812,716.2999877929688,716.0900268554688,716.219970703125,66442,0.0,0.0,0.0
2026-09-17 12:57:00-04:00,716.2000122070312,716.219970703125,715.7999877929688,716.14501953125,75553,0.0,0.0,0.0
2026-09-17 12:58:00-04:00,716.1300048828125,716.489990234375,716.1300048828125,716.4332885742188,54816,0.0,0.0,0.0
2026-09-17 12:59:00-04:00,716.4299926757812,716.7100219726562,716.4199829101562,716.6973876953125,35038,0.0,0.0,0.0
2026-09-17 13:00:00-04:00,716.6799926757812,717.0700073242188,716.64501953125,717.0150146484375,89318,0.0,0.0,0.0
2026-09-17 13:01:00-04:00,717.010009765625,717.0399780273438,716.8900146484375,717.0399169921875,51885,0.0,0.0,0.0
2026-09-17 13:02:00-04:00,717.0654296875,717.0654296875,716.8101196289062,716.8300170898438,136544,0.0,0.0,0.0
2026-09-17 13:03:00-04:00,716.8189697265625,716.8284912109375,716.6514892578125,716.75,26821,0.0,0.0,0.0
2026-09-17 13:04:00-04:00,716.81201171875,716.97998046875,716.7949829101562,716.9794921875,30883,0.0,0.0,0.0
2026-09-17 13:05:00-04:00,716.989990234375,717.030029296875,716.9000244140625,716.97998046875,29121,0.0,0.0,0.0
2026-09-17 13:06:00-04:00,716.9619750976562,717.1599731445312,716.9400024414062,717.0900268554688,52189,0.0,0.0,0.0
2026-09-17 13:07:00-04:00,717.0900268554688,717.1599731445312,717.0499877929688,717.1199951171875,45736,0.0,0.0,0.0
2026-09-17 13:08:00-04:00,717.135009765625,717.139892578125,716.8400268554688,716.85498046875,31635,0.0,0.0,0.0
2026-09-17 13:09:00-04:00,716.864990234375,716.8900146484375,716.7899780273438,716.7999877929688,24233,0.0,0.0,0.0
2026-09-17 13:10:00-04:00,716.8400268554688,716.8400268554688,716.614990234375,716.6849975585938,33072,0.0,0.0,0.0
2026-09-17 13:11:00-04:00,716.6701049804688,716.8099975585938,716.6701049804688,716.7000122070312,34174,0.0,0.0,0.0
2026-09-17 13:12:00-04:00,716.680908203125,716.7050170898438,716.530029296875,716.530029296875,66664,0.0,0.0,0.0
2026-09-17 13:13:00-04:00,716.5349731445312,716.6950073242188,716.5349731445312,716.5599975585938,19640,0.0,0.0,0.0
2026-09-17 13:14:00-04:00,716.5499877929688,716.6599731445312,716.4299926757812,716.4500122070312,24597,0.0,0.0,0.0
2026-09-17 13:15:00-04:00,716.4857788085938,716.5800170898438,716.4450073242188,716.5349731445312,16812,0.0,0.0,0.0
2026-09-17 13:16:00-04:00,716.530029296875,716.578125,716.4949951171875,716.5700073242188,20676,0.0,0.0,0.0
2026-09-17 13:17:00-04:00,716.5599975585938,716.6400146484375,716.510009765625,716.6199951171875,29779,0.0,0.0,0.0
2026-09-17 13:18:00-04:00,716.5999755859375,716.6199951171875,716.52001953125,716.5449829101562,25392,0.0,0.0,0.0
2026-09-17 13:19:00-04:00,716.5599975585938,716.719970703125,716.5399780273438,716.6199951171875,29688,0.0,0.0,0.0
2026-09-17 13:20:00-04:00,716.5900268554688,716.719970703125,716.4716186523438,716.4716186523438,30816,0.0,0.0,0.0
2026-09-17 13:21:00-04:00,716.4600219726562,716.4600219726562,716.260009765625,716.260009765625,28324,0.0,0.0,0.0
2026-09-17 13:22:00-04:00,716.27001953125,716.4500122070312,716.27001953125,716.4199829101562,18544,0.0,0.0,0.0
2026-09-17 13:23:00-04:00,716.4600219726562,716.5274047851562,716.3499755859375,716.3599853515625,20880,0.0,0.0,0.0
2026-09-17 13:24:00-04:00,716.4099731445312,716.52001953125,716.239990234375,716.26123046875,35579,0.0,0.0,0.0
2026-09-17 13:25:00-04:00,716.2899780273438,716.4099731445312,716.2899780273438,716.4000244140625,26775,0.0,0.0,0.0
2026-09-17 13:26:00-04:00,716.3900146484375,716.3900146484375,716.2200927734375,716.3200073242188,20348,0.0,0.0,0.0
2026-09-17 13:27:00-04:00,716.3150024414062,716.52001953125,716.3150024414062,716.4578247070312,17882,0.0,0.0,0.0
2026-09-17 13:28:00-04:00,716.4650268554688,716.4749755859375,716.280029296875,716.2999877929688,16103,0.0,0.0,0.0
2026-09-17 13:29:00-04:00,716.2999877929688,716.3400268554688,716.2449951171875,716.3200073242188,17435,0.0,0.0,0.0
2026-09-17 13:30:00-04:00,716.3400268554688,716.3800048828125,716.1119995117188,716.1599731445312,22515,0.0,0.0,0.0
2026-09-17 13:31:00-04:00,716.14501953125,716.2471923828125,716.1199951171875,716.2150268554688,27676,0.0,0.0,0.0
2026-09-17 13:32:00-04:00,716.1900024414062,716.3499755859375,716.1799926757812,716.3200073242188,30813,0.0,0.0,0.0
2026-09-17 13:33:00-04:00,716.3300170898438,716.4099731445312,716.3099975585938,716.3599853515625,16944,0.0,0.0,0.0
2026-09-17 13:34:00-04:00,716.3599853515625,716.489990234375,716.3499755859375,716.47998046875,40795,0.0,0.0,0.0
2026-09-17 13:35:00-04:00,716.469970703125,716.5800170898438,716.4199829101562,716.510009765625,56381,0.0,0.0,0.0
2026-09-17 13:36:00-04:00,716.510009765625,716.510009765625,716.3350219726562,716.4400024414062,43136,0.0,0.0,0.0
2026-09-17 13:37:00-04:00,716.4400024414062,716.510009765625,716.27001953125,716.2849731445312,46709,0.0,0.0,0.0
2026-09-17 13:38:00-04:00,716.2899780273438,716.3900146484375,716.2750244140625,716.3300170898438,89520,0.0,0.0,0.0
2026-09-17 13:39:00-04:00,716.3300170898438,716.3499755859375,716.260009765625,716.27001953125,49504,0.0,0.0,0.0
2026-09-17 13:40:00-04:00,716.2999877929688,716.4249877929688,716.2999877929688,716.3400268554688,26162,0.0,0.0,0.0
2026-09-17 13:41:00-04:00,716.4199829101562,716.5599975585938,716.4199829101562,716.5250244140625,28091,0.0,0.0,0.0
2026-09-17 13:42:00-04:00,716.5,716.6099853515625,716.4600219726562,716.5750122070312,41983,0.0,0.0,0.0
2026-09-17 13:43:00-04:00,716.5750122070312,716.5800170898438,716.530029296875,716.5399780273438,24676,0.0,0.0,0.0
2026-09-17 13:44:00-04:00,716.5349731445312,716.5900268554688,716.52001953125,716.5900268554688,48476,0.0,0.0,0.0
2026-09-17 13:45:00-04:00,716.5700073242188,716.5999755859375,716.5399780273438,716.5800170898438,24523,0.0,0.0,0.0
2026-09-17 13:46:00-04:00,716.5700073242188,716.719970703125,716.5599975585938,716.7000122070312,36396,0.0,0.0,0.0
2026-09-17 13:47:00-04:00,716.7050170898438,716.760009765625,716.6500244140625,716.6699829101562,34677,0.0,0.0,0.0
2026-09-17 13:48:00-04:00,716.6599731445312,716.6699829101562,716.6099853515625,716.6199951171875,19417,0.0,0.0,0.0
2026-09-17 13:49:00-04:00,716.6099853515625,716.6594848632812,716.5900268554688,716.6199951171875,21200,0.0,0.0,0.0
2026-09-17 13:50:00-04:00,716.5999755859375,716.6099853515625,716.3900146484375,716.3900146484375,31314,0.0,0.0,0.0
2026-09-17 13:51:00-04:00,716.3901977539062,716.510009765625,716.3779296875,716.5,39574,0.0,0.0,0.0
2026-09-17 13:52:00-04:00,716.5,716.510009765625,716.3699951171875,716.39501953125,16055,0.0,0.0,0.0
2026-09-17 13:53:00-04:00,716.39501953125,716.4600219726562,716.3499755859375,716.4299926757812,23511,0.0,0.0,0.0
2026-09-17 13:54:00-04:00,716.4099731445312,716.4600219726562,716.405029296875,716.4400024414062,19876,0.0,0.0,0.0
2026-09-17 13:55:00-04:00,716.4500122070312,716.5,716.4199829101562,716.4400024414062,31176,0.0,0.0,0.0
2026-09-17 13:56:00-04:00,716.438720703125,716.4799194335938,716.4099731445312,716.4500122070312,21473,0.0,0.0,0.0
2026-09-17 13:57:00-04:00,716.4600219726562,716.5900268554688,716.4600219726562,716.5200805664062,49255,0.0,0.0,0.0
2026-09-17 13:58:00-04:00,716.530029296875,716.6699829101562,716.5250244140625,716.6300048828125,32159,0.0,0.0,0.0
2026-09-17 13:59:00-04:00,716.625,716.719970703125,716.5800170898438,716.6799926757812,44798,0.0,0.0,0.0
2026-09-17 14:00:00-04:00,716.7000122070312,716.7000122070312,716.5700073242188,716.5900268554688,43770,0.0,0.0,0.0
2026-09-17 14:01:00-04:00,716.5999755859375,716.6199951171875,716.530029296875,716.6199951171875,20104,0.0,0.0,0.0
2026-09-17 14:02:00-04:00,716.614990234375,716.6657104492188,716.510009765625,716.52001953125,21489,0.0,0.0,0.0
2026-09-17 14:03:00-04:00,716.5189208984375,716.72998046875,716.489990234375,716.7200927734375,25453,0.0,0.0,0.0
2026-09-17 14:04:00-04:00,716.7249755859375,716.75,716.6599731445312,716.6900024414062,27962,0.0,0.0,0.0
2026-09-17 14:05:00-04:00,716.6900024414062,716.8250122070312,716.6801147460938,716.7349853515625,142705,0.0,0.0,0.0
2026-09-17 14:06:00-04:00,716.7349853515625,716.7700805664062,716.5700073242188,716.5900268554688,42951,0.0,0.0,0.0
2026-09-17 14:07:00-04:00,716.6099853515625,716.6300048828125,716.4199829101562,716.4500122070312,252480,0.0,0.0,0.0
2026-09-17 14:08:00-04:00,716.4450073242188,716.4600219726562,716.3599853515625,716.4099731445312,24869,0.0,0.0,0.0
2026-09-17 14:09:00-04:00,716.39501953125,716.4299926757812,716.2750244140625,716.3200073242188,36158,0.0,0.0,0.0
2026-09-17 14:10:00-04:00,716.375,716.3800048828125,716.280029296875,716.3699951171875,130743,0.0,0.0,0.0
2026-09-17 14:11:00-04:00,716.3400268554688,716.4600219726562,716.2949829101562,716.3200073242188,32853,0.0,0.0,0.0
2026-09-17 14:12:00-04:00,716.3300170898438,716.4600219726562,716.3300170898438,716.4299926757812,27414,0.0,0.0,0.0
2026-09-17 14:13:00-04:00,716.4500122070312,716.489990234375,716.3300170898438,716.4199829101562,145569,0.0,0.0,0.0
2026-09-17 14:14:00-04:00,716.4249877929688,716.489990234375,716.405029296875,716.4149780273438,38284,0.0,0.0,0.0
2026-09-17 14:15:00-04:00,716.4099731445312,716.5800170898438,716.4099731445312,716.5800170898438,127590,0.0,0.0,0.0
2026-09-17 14:16:00-04:00,716.5599975585938,716.6495971679688,716.4400024414062,716.4400024414062,43473,0.0,0.0,0.0
2026-09-17 14:17:00-04:00,716.4199829101562,716.4400024414062,716.3099975585938,716.3099975585938,36064,0.0,0.0,0.0
2026-09-17 14:18:00-04:00,716.3099975585938,716.3400268554688,716.1950073242188,716.3300170898438,60885,0.0,0.0,0.0
2026-09-17 14:19:00-04:00,716.3499755859375,716.5499877929688,716.3499755859375,716.5499877929688,24845,0.0,0.0,0.0
2026-09-17 14:20:00-04:00,716.5501098632812,716.6126708984375,716.489990234375,716.5,29044,0.0,0.0,0.0
2026-09-17 14:21:00-04:00,716.510009765625,716.52001953125,716.3800048828125,716.4000244140625,159512,0.0,0.0,0.0
2026-09-17 14:22:00-04:00,716.4000244140625,716.4500122070312,716.3200073242188,716.4299926757812,29362,0.0,0.0,0.0
2026-09-17 14:23:00-04:00,716.4299926757812,716.4349975585938,716.3701171875,716.4149780273438,36794,0.0,0.0,0.0
2026-09-17 14:24:00-04:00,716.4149780273438,716.4285278320312,716.25,716.2899780273438,25804,0.0,0.0,0.0
2026-09-17 14:25:00-04:00,716.2849731445312,716.4000244140625,716.280029296875,716.3204956054688,24692,0.0,0.0,0.0
2026-09-17 14:26:00-04:00,716.3200073242188,716.4000244140625,716.3200073242188,716.39501953125,27445,0.0,0.0,0.0
2026-09-17 14:27:00-04:00,716.3900146484375,716.4299926757812,716.3699951171875,716.385009765625,1219531,0.0,0.0,0.0
2026-09-17 14:28:00-04:00,716.3900146484375,716.4199829101562,716.3200073242188,716.4000244140625,23289,0.0,0.0,0.0
2026-09-17 14:29:00-04:00,716.4199829101562,716.4199829101562,716.3250122070312,716.3300170898438,232961,0.0,0.0,0.0
2026-09-17 14:30:00-04:00,716.3599853515625,716.5,716.3599853515625,716.4099731445312,148127,0.0,0.0,0.0
2026-09-17 14:31:00-04:00,716.4149780273438,716.4500122070312,716.3200073242188,716.3200073242188,132232,0.0,0.0,0.0
2026-09-17 14:32:00-04:00,716.3400268554688,716.4199829101562,716.280029296875,716.2999877929688,165187,0.0,0.0,0.0
2026-09-17 14:33:00-04:00,716.2999877929688,716.3499755859375,716.27001953125,716.2899780273438,33495,0.0,0.0,0.0
2026-09-17 14:34:00-04:00,716.280029296875,716.2949829101562,716.2000122070312,716.219970703125,268848,0.0,0.0,0.0
2026-09-17 14:35:00-04:00,716.219970703125,716.2550048828125,716.1500244140625,716.1849975585938,182860,0.0,0.0,0.0
2026-09-17 14:36:00-04:00,716.1799926757812,716.2000122070312,715.9299926757812,715.9299926757812,87655,0.0,0.0,0.0
2026-09-17 14:37:00-04:00,715.9400024414062,716.0800170898438,715.9400024414062,716.0499877929688,68967,0.0,0.0,0.0
2026-09-17 14:38:00-04:00,716.0499877929688,716.0549926757812,715.969970703125,715.98388671875,29773,0.0,0.0,0.0
2026-09-17 14:39:00-04:00,715.97998046875,716.030029296875,715.9301147460938,715.9500122070312,45094,0.0,0.0,0.0
2026-09-17 14:40:00-04:00,715.9500122070312,716.0250244140625,715.8599853515625,716.02001953125,122572,0.0,0.0,0.0
2026-09-17 14:41:00-04:00,716.030029296875,716.0999755859375,715.989990234375,716.030029296875,31537,0.0,0.0,0.0
2026-09-17 14:42:00-04:00,716.010009765625,716.0399780273438,715.9249877929688,716.0050048828125,40177,0.0,0.0,0.0
2026-09-17 14:43:00-04:00,716.0050048828125,716.0549926757812,715.9849853515625,716.010009765625,26424,0.0,0.0,0.0
2026-09-17 14:44:00-04:00,716.0,716.1400146484375,715.989990234375,716.1099243164062,40000,0.0,0.0,0.0
2026-09-17 14:45:00-04:00,716.1300048828125,716.239990234375,716.0800170898438,716.1900024414062,37227,0.0,0.0,0.0
2026-09-17 14:46:00-04:00,716.1900024414062,716.2050170898438,716.135009765625,716.1400146484375,16901,0.0,0.0,0.0
2026-09-17 14:47:00-04:00,716.1599731445312,716.1900024414062,716.1300048828125,716.1599731445312,22593,0.0,0.0,0.0
2026-09-17 14:48:00-04:00,716.1900024414062,716.2899780273438,716.1749877929688,716.2899780273438,45509,0.0,0.0,0.0
2026-09-17 14:49:00-04:00,716.3099975585938,716.3699951171875,716.22998046875,716.239990234375,28416,0.0,0.0,0.0
2026-09-17 14:50:00-04:00,716.22998046875,716.2899780273438,716.22998046875,716.2899780273438,33458,0.0,0.0,0.0
2026-09-17 14:51:00-04:00,716.2999877929688,716.3499755859375,716.27001953125,716.3400268554688,27151,0.0,0.0,0.0
2026-09-17 14:52:00-04:00,716.3350219726562,716.3400268554688,716.1500244140625,716.1699829101562,40410,0.0,0.0,0.0
2026-09-17 14:53:00-04:00,716.1500244140625,716.219970703125,716.1199951171875,716.1699829101562,38710,0.0,0.0,0.0
2026-09-17 14:54:00-04:00,716.1799926757812,716.239990234375,716.1300048828125,716.219970703125,29315,0.0,0.0,0.0
2026-09-17 14:55:00-04:00,716.219970703125,716.3154907226562,716.1704711914062,716.1799926757812,33067,0.0,0.0,0.0
2026-09-17 14:56:00-04:00,716.1799926757812,716.1799926757812,716.0999755859375,716.1599731445312,32262,0.0,0.0,0.0
2026-09-17 14:57:00-04:00,716.1599731445312,716.280029296875,716.1599731445312,716.260009765625,40005,0.0,0.0,0.0
2026-09-17 14:58:00-04:00,716.2650146484375,716.2899780273438,716.1959838867188,716.2449951171875,133515,0.0,0.0,0.0
2026-09-17 14:59:00-04:00,716.239990234375,716.280029296875,716.2000122070312,716.239990234375,20981,0.0,0.0,0.0
2026-09-17 15:00:00-04:00,716.2999877929688,716.510009765625,716.2249755859375,716.5,153360,0.0,0.0,0.0
2026-09-17 15:01:00-04:00,716.489990234375,716.5,716.3900146484375,716.4349975585938,29810,0.0,0.0,0.0
2026-09-17 15:02:00-04:00,716.4400024414062,716.4400024414062,716.3499755859375,716.4400024414062,129668,0.0,0.0,0.0
2026-09-17 15:03:00-04:00,716.4500122070312,716.5,716.4099731445312,716.469970703125,32061,0.0,0.0,0.0
2026-09-17 15:04:00-04:00,716.4749755859375,716.606201171875,716.4749755859375,716.5750122070312,58697,0.0,0.0,0.0
2026-09-17 15:05:00-04:00,716.5798950195312,716.8300170898438,716.5750122070312,716.8099975585938,56389,0.0,0.0,0.0
2026-09-17 15:06:00-04:00,716.8099975585938,716.9500122070312,716.7449951171875,716.9299926757812,76314,0.0,0.0,0.0
2026-09-17 15:07:00-04:00,716.9199829101562,716.9199829101562,716.780029296875,716.8599853515625,49470,0.0,0.0,0.0
2026-09-17 15:08:00-04:00,716.8599853515625,716.8800048828125,716.780029296875,716.7849731445312,53720,0.0,0.0,0.0
2026-09-17 15:09:00-04:00,716.7899780273438,716.7899780273438,716.5706176757812,716.6649780273438,211508,0.0,0.0,0.0
2026-09-17 15:10:00-04:00,716.6699829101562,716.719970703125,716.6300048828125,716.6649780273438,37383,0.0,0.0,0.0
2026-09-17 15:11:00-04:00,716.6749877929688,716.6901245117188,716.5750122070312,716.6400146484375,33616,0.0,0.0,0.0
2026-09-17 15:12:00-04:00,716.6400146484375,716.6810302734375,716.581298828125,716.6799926757812,32790,0.0,0.0,0.0
2026-09-17 15:13:00-04:00,716.6500244140625,716.8099975585938,716.6500244140625,716.7999877929688,40638,0.0,0.0,0.0
2026-09-17 15:14:00-04:00,716.8150024414062,716.8400268554688,716.6900024414062,716.7000122070312,347353,0.0,0.0,0.0
2026-09-17 15:15:00-04:00,716.7100219726562,716.760009765625,716.6950073242188,716.7349853515625,66444,0.0,0.0,0.0
2026-09-17 15:16:00-04:00,716.719970703125,716.739990234375,716.6245727539062,716.7000122070312,37548,0.0,0.0,0.0
2026-09-17 15:17:00-04:00,716.7000122070312,716.72998046875,716.6699829101562,716.719970703125,140690,0.0,0.0,0.0
2026-09-17 15:18:00-04:00,716.719970703125,716.8499755859375,716.7100219726562,716.8250122070312,55643,0.0,0.0,0.0
2026-09-17 15:19:00-04:00,716.8099975585938,716.8599853515625,716.780029296875,716.7999877929688,46277,0.0,0.0,0.0
2026-09-17 15:20:00-04:00,716.8099975585938,716.8599853515625,716.7899780273438,716.8300170898438,146215,0.0,0.0,0.0
2026-09-17 15:21:00-04:00,716.8350219726562,716.85498046875,716.760009765625,716.7899780273438,44610,0.0,0.0,0.0
2026-09-17 15:22:00-04:00,716.7849731445312,716.7899780273438,716.719970703125,716.7349853515625,36829,0.0,0.0,0.0
2026-09-17 15:23:00-04:00,716.739990234375,716.760009765625,716.6599731445312,716.7150268554688,84134,0.0,0.0,0.0
2026-09-17 15:24:00-04:00,716.719970703125,716.719970703125,716.580078125,716.594970703125,270579,0.0,0.0,0.0
2026-09-17 15:25:00-04:00,716.5999755859375,716.669677734375,716.5399780273438,716.6500244140625,84966,0.0,0.0,0.0
2026-09-17 15:26:00-04:00,716.6849975585938,716.6900024414062,716.52001953125,716.5250244140625,58752,0.0,0.0,0.0
2026-09-17 15:27:00-04:00,716.5250244140625,716.5549926757812,716.4400024414062,716.5150146484375,76947,0.0,0.0,0.0
2026-09-17 15:28:00-04:00,716.530029296875,716.5989990234375,716.4965209960938,716.5700073242188,155386,0.0,0.0,0.0
2026-09-17 15:29:00-04:00,716.5700073242188,716.5800170898438,716.5050048828125,716.530029296875,54907,0.0,0.0,0.0
2026-09-17 15:30:00-04:00,716.5250244140625,716.875,716.5050048828125,716.875,148579,0.0,0.0,0.0
2026-09-17 15:31:00-04:00,716.8599853515625,717.0499877929688,716.8499755859375,716.989990234375,72112,0.0,0.0,0.0
2026-09-17 15:32:00-04:00,716.9949951171875,717.0349731445312,716.9299926757812,717.030029296875,178538,0.0,0.0,0.0
2026-09-17 15:33:00-04:00,717.0150146484375,717.02001953125,716.9400024414062,716.97998046875,61546,0.0,0.0,0.0
2026-09-17 15:34:00-04:00,716.989990234375,717.030029296875,716.9149780273438,717.010009765625,57454,0.0,0.0,0.0
2026-09-17 15:35:00-04:00,717.0250244140625,717.1099853515625,717.02001953125,717.0800170898438,53775,0.0,0.0,0.0
2026-09-17 15:36:00-04:00,717.0800170898438,717.1900024414062,717.0800170898438,717.114990234375,173356,0.0,0.0,0.0
2026-09-17 15:37:00-04:00,717.1099853515625,717.2000122070312,717.0900268554688,717.1799926757812,201463,0.0,0.0,0.0
2026-09-17 15:38:00-04:00,717.1699829101562,717.2100219726562,717.0999755859375,717.14501953125,55218,0.0,0.0,0.0
2026-09-17 15:39:00-04:00,717.1599731445312,717.1694946289062,717.0999755859375,717.155029296875,62251,0.0,0.0,0.0
2026-09-17 15:40:00-04:00,717.155029296875,717.1849975585938,717.0700073242188,717.0900268554688,124784,0.0,0.0,0.0
2026-09-17 15:41:00-04:00,717.0900268554688,717.1500244140625,717.0,717.02001953125,159995,0.0,0.0,0.0
2026-09-17 15:42:00-04:00,717.0250244140625,717.0499267578125,716.9099731445312,717.030029296875,199672,0.0,0.0,0.0
2026-09-17 15:43:00-04:00,717.030029296875,717.1599731445312,717.02001953125,717.1458740234375,87938,0.0,0.0,0.0
2026-09-17 15:44:00-04:00,717.1400146484375,717.3400268554688,717.1400146484375,717.2899780273438,80151,0.0,0.0,0.0
2026-09-17 15:45:00-04:00,717.2899780273438,717.3400268554688,717.140625,717.2050170898438,487472,0.0,0.0,0.0
2026-09-17 15:46:00-04:00,717.2050170898438,717.2550048828125,716.989990234375,717.0,319375,0.0,0.0,0.0
2026-09-17 15:47:00-04:00,717.02001953125,717.0750122070312,716.9749755859375,717.0599975585938,75261,0.0,0.0,0.0
2026-09-17 15:48:00-04:00,717.0499877929688,717.094970703125,717.0,717.0850219726562,73893,0.0,0.0,0.0
2026-09-17 15:49:00-04:00,717.0850219726562,717.1199951171875,717.02001953125,717.0599975585938,123549,0.0,0.0,0.0
2026-09-17 15:50:00-04:00,717.0700073242188,717.4299926757812,717.0700073242188,717.4000244140625,303521,0.0,0.0,0.0
2026-09-17 15:51:00-04:00,717.405029296875,717.739990234375,717.385009765625,717.739990234375,213410,0.0,0.0,0.0
2026-09-17 15:52:00-04:00,717.739990234375,717.75,717.5750122070312,717.719970703125,262909,0.0,0.0,0.0
2026-09-17 15:53:00-04:00,717.719970703125,717.9849853515625,717.6649780273438,717.9149780273438,181929,0.0,0.0,0.0
2026-09-17 15:54:00-04:00,717.9099731445312,718.0401000976562,717.4500122070312,717.468994140625,286917,0.0,0.0,0.0
2026-09-17 15:55:00-04:00,717.3300170898438,717.6099853515625,717.3300170898438,717.4600219726562,261255,0.0,0.0,0.0
2026-09-17 15:56:00-04:00,717.4600219726562,717.5700073242188,717.4199829101562,717.5700073242188,286193,0.0,0.0,0.0
2026-09-17 15:57:00-04:00,717.5800170898438,717.6199951171875,717.4099731445312,717.4299926757812,212676,0.0,0.0,0.0
2026-09-17 15:58:00-04:00,717.4349975585938,717.4500122070312,717.1699829101562,717.22998046875,606592,0.0,0.0,0.0
2026-09-17 15:59:00-04:00,717.22998046875,717.22998046875,716.5999755859375,716.8699951171875,1153718,0.0,0.0,0.0
2026-09-18 09:30:00-04:00,718.8400268554688,719.27001953125,718.5,718.7999877929688,2493796,0.0,0.0,0.0
2026-09-18 09:31:00-04:00,718.8099975585938,719.469970703125,718.760009765625,719.469970703125,267149,0.0,0.0,0.0
2026-09-18 09:32:00-04:00,719.4600219726562,719.4600219726562,718.7000122070312,718.75,217814,0.0,0.0,0.0
2026-09-18 09:33:00-04:00,718.780029296875,719.0,718.52001953125,718.7999877929688,100416,0.0,0.0,0.0
2026-09-18 09:34:00-04:00,718.8400268554688,719.0,718.5900268554688,718.7349853515625,102314,0.0,0.0,0.0
2026-09-18 09:35:00-04:00,718.72998046875,718.8900146484375,718.4500122070312,718.8200073242188,256869,0.0,0.0,0.0
2026-09-18 09:36:00-04:00,718.8300170898438,719.344970703125,718.719970703125,719.2423706054688,184024,0.0,0.0,0.0
2026-09-18 09:37:00-04:00,719.2550048828125,719.3699951171875,719.0,719.3699951171875,181817,0.0,0.0,0.0
2026-09-18 09:38:00-04:00,719.3800048828125,719.3800048828125,719.0700073242188,719.1599731445312,132912,0.0,0.0,0.0
2026-09-18 09:39:00-04:00,719.1849975585938,719.4099731445312,719.1599731445312,719.3400268554688,162169,0.0,0.0,0.0
2026-09-18 09:40:00-04:00,719.3400268554688,719.530029296875,719.1099853515625,719.1699829101562,166111,0.0,0.0,0.0
2026-09-18 09:41:00-04:00,719.1600952148438,719.5399780273438,719.0399780273438,719.4299926757812,161888,0.0,0.0,0.0
2026-09-18 09:42:00-04:00,719.4349975585938,719.4349975585938,719.1801147460938,719.219970703125,65256,0.0,0.0,0.0
2026-09-18 09:43:00-04:00,719.1950073242188,719.2498779296875,718.530029296875,718.5921020507812,123583,0.0,0.0,0.0
2026-09-18 09:44:00-04:00,718.594970703125,718.875,718.52001953125,718.8699951171875,122248,0.0,0.0,0.0
2026-09-18 09:45:00-04:00,718.875,719.3200073242188,718.75,719.280029296875,302499,0.0,0.0,0.0
2026-09-18 09:46:00-04:00,719.2514038085938,719.3499755859375,719.0999755859375,719.0999755859375,90246,0.0,0.0,0.0
2026-09-18 09:47:00-04:00,719.0999755859375,719.1099853515625,718.6699829101562,718.7000122070312,67209,0.0,0.0,0.0
2026-09-18 09:48:00-04:00,718.7150268554688,718.77001953125,718.4000244140625,718.4199829101562,126335,0.0,0.0,0.0
2026-09-18 09:49:00-04:00,718.4251098632812,718.6099853515625,718.280029296875,718.3699951171875,187993,0.0,0.0,0.0
2026-09-18 09:50:00-04:00,718.3599853515625,718.3599853515625,718.1099853515625,718.280029296875,123152,0.0,0.0,0.0
2026-09-18 09:51:00-04:00,718.27001953125,718.3499755859375,718.030029296875,718.3499755859375,80955,0.0,0.0,0.0
2026-09-18 09:52:00-04:00,718.3300170898438,718.5700073242188,718.2050170898438,718.5659790039062,60615,0.0,0.0,0.0
2026-09-18 09:53:00-04:00,718.5750122070312,718.5999755859375,718.2000122070312,718.260009765625,62549,0.0,0.0,0.0
2026-09-18 09:54:00-04:00,718.3140258789062,718.4237060546875,717.9600219726562,718.0399780273438,99707,0.0,0.0,0.0
2026-09-18 09:55:00-04:00,718.0350952148438,718.1900024414062,717.75,718.094970703125,108224,0.0,0.0,0.0
2026-09-18 09:56:00-04:00,718.0999755859375,718.1900024414062,717.89501953125,717.9500122070312,119713,0.0,0.0,0.0
2026-09-18 09:57:00-04:00,717.9600219726562,718.0499877929688,717.72998046875,717.8900146484375,67250,0.0,0.0,0.0
2026-09-18 09:58:00-04:00,717.9401245117188,718.1599731445312,717.8200073242188,717.8400268554688,66687,0.0,0.0,0.0
2026-09-18 09:59:00-04:00,717.8200073242188,717.969970703125,717.6400146484375,717.9298706054688,76698,0.0,0.0,0.0
2026-09-18 10:00:00-04:00,717.9099731445312,718.0800170898438,717.6400146484375,717.8699951171875,199048,0.0,0.0,0.0
2026-09-18 10:01:00-04:00,717.885009765625,718.0499877929688,717.2949829101562,717.2999877929688,134348,0.0,0.0,0.0
2026-09-18 10:02:00-04:00,717.2999877929688,717.3200073242188,716.8200073242188,716.8385009765625,154306,0.0,0.0,0.0
2026-09-18 10:03:00-04:00,716.8300170898438,716.9494018554688,716.719970703125,716.75,114631,0.0,0.0,0.0
2026-09-18 10:04:00-04:00,716.760009765625,716.9099731445312,716.6199951171875,716.6799926757812,97328,0.0,0.0,0.0
2026-09-18 10:05:00-04:00,716.7050170898438,716.989990234375,716.4099731445312,716.969970703125,112013,0.0,0.0,0.0
2026-09-18 10:06:00-04:00,716.9650268554688,717.2000122070312,716.89501953125,717.0175170898438,216556,0.0,0.0,0.0
2026-09-18 10:07:00-04:00,717.0399780273438,717.0399780273438,716.4500122070312,716.5150146484375,109920,0.0,0.0,0.0
2026-09-18 10:08:00-04:00,716.5350952148438,716.6599731445312,716.4000244140625,716.5999755859375,78784,0.0,0.0,0.0
2026-09-18 10:09:00-04:00,716.6199951171875,717.02001953125,716.4749755859375,717.02001953125,100430,0.0,0.0,0.0
2026-09-18 10:10:00-04:00,717.0150146484375,717.3599853515625,716.969970703125,717.35498046875,124694,0.0,0.0,0.0
2026-09-18 10:11:00-04:00,717.3599853515625,717.3900146484375,717.1375732421875,717.3800048828125,121436,0.0,0.0,0.0
2026-09-18 10:12:00-04:00,717.364990234375,717.375,716.969970703125,717.0700073242188,103514,0.0,0.0,0.0
2026-09-18 10:13:00-04:00,717.1099853515625,717.1699829101562,716.6300048828125,716.7750244140625,180716,0.0,0.0,0.0
2026-09-18 10:14:00-04:00,716.7750244140625,716.8400268554688,716.4605102539062,716.4801025390625,93400,0.0,0.0,0.0
2026-09-18 10:15:00-04:00,716.489990234375,716.6699829101562,716.4000244140625,716.4299926757812,479714,0.0,0.0,0.0
2026-09-18 10:16:00-04:00,716.4299926757812,716.4600219726562,715.8967895507812,715.9600219726562,134535,0.0,0.0,0.0
2026-09-18 10:17:00-04:00,715.9600219726562,716.3900146484375,715.89501953125,716.3499755859375,103123,0.0,0.0,0.0
2026-09-18 10:18:00-04:00,716.3400268554688,716.5900268554688,716.3099975585938,716.5678100585938,65030,0.0,0.0,0.0
2026-09-18 10:19:00-04:00,716.5800170898438,716.6400146484375,716.4299926757812,716.6367797851562,50280,0.0,0.0,0.0
2026-09-18 10:20:00-04:00,716.6300048828125,716.72998046875,716.4400024414062,716.510009765625,75253,0.0,0.0,0.0
2026-09-18 10:21:00-04:00,716.5499877929688,716.760986328125,716.4500122070312,716.6599731445312,44863,0.0,0.0,0.0
2026-09-18 10:22:00-04:00,716.6749877929688,717.1599731445312,716.6599731445312,717.1099853515625,79947,0.0,0.0,0.0
2026-09-18 10:23:00-04:00,717.1099853515625,717.1099853515625,716.8200073242188,717.10498046875,49956,0.0,0.0,0.0
2026-09-18 10:24:00-04:00,717.10498046875,717.10498046875,716.760009765625,716.7750244140625,53365,0.0,0.0,0.0
2026-09-18 10:25:00-04:00,716.780029296875,716.9400024414062,716.6400146484375,716.760009765625,55789,0.0,0.0,0.0
2026-09-18 10:26:00-04:00,716.739990234375,716.8800048828125,716.6400146484375,716.6599731445312,46774,0.0,0.0,0.0
2026-09-18 10:27:00-04:00,716.6599731445312,716.9794921875,716.6099853515625,716.9794921875,50695,0.0,0.0,0.0
2026-09-18 10:28:00-04:00,716.9199829101562,717.0999755859375,716.8400268554688,716.8499755859375,91916,0.0,0.0,0.0
2026-09-18 10:29:00-04:00,716.8499755859375,716.8809814453125,716.7000122070312,716.7000122070312,58239,0.0,0.0,0.0
2026-09-18 10:30:00-04:00,716.7050170898438,716.9199829101562,716.6300048828125,716.7249755859375,74790,0.0,0.0,0.0
2026-09-18 10:31:00-04:00,716.7000122070312,716.77001953125,716.4400024414062,716.47998046875,38302,0.0,0.0,0.0
2026-09-18 10:32:00-04:00,716.489990234375,716.6199951171875,716.4299926757812,716.5,59139,0.0,0.0,0.0
2026-09-18 10:33:00-04:00,716.5050048828125,716.6099853515625,716.331787109375,716.5700073242188,56248,0.0,0.0,0.0
2026-09-18 10:34:00-04:00,716.5800170898438,716.6699829101562,716.4400024414062,716.6594848632812,44549,0.0,0.0,0.0
2026-09-18 10:35:00-04:00,716.6599731445312,716.7598266601562,716.5399780273438,716.6199951171875,34871,0.0,0.0,0.0
2026-09-18 10:36:00-04:00,716.6099853515625,716.6099853515625,716.301025390625,716.3800048828125,77378,0.0,0.0,0.0
2026-09-18 10:37:00-04:00,716.3800048828125,716.7297973632812,716.3482055664062,716.6400146484375,32001,0.0,0.0,0.0
2026-09-18 10:38:00-04:00,716.6284790039062,716.7999877929688,716.5999755859375,716.7999877929688,31238,0.0,0.0,0.0
2026-09-18 10:39:00-04:00,716.7999877929688,717.2534790039062,716.72998046875,716.8499755859375,103562,0.0,0.0,0.0
2026-09-18 10:40:00-04:00,716.844970703125,716.8699951171875,716.739990234375,716.8300170898438,36636,0.0,0.0,0.0
2026-09-18 10:41:00-04:00,716.8300170898438,716.8626098632812,716.5999755859375,716.6799926757812,59844,0.0,0.0,0.0
2026-09-18 10:42:00-04:00,716.6900024414062,716.739990234375,716.1300048828125,716.2993774414062,67087,0.0,0.0,0.0
2026-09-18 10:43:00-04:00,716.3200073242188,716.3300170898438,716.1500244140625,716.3250122070312,53957,0.0,0.0,0.0
2026-09-18 10:44:00-04:00,716.2849731445312,716.4000244140625,716.2100219726562,716.3800048828125,52207,0.0,0.0,0.0
2026-09-18 10:45:00-04:00,716.3800048828125,716.3909912109375,716.2200927734375,716.3350219726562,67189,0.0,0.0,0.0
2026-09-18 10:46:00-04:00,716.3200073242188,716.719970703125,716.3200073242188,716.6500244140625,57529,0.0,0.0,0.0
2026-09-18 10:47:00-04:00,716.6099853515625,716.8699951171875,716.5900268554688,716.719970703125,42312,0.0,0.0,0.0
2026-09-18 10:48:00-04:00,716.7100219726562,716.7999877929688,716.6300048828125,716.7899780273438,34678,0.0,0.0,0.0
2026-09-18 10:49:00-04:00,716.7849731445312,717.0700073242188,716.7849731445312,717.0399780273438,47080,0.0,0.0,0.0
2026-09-18 10:50:00-04:00,717.031005859375,717.2100219726562,716.8942260742188,717.2100219726562,174909,0.0,0.0,0.0
2026-09-18 10:51:00-04:00,717.219970703125,717.4299926757812,717.14501953125,717.3699951171875,84797,0.0,0.0,0.0
2026-09-18 10:52:00-04:00,717.3499755859375,717.6500244140625,717.3499755859375,717.5001220703125,213921,0.0,0.0,0.0
2026-09-18 10:53:00-04:00,717.510009765625,717.5828247070312,717.4400024414062,717.5499877929688,502152,0.0,0.0,0.0
2026-09-18 10:54:00-04:00,717.5499877929688,717.5900268554688,717.4000244140625,717.5499877929688,79741,0.0,0.0,0.0
2026-09-18 10:55:00-04:00,717.5599975585938,717.6199951171875,717.3394775390625,717.3499755859375,58411,0.0,0.0,0.0
2026-09-18 10:56:00-04:00,717.3599853515625,717.4500122070312,717.2999877929688,717.3800048828125,95026,0.0,0.0,0.0
2026-09-18 10:57:00-04:00,717.3900146484375,717.3900146484375,717.2608032226562,717.3099975585938,64535,0.0,0.0,0.0
2026-09-18 10:58:00-04:00,717.3099975585938,717.3900146484375,717.1760864257812,717.260009765625,61013,0.0,0.0,0.0
2026-09-18 10:59:00-04:00,717.260009765625,717.4400024414062,717.2550048828125,717.4299926757812,49519,0.0,0.0,0.0
2026-09-18 11:00:00-04:00,717.4299926757812,717.5800170898438,717.3200073242188,717.3800048828125,73019,0.0,0.0,0.0
2026-09-18 11:01:00-04:00,717.3900146484375,717.4199829101562,717.155029296875,717.1699829101562,62392,0.0,0.0,0.0
2026-09-18 11:02:00-04:00,717.1605224609375,717.1605224609375,716.9400024414062,717.1199951171875,51083,0.0,0.0,0.0
2026-09-18 11:03:00-04:00,717.114990234375,717.3699951171875,717.0399780273438,717.3499755859375,109340,0.0,0.0,0.0
2026-09-18 11:04:00-04:00,717.3599853515625,717.4083862304688,717.2249755859375,717.280029296875,36586,0.0,0.0,0.0
2026-09-18 11:05:00-04:00,717.27001953125,717.5599975585938,717.1900024414062,717.5599975585938,55395,0.0,0.0,0.0
2026-09-18 11:06:00-04:00,717.5800170898438,717.72998046875,717.385009765625,717.5800170898438,43574,0.0,0.0,0.0
2026-09-18 11:07:00-04:00,717.5850219726562,717.6900024414062,717.5399780273438,717.6099853515625,43186,0.0,0.0,0.0
2026-09-18 11:08:00-04:00,717.6199951171875,717.6199951171875,717.4199829101562,717.5499877929688,52663,0.0,0.0,0.0
2026-09-18 11:09:00-04:00,717.5700073242188,717.5700073242188,717.2050170898438,717.2100219726562,153104,0.0,0.0,0.0
2026-09-18 11:10:00-04:00,717.219970703125,717.3099975585938,717.1599731445312,717.280029296875,50043,0.0,0.0,0.0
2026-09-18 11:11:00-04:00,717.2999877929688,717.2999877929688,716.8900146484375,716.9099731445312,64355,0.0,0.0,0.0
2026-09-18 11:12:00-04:00,716.9099731445312,716.9600219726562,716.8150024414062,716.8400268554688,83819,0.0,0.0,0.0
2026-09-18 11:13:00-04:00,716.8400268554688,716.9749755859375,716.64501953125,716.9199829101562,66494,0.0,0.0,0.0
2026-09-18 11:14:00-04:00,716.9099731445312,716.9299926757812,716.6900024414062,716.739990234375,38249,0.0,0.0,0.0
2026-09-18 11:15:00-04:00,716.75,716.8699951171875,716.6649780273438,716.7999877929688,37596,0.0,0.0,0.0
2026-09-18 11:16:00-04:00,716.7949829101562,716.8800048828125,716.6199951171875,716.6799926757812,2929114,0.0,0.0,0.0
2026-09-18 11:17:00-04:00,716.6599731445312,716.8800048828125,716.6199951171875,716.6599731445312,98721,0.0,0.0,0.0
2026-09-18 11:18:00-04:00,716.6699829101562,716.75,716.5549926757812,716.6500244140625,99552,0.0,0.0,0.0
2026-09-18 11:19:00-04:00,716.6099853515625,716.8699951171875,716.6099853515625,716.7999877929688,27873,0.0,0.0,0.0
2026-09-18 11:20:00-04:00,716.7999877929688,716.9600219726562,716.719970703125,716.9401245117188,383993,0.0,0.0,0.0
2026-09-18 11:21:00-04:00,716.9500122070312,716.97998046875,716.7999877929688,716.8099975585938,26866,0.0,0.0,0.0
2026-09-18 11:22:00-04:00,716.8099975585938,716.905029296875,716.6849975585938,716.7899780273438,32300,0.0,0.0,0.0
2026-09-18 11:23:00-04:00,716.7899780273438,717.0599975585938,716.7706298828125,716.9949951171875,28243,0.0,0.0,0.0
2026-09-18 11:24:00-04:00,716.9949951171875,717.0900268554688,716.9400024414062,716.989990234375,18838,0.0,0.0,0.0
2026-09-18 11:25:00-04:00,716.97998046875,717.2000122070312,716.97998046875,717.1599731445312,44850,0.0,0.0,0.0
2026-09-18 11:26:00-04:00,717.1699829101562,717.3599853515625,717.1500244140625,717.280029296875,31402,0.0,0.0,0.0
2026-09-18 11:27:00-04:00,717.280029296875,717.2849731445312,717.1500244140625,717.2000122070312,29648,0.0,0.0,0.0
2026-09-18 11:28:00-04:00,717.2000122070312,717.3200073242188,717.1649780273438,717.260009765625,41295,0.0,0.0,0.0
2026-09-18 11:29:00-04:00,717.260009765625,717.3099975585938,717.0999755859375,717.25,30643,0.0,0.0,0.0
2026-09-18 11:30:00-04:00,717.239990234375,717.3800048828125,716.719970703125,716.9400024414062,111921,0.0,0.0,0.0
2026-09-18 11:31:00-04:00,716.9400024414062,716.969970703125,716.77001953125,716.8599853515625,52565,0.0,0.0,0.0
2026-09-18 11:32:00-04:00,716.8300170898438,716.9400024414062,716.7100219726562,716.9400024414062,33777,0.0,0.0,0.0
2026-09-18 11:33:00-04:00,716.969970703125,717.02001953125,716.773681640625,716.8699951171875,47430,0.0,0.0,0.0
2026-09-18 11:34:00-04:00,716.8499755859375,716.9099731445312,716.739990234375,716.9000244140625,126685,0.0,0.0,0.0
2026-09-18 11:35:00-04:00,716.8900146484375,716.9849853515625,716.8410034179688,716.97998046875,28372,0.0,0.0,0.0
2026-09-18 11:36:00-04:00,716.969970703125,717.0900268554688,716.8499755859375,717.010009765625,45440,0.0,0.0,0.0
2026-09-18 11:37:00-04:00,716.989990234375,717.030029296875,716.8900146484375,716.9149780273438,65831,0.0,0.0,0.0
2026-09-18 11:38:00-04:00,716.9099731445312,716.9199829101562,716.7100219726562,716.739990234375,51503,0.0,0.0,0.0
2026-09-18 11:39:00-04:00,716.739990234375,716.7600708007812,716.5499877929688,716.6300048828125,76067,0.0,0.0,0.0
2026-09-18 11:40:00-04:00,716.6300048828125,716.6300048828125,716.4000244140625,716.4000244140625,64412,0.0,0.0,0.0
2026-09-18 11:41:00-04:00,716.38037109375,716.5888061523438,716.3400268554688,716.5250244140625,48708,0.0,0.0,0.0
2026-09-18 11:42:00-04:00,716.52099609375,716.6099853515625,716.4400024414062,716.6099853515625,41557,0.0,0.0,0.0
2026-09-18 11:43:00-04:00,716.5900268554688,716.6900024414062,716.5800170898438,716.6300048828125,19701,0.0,0.0,0.0
2026-09-18 11:44:00-04:00,716.6400146484375,716.6500244140625,716.5,716.6099853515625,25416,0.0,0.0,0.0
2026-09-18 11:45:00-04:00,716.6300048828125,716.6900024414062,716.3300170898438,716.3400268554688,26943,0.0,0.0,0.0
2026-09-18 11:46:00-04:00,716.3400268554688,716.5499877929688,716.3400268554688,716.4910278320312,36684,0.0,0.0,0.0
2026-09-18 11:47:00-04:00,716.489990234375,716.5499877929688,716.4500122070312,716.5449829101562,22277,0.0,0.0,0.0
2026-09-18 11:48:00-04:00,716.5449829101562,716.6900024414062,716.52001953125,716.6500244140625,18957,0.0,0.0,0.0
2026-09-18 11:49:00-04:00,716.64501953125,716.6500244140625,716.5130004882812,716.5399780273438,25832,0.0,0.0,0.0
2026-09-18 11:50:00-04:00,716.5399780273438,716.77001953125,716.4898071289062,716.77001953125,25371,0.0,0.0,0.0
2026-09-18 11:51:00-04:00,716.7899780273438,716.7999877929688,716.590087890625,716.590087890625,62917,0.0,0.0,0.0
2026-09-18 11:52:00-04:00,716.6099243164062,716.6300048828125,716.4400024414062,716.6300048828125,32594,0.0,0.0,0.0
2026-09-18 11:53:00-04:00,716.6199951171875,716.6500244140625,716.3200073242188,716.3300170898438,37654,0.0,0.0,0.0
2026-09-18 11:54:00-04:00,716.3250122070312,716.4000244140625,716.260009765625,716.3150024414062,277274,0.0,0.0,0.0
2026-09-18 11:55:00-04:00,716.3200073242188,716.4089965820312,716.280029296875,716.3350219726562,46581,0.0,0.0,0.0
2026-09-18 11:56:00-04:00,716.3300170898438,716.5399780273438,716.3300170898438,716.4849853515625,51182,0.0,0.0,0.0
2026-09-18 11:57:00-04:00,716.489990234375,716.5449829101562,716.3250122070312,716.3255004882812,57280,0.0,0.0,0.0
2026-09-18 11:58:00-04:00,716.3599853515625,716.3599853515625,716.1900024414062,716.2000122070312,64996,0.0,0.0,0.0
2026-09-18 11:59:00-04:00,716.1909790039062,716.2999877929688,716.1500244140625,716.2899780273438,41292,0.0,0.0,0.0
2026-09-18 12:00:00-04:00,716.2750244140625,716.3099975585938,716.0501098632812,716.1690063476562,34684,0.0,0.0,0.0
2026-09-18 12:01:00-04:00,716.155029296875,716.219970703125,716.0989990234375,716.1699829101562,49833,0.0,0.0,0.0
2026-09-18 12:02:00-04:00,716.1699829101562,716.280029296875,716.0999755859375,716.25,24774,0.0,0.0,0.0
2026-09-18 12:03:00-04:00,716.2498779296875,716.3200073242188,716.1500244140625,716.219970703125,44456,0.0,0.0,0.0
2026-09-18 12:04:00-04:00,716.2100219726562,716.25,716.1400146484375,716.2100830078125,259775,0.0,0.0,0.0
2026-09-18 12:05:00-04:00,716.22998046875,716.3400268554688,716.219970703125,716.3400268554688,44904,0.0,0.0,0.0
2026-09-18 12:06:00-04:00,716.3350219726562,716.4400024414062,716.3300170898438,716.4299926757812,32578,0.0,0.0,0.0
2026-09-18 12:07:00-04:00,716.4299926757812,716.6099853515625,716.4199829101562,716.6099853515625,384677,0.0,0.0,0.0
2026-09-18 12:08:00-04:00,716.6199951171875,716.6300048828125,716.3099975585938,716.3099975585938,49149,0.0,0.0,0.0
2026-09-18 12:09:00-04:00,716.344970703125,716.4299926757812,716.3400268554688,716.4099731445312,17862,0.0,0.0,0.0
2026-09-18 12:10:00-04:00,716.405029296875,716.458984375,716.3599853515625,716.4199829101562,40667,0.0,0.0,0.0
2026-09-18 12:11:00-04:00,716.405029296875,716.4409790039062,716.3200073242188,716.3599853515625,272843,0.0,0.0,0.0
2026-09-18 12:12:00-04:00,716.3709716796875,716.530029296875,716.3709716796875,716.510009765625,16521,0.0,0.0,0.0
2026-09-18 12:13:00-04:00,716.52001953125,716.52001953125,716.3200073242188,716.3250122070312,126220,0.0,0.0,0.0
2026-09-18 12:14:00-04:00,716.3206176757812,716.4000244140625,716.2899780273438,716.2949829101562,39567,0.0,0.0,0.0
2026-09-18 12:15:00-04:00,716.2750244140625,716.3300170898438,716.2301025390625,716.2349853515625,38617,0.0,0.0,0.0
2026-09-18 12:16:00-04:00,716.2349853515625,716.3499755859375,716.1799926757812,716.25,35555,0.0,0.0,0.0
2026-09-18 12:17:00-04:00,716.260009765625,716.4099731445312,716.260009765625,716.3099975585938,33190,0.0,0.0,0.0
2026-09-18 12:18:00-04:00,716.3400268554688,716.60498046875,716.3400268554688,716.489990234375,65646,0.0,0.0,0.0
2026-09-18 12:19:00-04:00,716.4849853515625,716.5650024414062,716.47998046875,716.5549926757812,30359,0.0,0.0,0.0
2026-09-18 12:20:00-04:00,716.5700073242188,716.60498046875,716.4000244140625,716.4500122070312,24925,0.0,0.0,0.0
2026-09-18 12:21:00-04:00,716.4603271484375,716.530029296875,716.3699951171875,716.4600219726562,23443,0.0,0.0,0.0
2026-09-18 12:22:00-04:00,716.4400024414062,716.4500122070312,716.2999877929688,716.3209838867188,160722,0.0,0.0,0.0
2026-09-18 12:23:00-04:00,716.3400268554688,716.3400268554688,715.5,715.5499877929688,125323,0.0,0.0,0.0
2026-09-18 12:24:00-04:00,715.5399780273438,715.5399780273438,715.3400268554688,715.4099731445312,74728,0.0,0.0,0.0
2026-09-18 12:25:00-04:00,715.4149780273438,715.4149780273438,715.0800170898438,715.3599853515625,83663,0.0,0.0,0.0
2026-09-18 12:26:00-04:00,715.4000244140625,715.5,715.3099975585938,715.3599853515625,258587,0.0,0.0,0.0
2026-09-18 12:27:00-04:00,715.3499755859375,715.7000122070312,715.3499755859375,715.6900024414062,75802,0.0,0.0,0.0
2026-09-18 12:28:00-04:00,715.7000122070312,716.0700073242188,715.6099853515625,715.8300170898438,116638,0.0,0.0,0.0
2026-09-18 12:29:00-04:00,715.8400268554688,716.1619262695312,715.7901000976562,716.0650024414062,44500,0.0,0.0,0.0
2026-09-18 12:30:00-04:00,716.0700073242188,716.3400268554688,715.8699951171875,716.2899780273438,73567,0.0,0.0,0.0
2026-09-18 12:31:00-04:00,716.280029296875,716.2899780273438,715.969970703125,716.010009765625,82261,0.0,0.0,0.0
2026-09-18 12:32:00-04:00,716.010009765625,716.1400146484375,715.9400024414062,716.0599975585938,44568,0.0,0.0,0.0
2026-09-18 12:33:00-04:00,716.1099853515625,716.4600219726562,716.0399780273438,716.405029296875,50694,0.0,0.0,0.0
2026-09-18 12:34:00-04:00,716.4099731445312,716.5599975585938,716.344970703125,716.3800048828125,54214,0.0,0.0,0.0
2026-09-18 12:35:00-04:00,716.385009765625,716.5,716.3300170898438,716.4299926757812,41252,0.0,0.0,0.0
2026-09-18 12:36:00-04:00,716.4349975585938,716.47998046875,716.260009765625,716.280029296875,36855,0.0,0.0,0.0
2026-09-18 12:37:00-04:00,716.3099975585938,716.3400268554688,716.1849975585938,716.2000122070312,37525,0.0,0.0,0.0
2026-09-18 12:38:00-04:00,716.239990234375,716.280029296875,716.0150146484375,716.1199951171875,42457,0.0,0.0,0.0
2026-09-18 12:39:00-04:00,716.1218872070312,716.344970703125,716.0900268554688,716.2406005859375,20673,0.0,0.0,0.0
2026-09-18 12:40:00-04:00,716.2650146484375,716.3099975585938,716.219970703125,716.239990234375,14461,0.0,0.0,0.0
2026-09-18 12:41:00-04:00,716.239990234375,716.3300170898438,716.1201171875,716.1409912109375,61119,0.0,0.0,0.0
2026-09-18 12:42:00-04:00,716.1430053710938,716.4600219726562,716.1209106445312,716.4299926757812,124103,0.0,0.0,0.0
2026-09-18 12:43:00-04:00,716.4400024414062,716.469970703125,716.3200073242188,716.3900146484375,26019,0.0,0.0,0.0
2026-09-18 12:44:00-04:00,716.3900146484375,716.5800170898438,716.3800048828125,716.4849853515625,45782,0.0,0.0,0.0
2026-09-18 12:45:00-04:00,716.4600219726562,716.52001953125,716.3900756835938,716.47998046875,44131,0.0,0.0,0.0
2026-09-18 12:46:00-04:00,716.489990234375,716.5399780273438,716.2899780273438,716.2999877929688,20222,0.0,0.0,0.0
2026-09-18 12:47:00-04:00,716.3049926757812,716.4349975585938,716.1199951171875,716.3699951171875,32265,0.0,0.0,0.0
2026-09-18 12:48:00-04:00,716.3699951171875,716.3699951171875,716.2100219726562,716.219970703125,18918,0.0,0.0,0.0
2026-09-18 12:49:00-04:00,716.2100219726562,716.4299926757812,716.2100219726562,716.4299926757812,19750,0.0,0.0,0.0
2026-09-18 12:50:00-04:00,716.409912109375,716.52001953125,716.409912109375,716.4498901367188,29539,0.0,0.0,0.0
2026-09-18 12:51:00-04:00,716.4400024414062,716.6199951171875,716.4149780273438,716.5800170898438,29361,0.0,0.0,0.0
2026-09-18 12:52:00-04:00,716.5800170898438,716.7095947265625,716.5700073242188,716.6403198242188,71017,0.0,0.0,0.0
2026-09-18 12:53:00-04:00,716.6500244140625,716.77001953125,716.6500244140625,716.719970703125,28832,0.0,0.0,0.0
2026-09-18 12:54:00-04:00,716.719970703125,716.780029296875,716.6729736328125,716.7208862304688,26424,0.0,0.0,0.0
2026-09-18 12:55:00-04:00,716.75,716.7999877929688,716.6712036132812,716.791015625,11433,0.0,0.0,0.0
2026-09-18 12:56:00-04:00,716.780029296875,716.7999877929688,716.64501953125,716.7100219726562,15382,0.0,0.0,0.0
2026-09-18 12:57:00-04:00,716.7100219726562,716.7750244140625,716.6900024414062,716.760009765625,15150,0.0,0.0,0.0
2026-09-18 12:58:00-04:00,716.75,716.8699951171875,716.6300048828125,716.6699829101562,47885,0.0,0.0,0.0
2026-09-18 12:59:00-04:00,716.6500244140625,716.739990234375,716.5900268554688,716.739990234375,20624,0.0,0.0,0.0
2026-09-18 13:00:00-04:00,716.7449951171875,716.7449951171875,716.5499877929688,716.6500244140625,38572,0.0,0.0,0.0
2026-09-18 13:01:00-04:00,716.6699829101562,716.77001953125,716.6400146484375,716.6900024414062,29321,0.0,0.0,0.0
2026-09-18 13:02:00-04:00,716.7000122070312,716.7899780273438,716.6900024414062,716.719970703125,48845,0.0,0.0,0.0
2026-09-18 13:03:00-04:00,716.72998046875,716.8699951171875,716.719970703125,716.8599853515625,19448,0.0,0.0,0.0
2026-09-18 13:04:00-04:00,716.8699951171875,716.8701171875,716.780029296875,716.8300170898438,18201,0.0,0.0,0.0
2026-09-18 13:05:00-04:00,716.7999877929688,716.97998046875,716.7999877929688,716.9600219726562,50800,0.0,0.0,0.0
2026-09-18 13:06:00-04:00,716.968017578125,717.0499877929688,716.90380859375,716.9299926757812,23755,0.0,0.0,0.0
2026-09-18 13:07:00-04:00,716.9099731445312,717.010009765625,716.9005126953125,717.0009765625,24744,0.0,0.0,0.0
2026-09-18 13:08:00-04:00,717.0,717.0800170898438,716.9500122070312,716.9550170898438,28490,0.0,0.0,0.0
2026-09-18 13:09:00-04:00,716.9500122070312,716.9949951171875,716.8699951171875,716.9099731445312,29108,0.0,0.0,0.0
2026-09-18 13:10:00-04:00,716.9500122070312,716.9609985351562,716.77001953125,716.780029296875,776597,0.0,0.0,0.0
2026-09-18 13:11:00-04:00,716.7650146484375,716.8200073242188,716.72998046875,716.8200073242188,29829,0.0,0.0,0.0
2026-09-18 13:12:00-04:00,716.8099975585938,716.8250122070312,716.6849975585938,716.7750244140625,36090,0.0,0.0,0.0
2026-09-18 13:13:00-04:00,716.7799072265625,717.0050048828125,716.7799072265625,716.989990234375,27057,0.0,0.0,0.0
2026-09-18 13:14:00-04:00,717.0,717.0499877929688,717.0,717.030029296875,26933,0.0,0.0,0.0
2026-09-18 13:15:00-04:00,717.0399780273438,717.219970703125,717.0150146484375,717.2100219726562,44766,0.0,0.0,0.0
2026-09-18 13:16:00-04:00,717.2100219726562,717.2100219726562,717.02001953125,717.0900268554688,36070,0.0,0.0,0.0
2026-09-18 13:17:00-04:00,717.0900268554688,717.219970703125,717.0599975585938,717.219970703125,142101,0.0,0.0,0.0
2026-09-18 13:18:00-04:00,717.2026977539062,717.219970703125,717.0599975585938,717.0800170898438,27169,0.0,0.0,0.0
2026-09-18 13:19:00-04:00,717.0689697265625,717.1599731445312,717.0399780273438,717.0900268554688,23496,0.0,0.0,0.0
2026-09-18 13:20:00-04:00,717.1699829101562,717.1849975585938,717.0449829101562,717.0499877929688,47274,0.0,0.0,0.0
2026-09-18 13:21:00-04:00,717.0599975585938,717.1099853515625,717.0549926757812,717.0750122070312,30157,0.0,0.0,0.0
2026-09-18 13:22:00-04:00,717.0750122070312,717.1599731445312,717.0,717.1599731445312,28631,0.0,0.0,0.0
2026-09-18 13:23:00-04:00,717.1599731445312,717.1799926757812,717.1199951171875,717.1799926757812,62327,0.0,0.0,0.0
2026-09-18 13:24:00-04:00,717.1699829101562,717.2100219726562,717.1500244140625,717.2000122070312,128247,0.0,0.0,0.0
2026-09-18 13:25:00-04:00,717.1900024414062,717.280029296875,717.1799926757812,717.25,40785,0.0,0.0,0.0
2026-09-18 13:26:00-04:00,717.260009765625,717.2899780273438,717.1799926757812,717.2650146484375,33054,0.0,0.0,0.0
2026-09-18 13:27:00-04:00,717.2650146484375,717.2899780273438,717.219970703125,717.260009765625,39267,0.0,0.0,0.0
2026-09-18 13:28:00-04:00,717.25,717.2750244140625,717.1300048828125,717.130126953125,24457,0.0,0.0,0.0
2026-09-18 13:29:00-04:00,717.1300048828125,717.1599731445312,717.0499877929688,717.0700073242188,31587,0.0,0.0,0.0
2026-09-18 13:30:00-04:00,717.0599975585938,717.0650024414062,716.8510131835938,716.9099731445312,64951,0.0,0.0,0.0
2026-09-18 13:31:00-04:00,716.9149780273438,716.9600219726562,716.8800048828125,716.9600219726562,39330,0.0,0.0,0.0
2026-09-18 13:32:00-04:00,716.9299926757812,717.0,716.9257202148438,716.97998046875,22844,0.0,0.0,0.0
2026-09-18 13:33:00-04:00,716.97998046875,716.97998046875,716.85498046875,716.9000244140625,23907,0.0,0.0,0.0
2026-09-18 13:34:00-04:00,716.905029296875,717.0700073242188,716.9002075195312,717.0599975585938,50520,0.0,0.0,0.0
2026-09-18 13:35:00-04:00,717.0499877929688,717.25,717.0499877929688,717.22998046875,37145,0.0,0.0,0.0
2026-09-18 13:36:00-04:00,717.219970703125,717.3800048828125,717.219970703125,717.3150024414062,38906,0.0,0.0,0.0
2026-09-18 13:37:00-04:00,717.3200073242188,717.4000244140625,717.2750244140625,717.2799072265625,30867,0.0,0.0,0.0
2026-09-18 13:38:00-04:00,717.2899780273438,717.3400268554688,717.2401123046875,717.3150024414062,22938,0.0,0.0,0.0
2026-09-18 13:39:00-04:00,717.3200073242188,717.4099731445312,717.3200073242188,717.405029296875,28591,0.0,0.0,0.0
2026-09-18 13:40:00-04:00,717.4061279296875,717.4299926757812,717.3502807617188,717.4299926757812,43163,0.0,0.0,0.0
2026-09-18 13:41:00-04:00,717.4099731445312,717.4500122070312,717.3499755859375,717.4199829101562,26507,0.0,0.0,0.0
2026-09-18 13:42:00-04:00,717.4099731445312,717.4299926757812,717.340087890625,717.3699951171875,26406,0.0,0.0,0.0
2026-09-18 13:43:00-04:00,717.3699951171875,717.4249877929688,717.3699951171875,717.4000244140625,24934,0.0,0.0,0.0
2026-09-18 13:44:00-04:00,717.4000244140625,717.5599975585938,717.4000244140625,717.5499877929688,49613,0.0,0.0,0.0
2026-09-18 13:45:00-04:00,717.5499877929688,717.5700073242188,717.510009765625,717.530029296875,53078,0.0,0.0,0.0
2026-09-18 13:46:00-04:00,717.52880859375,717.5800170898438,717.5,717.5599975585938,34928,0.0,0.0,0.0
2026-09-18 13:47:00-04:00,717.5499877929688,717.6300048828125,717.5499877929688,717.5709838867188,30773,0.0,0.0,0.0
2026-09-18 13:48:00-04:00,717.5700073242188,717.6099853515625,717.4600219726562,717.47998046875,47039,0.0,0.0,0.0
2026-09-18 13:49:00-04:00,717.469970703125,717.510009765625,717.4600219726562,717.5050048828125,34893,0.0,0.0,0.0
2026-09-18 13:50:00-04:00,717.4949951171875,717.530029296875,717.4349975585938,717.52001953125,53580,0.0,0.0,0.0
2026-09-18 13:51:00-04:00,717.52001953125,717.6300048828125,717.52001953125,717.5999755859375,36557,0.0,0.0,0.0
2026-09-18 13:52:00-04:00,717.594970703125,717.6400146484375,717.5750122070312,717.6400146484375,28695,0.0,0.0,0.0
2026-09-18 13:53:00-04:00,717.625,717.6300048828125,717.530029296875,717.5449829101562,27194,0.0,0.0,0.0
2026-09-18 13:54:00-04:00,717.5549926757812,717.60498046875,717.5399780273438,717.5499877929688,21368,0.0,0.0,0.0
2026-09-18 13:55:00-04:00,717.5599975585938,717.6099853515625,717.5050048828125,717.594970703125,37823,0.0,0.0,0.0
2026-09-18 13:56:00-04:00,717.594970703125,717.635009765625,717.5800170898438,717.6300048828125,29806,0.0,0.0,0.0
2026-09-18 13:57:00-04:00,717.625,717.6699829101562,717.5999755859375,717.60009765625,34671,0.0,0.0,0.0
2026-09-18 13:58:00-04:00,717.5900268554688,717.6199951171875,717.5399780273438,717.5999755859375,15313,0.0,0.0,0.0
2026-09-18 13:59:00-04:00,717.594970703125,717.6500244140625,717.5900268554688,717.5900268554688,15862,0.0,0.0,0.0
2026-09-18 14:00:00-04:00,717.5900268554688,717.625,717.4400024414062,717.4401245117188,29155,0.0,0.0,0.0
2026-09-18 14:01:00-04:00,717.4450073242188,717.7000122070312,717.4400024414062,717.5800170898438,37941,0.0,0.0,0.0
2026-09-18 14:02:00-04:00,717.5999755859375,717.619873046875,717.5401000976562,717.5549926757812,24935,0.0,0.0,0.0
2026-09-18 14:03:00-04:00,717.5549926757812,717.5599975585938,717.5150146484375,717.5549926757812,23775,0.0,0.0,0.0
2026-09-18 14:04:00-04:00,717.5800170898438,717.6099853515625,717.530029296875,717.5650024414062,29424,0.0,0.0,0.0
2026-09-18 14:05:00-04:00,717.5549926757812,717.5800170898438,717.5250244140625,717.5701293945312,34261,0.0,0.0,0.0
2026-09-18 14:06:00-04:00,717.5900268554688,717.5900268554688,717.4550170898438,717.4550170898438,25602,0.0,0.0,0.0
2026-09-18 14:07:00-04:00,717.4500122070312,717.489990234375,717.4000244140625,717.489990234375,53657,0.0,0.0,0.0
2026-09-18 14:08:00-04:00,717.5399780273438,717.5499877929688,717.4609985351562,717.4609985351562,22056,0.0,0.0,0.0
2026-09-18 14:09:00-04:00,717.4650268554688,717.469970703125,717.4010009765625,717.4400024414062,22601,0.0,0.0,0.0
2026-09-18 14:10:00-04:00,717.4500122070312,717.47998046875,717.4000244140625,717.469970703125,36854,0.0,0.0,0.0
2026-09-18 14:11:00-04:00,717.4600219726562,717.4600219726562,717.2849731445312,717.375,32120,0.0,0.0,0.0
2026-09-18 14:12:00-04:00,717.3699951171875,717.3699951171875,717.2109985351562,717.3250122070312,339882,0.0,0.0,0.0
2026-09-18 14:13:00-04:00,717.3250122070312,717.3900146484375,717.2750244140625,717.3900146484375,28303,0.0,0.0,0.0
2026-09-18 14:14:00-04:00,717.3599853515625,717.364990234375,717.2899780273438,717.3497924804688,127509,0.0,0.0,0.0
2026-09-18 14:15:00-04:00,717.3400268554688,717.4149780273438,717.3300170898438,717.39501953125,75969,0.0,0.0,0.0
2026-09-18 14:16:00-04:00,717.39501953125,717.5499877929688,717.39501953125,717.5150146484375,27961,0.0,0.0,0.0
2026-09-18 14:17:00-04:00,717.5150146484375,717.530029296875,717.4000244140625,717.4099731445312,228758,0.0,0.0,0.0
2026-09-18 14:18:00-04:00,717.4199829101562,717.52001953125,717.4199829101562,717.4949951171875,55195,0.0,0.0,0.0
2026-09-18 14:19:00-04:00,717.4949951171875,717.5999755859375,717.4802856445312,717.5999755859375,29901,0.0,0.0,0.0
2026-09-18 14:20:00-04:00,717.5925903320312,717.739990234375,717.5925903320312,717.7100219726562,39454,0.0,0.0,0.0
2026-09-18 14:21:00-04:00,717.72998046875,717.8900146484375,717.719970703125,717.8599853515625,66972,0.0,0.0,0.0
2026-09-18 14:22:00-04:00,717.8400268554688,718.1099853515625,717.8101196289062,718.051025390625,85794,0.0,0.0,0.0
2026-09-18 14:23:00-04:00,718.07958984375,718.1599731445312,717.9099731445312,717.9432983398438,249483,0.0,0.0,0.0
2026-09-18 14:24:00-04:00,717.969970703125,717.969970703125,717.8499755859375,717.8800048828125,39196,0.0,0.0,0.0
2026-09-18 14:25:00-04:00,717.8900146484375,717.9299926757812,717.7999877929688,717.8499755859375,26869,0.0,0.0,0.0
2026-09-18 14:26:00-04:00,717.8400268554688,717.9000244140625,717.780029296875,717.780029296875,18753,0.0,0.0,0.0
2026-09-18 14:27:00-04:00,717.7800903320312,718.0,717.7750244140625,717.9000244140625,27138,0.0,0.0,0.0
2026-09-18 14:28:00-04:00,717.8699951171875,717.8809814453125,717.75,717.8300170898438,20457,0.0,0.0,0.0
2026-09-18 14:29:00-04:00,717.8400268554688,717.9705810546875,717.8300170898438,717.9500122070312,32256,0.0,0.0,0.0
2026-09-18 14:30:00-04:00,717.9799194335938,717.989990234375,717.8499755859375,717.9099731445312,20956,0.0,0.0,0.0
2026-09-18 14:31:00-04:00,717.8800048828125,717.9199829101562,717.8599853515625,717.9000244140625,50377,0.0,0.0,0.0
2026-09-18 14:32:00-04:00,717.8900146484375,717.9254150390625,717.8800048828125,717.9000244140625,20758,0.0,0.0,0.0
2026-09-18 14:33:00-04:00,717.9000244140625,717.9500122070312,717.8358764648438,717.9299926757812,18204,0.0,0.0,0.0
2026-09-18 14:34:00-04:00,717.9400024414062,718.0700073242188,717.8900756835938,718.0700073242188,53487,0.0,0.0,0.0
2026-09-18 14:35:00-04:00,718.0687255859375,718.0900268554688,717.97998046875,718.0900268554688,27102,0.0,0.0,0.0
2026-09-18 14:36:00-04:00,718.0700073242188,718.0900268554688,717.9400024414062,717.9600219726562,14544,0.0,0.0,0.0
2026-09-18 14:37:00-04:00,717.97998046875,717.97998046875,717.8599853515625,717.9500122070312,16579,0.0,0.0,0.0
2026-09-18 14:38:00-04:00,717.9417724609375,717.9417724609375,717.8049926757812,717.8400268554688,17962,0.0,0.0,0.0
2026-09-18 14:39:00-04:00,717.8300170898438,717.97998046875,717.8300170898438,717.9650268554688,20902,0.0,0.0,0.0
2026-09-18 14:40:00-04:00,717.9600219726562,717.9600219726562,717.8800048828125,717.9299926757812,35453,0.0,0.0,0.0
2026-09-18 14:41:00-04:00,717.9299926757812,718.0,717.9199829101562,717.9600219726562,52737,0.0,0.0,0.0
2026-09-18 14:42:00-04:00,717.969970703125,718.0499877929688,717.969970703125,718.0150146484375,27964,0.0,0.0,0.0
2026-09-18 14:43:00-04:00,718.0189819335938,718.1599731445312,718.0150146484375,718.1300048828125,26403,0.0,0.0,0.0
2026-09-18 14:44:00-04:00,718.1201171875,718.2109985351562,718.1116943359375,718.2041015625,25279,0.0,0.0,0.0
2026-09-18 14:45:00-04:00,718.2000122070312,718.4500122070312,718.1950073242188,718.4390258789062,79773,0.0,0.0,0.0
2026-09-18 14:46:00-04:00,718.4299926757812,718.9000244140625,718.364990234375,718.7999877929688,221846,0.0,0.0,0.0
2026-09-18 14:47:00-04:00,718.8099975585938,718.989990234375,718.77001953125,718.9099731445312,109933,0.0,0.0,0.0
2026-09-18 14:48:00-04:00,718.9000244140625,719.0,718.8400268554688,718.9299926757812,45663,0.0,0.0,0.0
2026-09-18 14:49:00-04:00,718.9199829101562,718.9400024414062,718.8599853515625,718.9000244140625,104064,0.0,0.0,0.0
2026-09-18 14:50:00-04:00,718.8809814453125,719.010009765625,718.8723754882812,718.9299926757812,271925,0.0,0.0,0.0
2026-09-18 14:51:00-04:00,718.9349975585938,719.0499877929688,718.9299926757812,718.9899291992188,61933,0.0,0.0,0.0
2026-09-18 14:52:00-04:00,718.982177734375,719.1500244140625,718.9730224609375,719.1099853515625,80436,0.0,0.0,0.0
2026-09-18 14:53:00-04:00,719.1199951171875,719.5800170898438,719.0999755859375,719.4500122070312,328380,0.0,0.0,0.0
2026-09-18 14:54:00-04:00,719.4600219726562,719.5999755859375,719.2999877929688,719.2999877929688,156835,0.0,0.0,0.0
2026-09-18 14:55:00-04:00,719.2999877929688,719.3250122070312,719.1199951171875,719.2802734375,60749,0.0,0.0,0.0
2026-09-18 14:56:00-04:00,719.280029296875,719.3200073242188,719.1500244140625,719.1599731445312,51769,0.0,0.0,0.0
2026-09-18 14:57:00-04:00,719.1649780273438,719.3200073242188,719.125,719.27001953125,73681,0.0,0.0,0.0
2026-09-18 14:58:00-04:00,719.280029296875,719.3099975585938,719.1699829101562,719.2100219726562,58259,0.0,0.0,0.0
2026-09-18 14:59:00-04:00,719.2000122070312,719.2249755859375,719.0499877929688,719.1300048828125,48261,0.0,0.0,0.0
2026-09-18 15:00:00-04:00,719.1900024414062,719.344970703125,719.1373901367188,719.280029296875,21181,0.0,0.0,0.0
2026-09-18 15:01:00-04:00,719.27001953125,719.3099975585938,719.1199951171875,719.1849975585938,30696,0.0,0.0,0.0
2026-09-18 15:02:00-04:00,719.2100219726562,719.228515625,719.1699829101562,719.2100219726562,48111,0.0,0.0,0.0
2026-09-18 15:03:00-04:00,719.219970703125,719.3400268554688,719.1505737304688,719.3250122070312,53459,0.0,0.0,0.0
2026-09-18 15:04:00-04:00,719.3378295898438,719.5477294921875,719.3099975585938,719.47998046875,64686,0.0,0.0,0.0
2026-09-18 15:05:00-04:00,719.47998046875,719.5,719.4199829101562,719.489990234375,135139,0.0,0.0,0.0
2026-09-18 15:06:00-04:00,719.5,719.6400146484375,719.3699951171875,719.3900146484375,85024,0.0,0.0,0.0
2026-09-18 15:07:00-04:00,719.3699951171875,719.3699951171875,719.1699829101562,719.1950073242188,467579,0.0,0.0,0.0
2026-09-18 15:08:00-04:00,719.2000122070312,719.3200073242188,719.1199951171875,719.1300048828125,36860,0.0,0.0,0.0
2026-09-18 15:09:00-04:00,719.1300048828125,719.2999877929688,719.1300048828125,719.2993774414062,851614,0.0,0.0,0.0
2026-09-18 15:10:00-04:00,719.2999877929688,719.3300170898438,719.22998046875,719.239990234375,28408,0.0,0.0,0.0
2026-09-18 15:11:00-04:00,719.22998046875,719.3699951171875,719.22998046875,719.3300170898438,41771,0.0,0.0,0.0
2026-09-18 15:12:00-04:00,719.3499755859375,719.4550170898438,719.260009765625,719.4550170898438,39346,0.0,0.0,0.0
2026-09-18 15:13:00-04:00,719.4500122070312,719.4500122070312,719.2000122070312,719.2249755859375,47582,0.0,0.0,0.0
2026-09-18 15:14:00-04:00,719.2100219726562,719.2899780273438,719.119873046875,719.239990234375,109661,0.0,0.0,0.0
2026-09-18 15:15:00-04:00,719.2349853515625,719.27001953125,719.1599731445312,719.2349853515625,163124,0.0,0.0,0.0
2026-09-18 15:16:00-04:00,719.2349853515625,719.2899780273438,719.1900024414062,719.25,64622,0.0,0.0,0.0
2026-09-18 15:17:00-04:00,719.2410278320312,719.3099975585938,719.2000122070312,719.2899780273438,140373,0.0,0.0,0.0
2026-09-18 15:18:00-04:00,719.3001098632812,719.3599853515625,719.280029296875,719.2999877929688,60579,0.0,0.0,0.0
2026-09-18 15:19:00-04:00,719.3099975585938,719.3300170898438,719.2000122070312,719.2999877929688,540409,0.0,0.0,0.0
2026-09-18 15:20:00-04:00,719.2999267578125,719.3200073242188,719.1699829101562,719.2999877929688,43016,0.0,0.0,0.0
2026-09-18 15:21:00-04:00,719.280029296875,719.469970703125,719.280029296875,719.3499755859375,60825,0.0,0.0,0.0
2026-09-18 15:22:00-04:00,719.3690185546875,719.3800048828125,719.3049926757812,719.3400268554688,173268,0.0,0.0,0.0
2026-09-18 15:23:00-04:00,719.3300170898438,719.4099731445312,719.3300170898438,719.3798828125,63689,0.0,0.0,0.0
2026-09-18 15:24:00-04:00,719.375,719.4299926757812,719.280029296875,719.3499755859375,96063,0.0,0.0,0.0
2026-09-18 15:25:00-04:00,719.3499755859375,719.3900146484375,719.2100219726562,719.22998046875,42421,0.0,0.0,0.0
2026-09-18 15:26:00-04:00,719.22998046875,719.27001953125,719.1599731445312,719.2249755859375,72108,0.0,0.0,0.0
2026-09-18 15:27:00-04:00,719.22998046875,719.3099975585938,719.219970703125,719.2849731445312,63259,0.0,0.0,0.0
2026-09-18 15:28:00-04:00,719.2849731445312,719.3099975585938,719.2100219726562,719.2899780273438,44292,0.0,0.0,0.0
2026-09-18 15:29:00-04:00,719.2800903320312,719.2999877929688,719.0750122070312,719.1199951171875,55293,0.0,0.0,0.0
2026-09-18 15:30:00-04:00,719.1199951171875,719.1699829101562,718.9400024414062,719.030029296875,90384,0.0,0.0,0.0
2026-09-18 15:31:00-04:00,719.030029296875,719.0800170898438,718.9400024414062,718.9400024414062,54594,0.0,0.0,0.0
2026-09-18 15:32:00-04:00,718.9500122070312,719.0349731445312,718.9400024414062,718.969970703125,68920,0.0,0.0,0.0
2026-09-18 15:33:00-04:00,718.969970703125,719.0050048828125,718.9299926757812,718.989990234375,74363,0.0,0.0,0.0
2026-09-18 15:34:00-04:00,718.989990234375,719.0,718.9299926757812,718.969970703125,74676,0.0,0.0,0.0
2026-09-18 15:35:00-04:00,718.969970703125,719.0599975585938,718.9349975585938,718.9600219726562,46756,0.0,0.0,0.0
2026-09-18 15:36:00-04:00,718.969970703125,719.1173706054688,718.9600219726562,719.0850219726562,101561,0.0,0.0,0.0
2026-09-18 15:37:00-04:00,719.0900268554688,719.3099975585938,719.0700073242188,719.280029296875,76055,0.0,0.0,0.0
2026-09-18 15:38:00-04:00,719.280029296875,719.3699951171875,719.27001953125,719.3200073242188,90956,0.0,0.0,0.0
2026-09-18 15:39:00-04:00,719.3400268554688,719.3699951171875,719.260009765625,719.280029296875,40519,0.0,0.0,0.0
2026-09-18 15:40:00-04:00,719.3049926757812,719.3499755859375,719.22998046875,719.3300170898438,38925,0.0,0.0,0.0
2026-09-18 15:41:00-04:00,719.30712890625,719.4199829101562,719.280029296875,719.385009765625,190089,0.0,0.0,0.0
2026-09-18 15:42:00-04:00,719.4000244140625,719.4749755859375,719.3400268554688,719.3499755859375,136563,0.0,0.0,0.0
2026-09-18 15:43:00-04:00,719.3734741210938,719.5399780273438,719.3734741210938,719.5,43491,0.0,0.0,0.0
2026-09-18 15:44:00-04:00,719.5050048828125,719.5999755859375,719.4949951171875,719.5900268554688,73890,0.0,0.0,0.0
2026-09-18 15:45:00-04:00,719.5900268554688,719.719970703125,719.5549926757812,719.64501953125,165322,0.0,0.0,0.0
2026-09-18 15:46:00-04:00,719.655029296875,719.719970703125,719.60498046875,719.6900024414062,132769,0.0,0.0,0.0
2026-09-18 15:47:00-04:00,719.6900024414062,719.9400024414062,719.6849975585938,719.8300170898438,84584,0.0,0.0,0.0
2026-09-18 15:48:00-04:00,719.8300170898438,719.9099731445312,719.8200073242188,719.8900146484375,151786,0.0,0.0,0.0
2026-09-18 15:49:00-04:00,719.8800048828125,720.0900268554688,719.8800048828125,720.0599975585938,168156,0.0,0.0,0.0
2026-09-18 15:50:00-04:00,720.0900268554688,720.440185546875,719.969970703125,720.1500244140625,268219,0.0,0.0,0.0
2026-09-18 15:51:00-04:00,720.1691284179688,720.219970703125,719.8699951171875,719.9000244140625,151492,0.0,0.0,0.0
2026-09-18 15:52:00-04:00,719.9293823242188,720.0499877929688,719.844970703125,719.969970703125,189251,0.0,0.0,0.0
2026-09-18 15:53:00-04:00,719.9650268554688,720.0989990234375,719.9400024414062,720.0399780273438,302276,0.0,0.0,0.0
2026-09-18 15:54:00-04:00,720.0549926757812,720.2349853515625,719.9500122070312,720.2349853515625,227584,0.0,0.0,0.0
2026-09-18 15:55:00-04:00,720.2396850585938,721.4299926757812,720.22998046875,720.969970703125,577702,0.0,0.0,0.0
2026-09-18 15:56:00-04:00,720.969970703125,721.0994262695312,720.9349975585938,721.0349731445312,494718,0.0,0.0,0.0
2026-09-18 15:57:00-04:00,721.0349731445312,721.7249755859375,721.030029296875,721.719970703125,543727,0.0,0.0,0.0
2026-09-18 15:58:00-04:00,721.7100219726562,721.7100219726562,721.2000122070312,721.2849731445312,658582,0.0,0.0,0.0
2026-09-18 15:59:00-04:00,721.280029296875,721.4500122070312,721.1099853515625,721.3599853515625,2252861,0.0,0.0,0.0
2026-09-21 09:30:00-04:00,727.9500122070312,728.8400268554688,727.9500122070312,728.6799926757812,1754278,0.751,0.0,0.0
2026-09-21 09:31:00-04:00,728.6799926757812,728.739990234375,728.0800170898438,728.7293090820312,376877,0.0,0.0,0.0
2026-09-21 09:32:00-04:00,728.75,728.8400268554688,728.3099975585938,728.3300170898438,293569,0.0,0.0,0.0
2026-09-21 09:33:00-04:00,728.3200073242188,728.3599853515625,727.8200073242188,728.0,207928,0.0,0.0,0.0
2026-09-21 09:34:00-04:00,728.010009765625,728.655029296875,727.989990234375,728.655029296875,123203,0.0,0.0,0.0
2026-09-21 09:35:00-04:00,728.6599731445312,728.8200073242188,728.3049926757812,728.7899780273438,268352,0.0,0.0,0.0
2026-09-21 09:36:00-04:00,728.7899780273438,728.9412841796875,728.489990234375,728.9412841796875,221201,0.0,0.0,0.0
2026-09-21 09:37:00-04:00,728.9299926757812,729.719970703125,728.85498046875,729.64501953125,337703,0.0,0.0,0.0
2026-09-21 09:38:00-04:00,729.6400146484375,729.6900024414062,729.4400024414062,729.655029296875,273848,0.0,0.0,0.0
2026-09-21 09:39:00-04:00,729.6500244140625,729.9199829101562,729.5499877929688,729.8049926757812,310053,0.0,0.0,0.0
2026-09-21 09:40:00-04:00,729.8099975585938,730.0800170898438,729.7899780273438,730.010009765625,280370,0.0,0.0,0.0
2026-09-21 09:41:00-04:00,730.0,730.135009765625,729.9099731445312,730.010009765625,225103,0.0,0.0,0.0
2026-09-21 09:42:00-04:00,730.0050048828125,730.1900024414062,729.97998046875,730.1799926757812,214132,0.0,0.0,0.0
2026-09-21 09:43:00-04:00,730.1749877929688,730.5050048828125,730.1199951171875,730.3900146484375,180418,0.0,0.0,0.0
2026-09-21 09:44:00-04:00,730.3900146484375,730.7849731445312,730.3599853515625,730.780029296875,277404,0.0,0.0,0.0
2026-09-21 09:45:00-04:00,730.77001953125,731.4199829101562,730.77001953125,731.4099731445312,217347,0.0,0.0,0.0
2026-09-21 09:46:00-04:00,731.4099731445312,731.47998046875,731.25,731.3900146484375,171881,0.0,0.0,0.0
2026-09-21 09:47:00-04:00,731.39501953125,731.4000244140625,731.1799926757812,731.2000122070312,178243,0.0,0.0,0.0
2026-09-21 09:48:00-04:00,731.2100219726562,731.5,731.2050170898438,731.3699951171875,128063,0.0,0.0,0.0
2026-09-21 09:49:00-04:00,731.3699951171875,731.3800048828125,731.1500244140625,731.219970703125,87290,0.0,0.0,0.0
2026-09-21 09:50:00-04:00,731.219970703125,731.260009765625,731.0700073242188,731.1900024414062,83110,0.0,0.0,0.0
2026-09-21 09:51:00-04:00,731.1799926757812,731.5999755859375,731.1799926757812,731.5250244140625,190076,0.0,0.0,0.0
2026-09-21 09:52:00-04:00,731.530029296875,732.080078125,731.52001953125,732.0,254298,0.0,0.0,0.0
2026-09-21 09:53:00-04:00,731.9949951171875,732.1699829101562,731.989990234375,732.1699829101562,106620,0.0,0.0,0.0
2026-09-21 09:54:00-04:00,732.1900024414062,732.3900146484375,732.0900268554688,732.385009765625,131257,0.0,0.0,0.0
2026-09-21 09:55:00-04:00,732.3807983398438,732.3807983398438,732.0900268554688,732.25,132357,0.0,0.0,0.0
2026-09-21 09:56:00-04:00,732.25,732.3499755859375,732.0900268554688,732.11572265625,146114,0.0,0.0,0.0
2026-09-21 09:57:00-04:00,732.1400146484375,732.5750122070312,732.0800170898438,732.5700073242188,105953,0.0,0.0,0.0
2026-09-21 09:58:00-04:00,732.5999755859375,732.6699829101562,732.3300170898438,732.4000244140625,113264,0.0,0.0,0.0
2026-09-21 09:59:00-04:00,732.4000244140625,732.60498046875,732.280029296875,732.5701293945312,93660,0.0,0.0,0.0
2026-09-21 10:00:00-04:00,732.5599975585938,732.77001953125,732.4500122070312,732.6199951171875,309494,0.0,0.0,0.0
2026-09-21 10:01:00-04:00,732.5900268554688,733.0700073242188,732.5700073242188,732.889892578125,228090,0.0,0.0,0.0
2026-09-21 10:02:00-04:00,732.8800048828125,732.8900146484375,732.5494995117188,732.7650146484375,71772,0.0,0.0,0.0
2026-09-21 10:03:00-04:00,732.75,732.75,732.4500122070312,732.489990234375,108324,0.0,0.0,0.0
2026-09-21 10:04:00-04:00,732.510009765625,732.6749877929688,732.489990234375,732.5900268554688,121993,0.0,0.0,0.0
2026-09-21 10:05:00-04:00,732.594970703125,732.6099853515625,732.1400146484375,732.39990234375,109635,0.0,0.0,0.0
2026-09-21 10:06:00-04:00,732.3826904296875,732.3900146484375,732.2100219726562,732.2150268554688,89013,0.0,0.0,0.0
2026-09-21 10:07:00-04:00,732.2100219726562,732.3400268554688,732.0900268554688,732.239990234375,121660,0.0,0.0,0.0
2026-09-21 10:08:00-04:00,732.239990234375,732.5399780273438,732.2100830078125,732.530029296875,112587,0.0,0.0,0.0
2026-09-21 10:09:00-04:00,732.5399780273438,732.5750122070312,732.2949829101562,732.3800048828125,70660,0.0,0.0,0.0
2026-09-21 10:10:00-04:00,732.3499755859375,732.7899780273438,732.3499755859375,732.6500244140625,90983,0.0,0.0,0.0
2026-09-21 10:11:00-04:00,732.6500244140625,732.7996215820312,732.5750122070312,732.7650146484375,68455,0.0,0.0,0.0
2026-09-21 10:12:00-04:00,732.760009765625,732.9400024414062,732.7000122070312,732.9099731445312,93945,0.0,0.0,0.0
2026-09-21 10:13:00-04:00,732.9199829101562,733.1900024414062,732.8800048828125,733.135009765625,113093,0.0,0.0,0.0
2026-09-21 10:14:00-04:00,733.1386108398438,733.1599731445312,732.9304809570312,732.9901123046875,80833,0.0,0.0,0.0
2026-09-21 10:15:00-04:00,733.0499877929688,733.4000244140625,733.0499877929688,733.3994750976562,79701,0.0,0.0,0.0
2026-09-21 10:16:00-04:00,733.385009765625,733.7999877929688,733.3599853515625,733.72998046875,95098,0.0,0.0,0.0
2026-09-21 10:17:00-04:00,733.7498779296875,733.760009765625,733.5700073242188,733.6300048828125,74388,0.0,0.0,0.0
2026-09-21 10:18:00-04:00,733.6500244140625,733.8099975585938,733.6199951171875,733.739990234375,127958,0.0,0.0,0.0
2026-09-21 10:19:00-04:00,733.780029296875,733.780029296875,733.6199951171875,733.760009765625,97031,0.0,0.0,0.0
2026-09-21 10:20:00-04:00,733.75,733.7899780273438,733.510009765625,733.5206909179688,64527,0.0,0.0,0.0
2026-09-21 10:21:00-04:00,733.489990234375,734.2000122070312,733.47998046875,734.1950073242188,118320,0.0,0.0,0.0
2026-09-21 10:22:00-04:00,734.1799926757812,734.4797973632812,734.1500244140625,734.4500122070312,105574,0.0,0.0,0.0
2026-09-21 10:23:00-04:00,734.4400024414062,734.5800170898438,734.3225708007812,734.5800170898438,80022,0.0,0.0,0.0
2026-09-21 10:24:00-04:00,734.5894165039062,734.6599731445312,734.5,734.5700073242188,248234,0.0,0.0,0.0
2026-09-21 10:25:00-04:00,734.5900268554688,734.5900268554688,734.4000244140625,734.5399780273438,194898,0.0,0.0,0.0
2026-09-21 10:26:00-04:00,734.5499877929688,734.7349853515625,734.489990234375,734.6900024414062,74829,0.0,0.0,0.0
2026-09-21 10:27:00-04:00,734.6799926757812,734.8699951171875,734.6500244140625,734.8350219726562,101709,0.0,0.0,0.0
2026-09-21 10:28:00-04:00,734.8300170898438,735.0,734.8300170898438,734.9249877929688,112874,0.0,0.0,0.0
2026-09-21 10:29:00-04:00,734.9299926757812,734.989990234375,734.8499755859375,734.969970703125,69395,0.0,0.0,0.0
2026-09-21 10:30:00-04:00,734.9749755859375,735.1500244140625,734.8099975585938,735.1199951171875,92256,0.0,0.0,0.0
2026-09-21 10:31:00-04:00,735.1099853515625,735.1699829101562,734.8800048828125,735.0501098632812,98962,0.0,0.0,0.0
2026-09-21 10:32:00-04:00,735.02001953125,735.2449951171875,735.010009765625,735.1900024414062,238780,0.0,0.0,0.0
2026-09-21 10:33:00-04:00,735.1699829101562,735.27001953125,735.0850219726562,735.2050170898438,1458082,0.0,0.0,0.0
2026-09-21 10:34:00-04:00,735.2000122070312,735.22998046875,735.030029296875,735.1199951171875,108790,0.0,0.0,0.0
2026-09-21 10:35:00-04:00,735.1099853515625,735.280029296875,735.1099853515625,735.280029296875,65729,0.0,0.0,0.0
2026-09-21 10:36:00-04:00,735.27001953125,735.6690063476562,735.239990234375,735.6599731445312,121668,0.0,0.0,0.0
2026-09-21 10:37:00-04:00,735.6599731445312,735.861083984375,735.635009765625,735.6599731445312,101546,0.0,0.0,0.0
2026-09-21 10:38:00-04:00,735.6400146484375,735.6900024414062,735.2999877929688,735.3370971679688,134504,0.0,0.0,0.0
2026-09-21 10:39:00-04:00,735.3259887695312,735.4000244140625,735.1304931640625,735.22998046875,160956,0.0,0.0,0.0
2026-09-21 10:40:00-04:00,735.2899780273438,735.2899780273438,735.0700073242188,735.1500244140625,90039,0.0,0.0,0.0
2026-09-21 10:41:00-04:00,735.1522216796875,735.5,734.969970703125,735.0499877929688,135879,0.0,0.0,0.0
2026-09-21 10:42:00-04:00,735.0599975585938,735.0599975585938,734.780029296875,734.780029296875,113231,0.0,0.0,0.0
2026-09-21 10:43:00-04:00,734.8101196289062,734.844970703125,734.5599975585938,734.7000122070312,142933,0.0,0.0,0.0
2026-09-21 10:44:00-04:00,734.759521484375,734.9600219726562,734.65478515625,734.9349975585938,108600,0.0,0.0,0.0
2026-09-21 10:45:00-04:00,734.9299926757812,734.9299926757812,734.6199951171875,734.6900024414062,287592,0.0,0.0,0.0
2026-09-21 10:46:00-04:00,734.7000122070312,735.0999755859375,734.7000122070312,734.9500122070312,97952,0.0,0.0,0.0
2026-09-21 10:47:00-04:00,734.97998046875,735.239990234375,734.9149780273438,735.1300048828125,87394,0.0,0.0,0.0
2026-09-21 10:48:00-04:00,735.114990234375,735.25,735.0499877929688,735.2399291992188,53752,0.0,0.0,0.0
2026-09-21 10:49:00-04:00,735.2098999023438,735.22998046875,734.969970703125,734.969970703125,68515,0.0,0.0,0.0
2026-09-21 10:50:00-04:00,734.9600219726562,735.0355834960938,734.6699829101562,734.719970703125,60698,0.0,0.0,0.0
2026-09-21 10:51:00-04:00,734.739990234375,735.0120239257812,734.7100219726562,734.9450073242188,61241,0.0,0.0,0.0
2026-09-21 10:52:00-04:00,734.9439086914062,735.0599975585938,734.8170166015625,734.9400024414062,48449,0.0,0.0,0.0
2026-09-21 10:53:00-04:00,734.9299926757812,735.0,734.6599731445312,734.6699829101562,52373,0.0,0.0,0.0
2026-09-21 10:54:00-04:00,734.6599731445312,735.1900024414062,734.6500244140625,735.1668701171875,57514,0.0,0.0,0.0
2026-09-21 10:55:00-04:00,735.1500244140625,735.1900024414062,735.0650024414062,735.0900268554688,41242,0.0,0.0,0.0
2026-09-21 10:56:00-04:00,735.1199951171875,735.5300903320312,734.9949951171875,735.530029296875,75958,0.0,0.0,0.0
2026-09-21 10:57:00-04:00,735.5471801757812,735.6099853515625,735.4400024414062,735.52001953125,52107,0.0,0.0,0.0
2026-09-21 10:58:00-04:00,735.489990234375,735.8699951171875,735.4500122070312,735.739990234375,83582,0.0,0.0,0.0
2026-09-21 10:59:00-04:00,735.72998046875,735.72998046875,735.5549926757812,735.719970703125,63514,0.0,0.0,0.0
2026-09-21 11:00:00-04:00,735.72998046875,735.9550170898438,735.6900024414062,735.8599853515625,136656,0.0,0.0,0.0
2026-09-21 11:01:00-04:00,735.844970703125,735.9299926757812,735.77001953125,735.864990234375,74011,0.0,0.0,0.0
2026-09-21 11:02:00-04:00,735.864990234375,735.9400024414062,735.780029296875,735.9013061523438,108839,0.0,0.0,0.0
2026-09-21 11:03:00-04:00,735.8900146484375,736.135009765625,735.8742065429688,736.135009765625,126456,0.0,0.0,0.0
2026-09-21 11:04:00-04:00,736.1400146484375,736.3499755859375,736.1099853515625,736.3300170898438,143021,0.0,0.0,0.0
2026-09-21 11:05:00-04:00,736.3298950195312,736.3499755859375,736.1500244140625,736.1600952148438,52421,0.0,0.0,0.0
2026-09-21 11:06:00-04:00,736.1799926757812,736.1799926757812,736.0399780273438,736.0599975585938,42087,0.0,0.0,0.0
2026-09-21 11:07:00-04:00,736.0800170898438,736.2550048828125,736.0800170898438,736.1900024414062,33714,0.0,0.0,0.0
2026-09-21 11:08:00-04:00,736.219970703125,736.260009765625,736.1099853515625,736.22998046875,44939,0.0,0.0,0.0
2026-09-21 11:09:00-04:00,736.22998046875,736.3800048828125,736.2050170898438,736.3200073242188,121868,0.0,0.0,0.0
2026-09-21 11:10:00-04:00,736.3375244140625,736.3400268554688,736.1699829101562,736.1799926757812,45610,0.0,0.0,0.0
2026-09-21 11:11:00-04:00,736.1799926757812,736.2249755859375,736.114990234375,736.1900024414062,30049,0.0,0.0,0.0
2026-09-21 11:12:00-04:00,736.1900024414062,736.4199829101562,736.1500244140625,736.4000244140625,57532,0.0,0.0,0.0
2026-09-21 11:13:00-04:00,736.4099731445312,736.4299926757812,736.22900390625,736.260009765625,40269,0.0,0.0,0.0
2026-09-21 11:14:00-04:00,736.2650146484375,736.3200073242188,736.1799926757812,736.3200073242188,28906,0.0,0.0,0.0
2026-09-21 11:15:00-04:00,736.3300170898438,736.469970703125,736.3300170898438,736.4199829101562,43505,0.0,0.0,0.0
2026-09-21 11:16:00-04:00,736.4099731445312,736.4500122070312,736.27001953125,736.3300170898438,63752,0.0,0.0,0.0
2026-09-21 11:17:00-04:00,736.3200073242188,736.3699951171875,736.2053833007812,736.3699951171875,36807,0.0,0.0,0.0
2026-09-21 11:18:00-04:00,736.3900146484375,736.47998046875,736.3599853515625,736.4398803710938,45095,0.0,0.0,0.0
2026-09-21 11:19:00-04:00,736.4000244140625,736.5700073242188,736.3800048828125,736.5360107421875,58195,0.0,0.0,0.0
2026-09-21 11:20:00-04:00,736.5399780273438,736.5499877929688,736.3250122070312,736.3250122070312,36304,0.0,0.0,0.0
2026-09-21 11:21:00-04:00,736.3699951171875,736.469970703125,736.3499755859375,736.4199829101562,111260,0.0,0.0,0.0
2026-09-21 11:22:00-04:00,736.4099731445312,736.4149780273438,736.219970703125,736.2899780273438,31778,0.0,0.0,0.0
2026-09-21 11:23:00-04:00,736.3300170898438,736.3400268554688,736.2000122070312,736.2899780273438,28913,0.0,0.0,0.0
2026-09-21 11:24:00-04:00,736.280029296875,736.3331298828125,736.239990234375,736.2849731445312,56214,0.0,0.0,0.0
2026-09-21 11:25:00-04:00,736.280029296875,736.4400024414062,736.2100219726562,736.3526000976562,39062,0.0,0.0,0.0
2026-09-21 11:26:00-04:00,736.3499755859375,736.4500122070312,736.3099975585938,736.3800048828125,55709,0.0,0.0,0.0
2026-09-21 11:27:00-04:00,736.3900146484375,736.5999755859375,736.3800048828125,736.47998046875,49352,0.0,0.0,0.0
2026-09-21 11:28:00-04:00,736.47998046875,736.5900268554688,736.4000244140625,736.4000244140625,72887,0.0,0.0,0.0
2026-09-21 11:29:00-04:00,736.4000244140625,736.5900268554688,736.3900146484375,736.5700073242188,52202,0.0,0.0,0.0
2026-09-21 11:30:00-04:00,736.5850219726562,736.7949829101562,736.5599975585938,736.780029296875,62547,0.0,0.0,0.0
2026-09-21 11:31:00-04:00,736.7700805664062,736.7899780273438,736.655029296875,736.7598876953125,50526,0.0,0.0,0.0
2026-09-21 11:32:00-04:00,736.75,736.760009765625,736.6599731445312,736.6900024414062,41617,0.0,0.0,0.0
2026-09-21 11:33:00-04:00,736.6801147460938,736.7305297851562,736.6201171875,736.6699829101562,27854,0.0,0.0,0.0
2026-09-21 11:34:00-04:00,736.6500244140625,736.7100219726562,736.4299926757812,736.510009765625,47671,0.0,0.0,0.0
2026-09-21 11:35:00-04:00,736.530029296875,736.5900268554688,736.4500122070312,736.4801025390625,41288,0.0,0.0,0.0
2026-09-21 11:36:00-04:00,736.5050048828125,736.8400268554688,736.47998046875,736.7249755859375,43958,0.0,0.0,0.0
2026-09-21 11:37:00-04:00,736.7349853515625,736.8400268554688,736.7100219726562,736.8400268554688,36497,0.0,0.0,0.0
2026-09-21 11:38:00-04:00,736.8300170898438,736.9000244140625,736.7802734375,736.8699951171875,33054,0.0,0.0,0.0
2026-09-21 11:39:00-04:00,736.87548828125,737.2000122070312,736.8699951171875,737.1099853515625,251097,0.0,0.0,0.0
2026-09-21 11:40:00-04:00,737.1199951171875,737.1699829101562,736.969970703125,737.0,68859,0.0,0.0,0.0
2026-09-21 11:41:00-04:00,737.0,737.0999755859375,736.9105834960938,737.0999755859375,32937,0.0,0.0,0.0
2026-09-21 11:42:00-04:00,737.0900268554688,737.1024169921875,736.9650268554688,737.0700073242188,35100,0.0,0.0,0.0
2026-09-21 11:43:00-04:00,737.0750122070312,737.2000122070312,737.0700073242188,737.1610107421875,62801,0.0,0.0,0.0
2026-09-21 11:44:00-04:00,737.1500244140625,737.2698974609375,737.1300048828125,737.22998046875,58102,0.0,0.0,0.0
2026-09-21 11:45:00-04:00,737.2899780273438,737.4949951171875,737.2899780273438,737.4100952148438,78704,0.0,0.0,0.0
2026-09-21 11:46:00-04:00,737.4199829101562,737.530029296875,737.4199829101562,737.4949951171875,52712,0.0,0.0,0.0
2026-09-21 11:47:00-04:00,737.4949951171875,737.6900024414062,737.4600219726562,737.6799926757812,78994,0.0,0.0,0.0
2026-09-21 11:48:00-04:00,737.6500244140625,737.6500244140625,737.5499877929688,737.590087890625,44456,0.0,0.0,0.0
2026-09-21 11:49:00-04:00,737.5599975585938,737.5980834960938,737.4749755859375,737.5,84917,0.0,0.0,0.0
2026-09-21 11:50:00-04:00,737.5,737.8599853515625,737.27001953125,737.4199829101562,156996,0.0,0.0,0.0
2026-09-21 11:51:00-04:00,737.4349975585938,737.4550170898438,737.280029296875,737.2999877929688,85077,0.0,0.0,0.0
2026-09-21 11:52:00-04:00,737.2949829101562,737.469970703125,737.2899780273438,737.3800048828125,56932,0.0,0.0,0.0
2026-09-21 11:53:00-04:00,737.3900146484375,737.469970703125,737.3699951171875,737.4199829101562,49708,0.0,0.0,0.0
2026-09-21 11:54:00-04:00,737.4249877929688,737.4475708007812,737.2100219726562,737.22998046875,265505,0.0,0.0,0.0
2026-09-21 11:55:00-04:00,737.2249755859375,737.2949829101562,737.1599731445312,737.27001953125,101116,0.0,0.0,0.0
2026-09-21 11:56:00-04:00,737.2849731445312,737.3300170898438,737.1900024414062,737.2050170898438,56888,0.0,0.0,0.0
2026-09-21 11:57:00-04:00,737.2000122070312,737.2150268554688,736.9400024414062,737.0499877929688,68400,0.0,0.0,0.0
2026-09-21 11:58:00-04:00,737.030029296875,737.1099853515625,736.9400024414062,737.0900268554688,57533,0.0,0.0,0.0
2026-09-21 11:59:00-04:00,737.1199951171875,737.1599731445312,736.9600219726562,737.1400756835938,36491,0.0,0.0,0.0
2026-09-21 12:00:00-04:00,737.14599609375,737.14599609375,736.9401245117188,737.0599975585938,35074,0.0,0.0,0.0
2026-09-21 12:01:00-04:00,737.0599975585938,737.0999755859375,737.010009765625,737.094970703125,47073,0.0,0.0,0.0
2026-09-21 12:02:00-04:00,737.0900268554688,737.4400024414062,737.0900268554688,737.4099731445312,39805,0.0,0.0,0.0
2026-09-21 12:03:00-04:00,737.4011840820312,737.5250244140625,737.4011840820312,737.52001953125,116490,0.0,0.0,0.0
2026-09-21 12:04:00-04:00,737.510009765625,737.6599731445312,737.5050048828125,737.614990234375,78072,0.0,0.0,0.0
2026-09-21 12:05:00-04:00,737.614990234375,737.7000122070312,737.5399780273438,737.5700073242188,47126,0.0,0.0,0.0
2026-09-21 12:06:00-04:00,737.5750122070312,737.6400146484375,737.47998046875,737.47998046875,88172,0.0,0.0,0.0
2026-09-21 12:07:00-04:00,737.47998046875,738.0399780273438,737.3699951171875,737.8049926757812,192409,0.0,0.0,0.0
2026-09-21 12:08:00-04:00,737.7899780273438,737.8900146484375,737.7550048828125,737.8599853515625,115751,0.0,0.0,0.0
2026-09-21 12:09:00-04:00,737.8800048828125,738.1799926757812,737.8599853515625,738.1500244140625,66832,0.0,0.0,0.0
2026-09-21 12:10:00-04:00,738.1599731445312,738.2800903320312,738.0800170898438,738.280029296875,42143,0.0,0.0,0.0
2026-09-21 12:11:00-04:00,738.280029296875,738.3599853515625,738.2349853515625,738.27001953125,36489,0.0,0.0,0.0
2026-09-21 12:12:00-04:00,738.239990234375,738.25,738.0349731445312,738.1591796875,49608,0.0,0.0,0.0
2026-09-21 12:13:00-04:00,738.1400146484375,738.3400268554688,738.1099853515625,738.1099853515625,84223,0.0,0.0,0.0
2026-09-21 12:14:00-04:00,738.0800170898438,738.1749877929688,738.030029296875,738.1599731445312,30998,0.0,0.0,0.0
2026-09-21 12:15:00-04:00,738.22998046875,738.34228515625,738.22998046875,738.3099975585938,38360,0.0,0.0,0.0
2026-09-21 12:16:00-04:00,738.2899780273438,738.3900146484375,738.25,738.3099975585938,201584,0.0,0.0,0.0
2026-09-21 12:17:00-04:00,738.3099975585938,738.39501953125,738.1400146484375,738.1599731445312,111307,0.0,0.0,0.0
2026-09-21 12:18:00-04:00,738.1500244140625,738.239990234375,738.0399780273438,738.1300048828125,114187,0.0,0.0,0.0
2026-09-21 12:19:00-04:00,738.1199951171875,738.2899780273438,738.1099853515625,738.2650146484375,40110,0.0,0.0,0.0
2026-09-21 12:20:00-04:00,738.25,738.489990234375,738.2349853515625,738.260009765625,68620,0.0,0.0,0.0
2026-09-21 12:21:00-04:00,738.27001953125,738.4000244140625,738.1500244140625,738.4000244140625,45792,0.0,0.0,0.0
2026-09-21 12:22:00-04:00,738.3900146484375,738.5700073242188,738.3800048828125,738.52001953125,45125,0.0,0.0,0.0
2026-09-21 12:23:00-04:00,738.5150146484375,738.5800170898438,738.4500122070312,738.5499877929688,53228,0.0,0.0,0.0
2026-09-21 12:24:00-04:00,738.5800170898438,738.6400146484375,738.489990234375,738.6088256835938,62796,0.0,0.0,0.0
2026-09-21 12:25:00-04:00,738.573974609375,738.6500244140625,738.5599975585938,738.6300048828125,56817,0.0,0.0,0.0
2026-09-21 12:26:00-04:00,738.6500244140625,738.760009765625,738.5349731445312,738.7000732421875,73189,0.0,0.0,0.0
2026-09-21 12:27:00-04:00,738.7183227539062,738.9600219726562,738.7150268554688,738.9465942382812,57196,0.0,0.0,0.0
2026-09-21 12:28:00-04:00,738.9600219726562,739.0,738.8900146484375,738.9349975585938,155089,0.0,0.0,0.0
2026-09-21 12:29:00-04:00,738.9500122070312,738.9500122070312,738.739990234375,738.7750244140625,39630,0.0,0.0,0.0
2026-09-21 12:30:00-04:00,738.7659912109375,738.9500122070312,738.7449951171875,738.9299926757812,48562,0.0,0.0,0.0
2026-09-21 12:31:00-04:00,738.9400024414062,739.1199951171875,738.9099731445312,739.0900268554688,64336,0.0,0.0,0.0
2026-09-21 12:32:00-04:00,739.094970703125,739.2899780273438,739.0499877929688,739.2349853515625,63986,0.0,0.0,0.0
2026-09-21 12:33:00-04:00,739.239990234375,739.3900146484375,739.2100219726562,739.2849731445312,81401,0.0,0.0,0.0
2026-09-21 12:34:00-04:00,739.27001953125,739.2999877929688,739.1300048828125,739.239990234375,59813,0.0,0.0,0.0
2026-09-21 12:35:00-04:00,739.239990234375,739.2999877929688,739.1699829101562,739.1950073242188,76986,0.0,0.0,0.0
2026-09-21 12:36:00-04:00,739.1950073242188,739.260009765625,739.0900268554688,739.1500244140625,406406,0.0,0.0,0.0
2026-09-21 12:37:00-04:00,739.1300048828125,739.1798706054688,738.8800048828125,738.9000244140625,81047,0.0,0.0,0.0
2026-09-21 12:38:00-04:00,738.9094848632812,738.9094848632812,738.6900024414062,738.75,72088,0.0,0.0,0.0
2026-09-21 12:39:00-04:00,738.739990234375,738.75,738.47998046875,738.5250244140625,74799,0.0,0.0,0.0
2026-09-21 12:40:00-04:00,738.5349731445312,738.780029296875,738.510009765625,738.780029296875,63539,0.0,0.0,0.0
2026-09-21 12:41:00-04:00,738.780029296875,738.833984375,738.5800170898438,738.77001953125,56557,0.0,0.0,0.0
2026-09-21 12:42:00-04:00,738.7550048828125,738.9000244140625,738.75,738.8099975585938,29576,0.0,0.0,0.0
2026-09-21 12:43:00-04:00,738.8150024414062,738.9299926757812,738.7916259765625,738.7999877929688,32400,0.0,0.0,0.0
2026-09-21 12:44:00-04:00,738.7999877929688,738.8200073242188,738.5900268554688,738.5999755859375,50694,0.0,0.0,0.0
2026-09-21 12:45:00-04:00,738.6199951171875,738.8300170898438,738.60400390625,738.7199096679688,34916,0.0,0.0,0.0
2026-09-21 12:46:00-04:00,738.72998046875,738.8499755859375,738.6599731445312,738.7899780273438,111829,0.0,0.0,0.0
2026-09-21 12:47:00-04:00,738.77001953125,738.8099975585938,738.6799926757812,738.7999877929688,36070,0.0,0.0,0.0
2026-09-21 12:48:00-04:00,738.7899780273438,738.8499755859375,738.6400146484375,738.7863159179688,40966,0.0,0.0,0.0
2026-09-21 12:49:00-04:00,738.780029296875,738.7999877929688,738.7100219726562,738.7899780273438,25001,0.0,0.0,0.0
2026-09-21 12:50:00-04:00,738.8200073242188,738.8895263671875,738.77001953125,738.8099975585938,19333,0.0,0.0,0.0
2026-09-21 12:51:00-04:00,738.7899780273438,738.7899780273438,738.6300048828125,738.6900024414062,42575,0.0,0.0,0.0
2026-09-21 12:52:00-04:00,738.6400146484375,738.7000122070312,738.5,738.6300048828125,34772,0.0,0.0,0.0
2026-09-21 12:53:00-04:00,738.6199951171875,738.6300048828125,738.5399780273438,738.5399780273438,74941,0.0,0.0,0.0
2026-09-21 12:54:00-04:00,738.5800170898438,738.719970703125,738.5700073242188,738.6900024414062,30455,0.0,0.0,0.0
2026-09-21 12:55:00-04:00,738.7000122070312,738.8198852539062,738.6801147460938,738.7949829101562,26015,0.0,0.0,0.0
2026-09-21 12:56:00-04:00,738.7899780273438,738.8092041015625,738.5999755859375,738.6079711914062,31178,0.0,0.0,0.0
2026-09-21 12:57:00-04:00,738.6380004882812,738.7899780273438,738.635009765625,738.7899780273438,15522,0.0,0.0,0.0
2026-09-21 12:58:00-04:00,738.77001953125,738.7899780273438,738.6900024414062,738.739990234375,26813,0.0,0.0,0.0
2026-09-21 12:59:00-04:00,738.739990234375,738.8499755859375,738.7100219726562,738.8350219726562,0,0.0,0.0,0.0
2026-09-21 13:00:00-04:00,738.8400268554688,738.9299926757812,738.8200073242188,738.9296264648438,40419,0.0,0.0,0.0
2026-09-21 13:01:00-04:00,738.9000854492188,739.010009765625,738.8800048828125,738.9099731445312,207350,0.0,0.0,0.0
2026-09-21 13:02:00-04:00,738.94287109375,738.9500122070312,738.8400268554688,738.860107421875,45736,0.0,0.0,0.0
2026-09-21 13:03:00-04:00,738.8599853515625,738.969970703125,738.8499755859375,738.9249877929688,44338,0.0,0.0,0.0
2026-09-21 13:04:00-04:00,738.9199829101562,739.0,738.8300170898438,738.9550170898438,52472,0.0,0.0,0.0
2026-09-21 13:05:00-04:00,738.969970703125,739.1500244140625,738.969970703125,739.1199951171875,33090,0.0,0.0,0.0
2026-09-21 13:06:00-04:00,739.1099853515625,739.1500244140625,739.030029296875,739.0399780273438,24824,0.0,0.0,0.0
2026-09-21 13:07:00-04:00,739.0599975585938,739.0599975585938,738.8900146484375,738.8900146484375,72247,0.0,0.0,0.0
2026-09-21 13:08:00-04:00,738.875,738.8800048828125,738.719970703125,738.7880249023438,38562,0.0,0.0,0.0
2026-09-21 13:09:00-04:00,738.7899780273438,738.8400268554688,738.75,738.8355712890625,30869,0.0,0.0,0.0
2026-09-21 13:10:00-04:00,738.8400268554688,738.85498046875,738.72998046875,738.780029296875,32197,0.0,0.0,0.0
2026-09-21 13:11:00-04:00,738.77001953125,738.8499755859375,738.739990234375,738.839111328125,29807,0.0,0.0,0.0
2026-09-21 13:12:00-04:00,738.8400268554688,739.0,738.8250122070312,738.989990234375,52038,0.0,0.0,0.0
2026-09-21 13:13:00-04:00,739.0,739.0599975585938,738.97998046875,739.0,20031,0.0,0.0,0.0
2026-09-21 13:14:00-04:00,739.0,739.1300048828125,738.9650268554688,739.0300903320312,32383,0.0,0.0,0.0
2026-09-21 13:15:00-04:00,739.0349731445312,739.0999755859375,738.969970703125,738.9949951171875,30002,0.0,0.0,0.0
2026-09-21 13:16:00-04:00,739.010009765625,739.02001953125,738.9000244140625,738.9299926757812,31195,0.0,0.0,0.0
2026-09-21 13:17:00-04:00,738.9000244140625,738.9290161132812,738.8200073242188,738.8599853515625,46621,0.0,0.0,0.0
2026-09-21 13:18:00-04:00,738.8599853515625,739.02001953125,738.8499755859375,738.989990234375,57776,0.0,0.0,0.0
2026-09-21 13:19:00-04:00,739.010009765625,739.0599975585938,738.969970703125,739.010009765625,16806,0.0,0.0,0.0
2026-09-21 13:20:00-04:00,739.02001953125,739.0999755859375,739.0050048828125,739.0750122070312,36762,0.0,0.0,0.0
2026-09-21 13:21:00-04:00,739.07080078125,739.0900268554688,738.989990234375,739.02001953125,26969,0.0,0.0,0.0
2026-09-21 13:22:00-04:00,739.0001220703125,739.0299072265625,738.7905883789062,738.8181762695312,24614,0.0,0.0,0.0
2026-09-21 13:23:00-04:00,738.8300170898438,738.8699951171875,738.60498046875,738.6199951171875,47264,0.0,0.0,0.0
2026-09-21 13:24:00-04:00,738.6431884765625,738.6500244140625,738.510009765625,738.5399780273438,45496,0.0,0.0,0.0
2026-09-21 13:25:00-04:00,738.5900268554688,738.6599731445312,738.5399780273438,738.5999755859375,35485,0.0,0.0,0.0
2026-09-21 13:26:00-04:00,738.5999755859375,738.6900024414062,738.530029296875,738.530029296875,30836,0.0,0.0,0.0
2026-09-21 13:27:00-04:00,738.5250244140625,738.7100219726562,738.4299926757812,738.7000122070312,27087,0.0,0.0,0.0
2026-09-21 13:28:00-04:00,738.698974609375,738.8400268554688,738.6099853515625,738.8400268554688,32068,0.0,0.0,0.0
2026-09-21 13:29:00-04:00,738.8441162109375,739.0250244140625,738.8300170898438,738.969970703125,97730,0.0,0.0,0.0
2026-09-21 13:30:00-04:00,738.97998046875,739.0974731445312,738.9199829101562,739.0974731445312,44326,0.0,0.0,0.0
2026-09-21 13:31:00-04:00,739.0900268554688,739.1699829101562,738.760009765625,738.9000244140625,66075,0.0,0.0,0.0
2026-09-21 13:32:00-04:00,738.9000244140625,738.9000244140625,738.75,738.8300170898438,32602,0.0,0.0,0.0
2026-09-21 13:33:00-04:00,738.8599853515625,738.8900146484375,738.719970703125,738.75,34617,0.0,0.0,0.0
2026-09-21 13:34:00-04:00,738.77001953125,738.77001953125,738.6400146484375,738.6773071289062,23489,0.0,0.0,0.0
2026-09-21 13:35:00-04:00,738.7000122070312,738.7999877929688,738.5994873046875,738.7349853515625,34450,0.0,0.0,0.0
2026-09-21 13:36:00-04:00,738.77001953125,738.8300170898438,738.739990234375,738.7899780273438,31236,0.0,0.0,0.0
2026-09-21 13:37:00-04:00,738.7899780273438,738.9000244140625,738.6400146484375,738.7000122070312,72161,0.0,0.0,0.0
2026-09-21 13:38:00-04:00,738.7100219726562,738.8499755859375,738.7100219726562,738.8200073242188,12836,0.0,0.0,0.0
2026-09-21 13:39:00-04:00,738.8150024414062,738.89501953125,738.77001953125,738.8300170898438,24982,0.0,0.0,0.0
2026-09-21 13:40:00-04:00,738.8400268554688,738.919921875,738.77001953125,738.8699951171875,19437,0.0,0.0,0.0
2026-09-21 13:41:00-04:00,738.8800048828125,739.02001953125,738.8800048828125,738.9500122070312,91162,0.0,0.0,0.0
2026-09-21 13:42:00-04:00,738.9550170898438,739.25,738.9550170898438,739.22998046875,48811,0.0,0.0,0.0
2026-09-21 13:43:00-04:00,739.2100219726562,739.3300170898438,739.1500244140625,739.3001098632812,433742,0.0,0.0,0.0
2026-09-21 13:44:00-04:00,739.3300170898438,739.6699829101562,739.3300170898438,739.6099853515625,124444,0.0,0.0,0.0
2026-09-21 13:45:00-04:00,739.6300048828125,739.8099975585938,739.6099853515625,739.77001953125,51546,0.0,0.0,0.0
2026-09-21 13:46:00-04:00,739.7650146484375,739.8599243164062,739.739990234375,739.7501220703125,52780,0.0,0.0,0.0
2026-09-21 13:47:00-04:00,739.75,739.7700805664062,739.52197265625,739.5399780273438,48392,0.0,0.0,0.0
2026-09-21 13:48:00-04:00,739.530517578125,739.5900268554688,739.5,739.5,56215,0.0,0.0,0.0
2026-09-21 13:49:00-04:00,739.489990234375,739.6900024414062,739.4600219726562,739.5689697265625,49079,0.0,0.0,0.0
2026-09-21 13:50:00-04:00,739.5700073242188,739.6500244140625,739.5449829101562,739.5599975585938,15232,0.0,0.0,0.0
2026-09-21 13:51:00-04:00,739.5599975585938,739.6500244140625,739.5599975585938,739.6300048828125,13593,0.0,0.0,0.0
2026-09-21 13:52:00-04:00,739.6400146484375,739.719970703125,739.6300048828125,739.7000732421875,785561,0.0,0.0,0.0
2026-09-21 13:53:00-04:00,739.705078125,739.7514038085938,739.6599731445312,739.719970703125,28015,0.0,0.0,0.0
2026-09-21 13:54:00-04:00,739.739990234375,739.7899780273438,739.714111328125,739.72998046875,89377,0.0,0.0,0.0
2026-09-21 13:55:00-04:00,739.72998046875,739.72998046875,739.5800170898438,739.6400146484375,30313,0.0,0.0,0.0
2026-09-21 13:56:00-04:00,739.6500244140625,739.7100219726562,739.5349731445312,739.5399780273438,21479,0.0,0.0,0.0
2026-09-21 13:57:00-04:00,739.5300903320312,739.5999755859375,739.5050048828125,739.5599975585938,35455,0.0,0.0,0.0
2026-09-21 13:58:00-04:00,739.5700073242188,739.7000122070312,739.5499877929688,739.635009765625,141369,0.0,0.0,0.0
2026-09-21 13:59:00-04:00,739.625,739.625,739.5300903320312,739.5607299804688,174475,0.0,0.0,0.0
2026-09-21 14:00:00-04:00,739.5900268554688,739.6500244140625,739.5650024414062,739.6099853515625,93655,0.0,0.0,0.0
2026-09-21 14:01:00-04:00,739.6099853515625,739.7000122070312,739.6099853515625,739.663330078125,30203,0.0,0.0,0.0
2026-09-21 14:02:00-04:00,739.6799926757812,739.7999877929688,739.6799926757812,739.7999877929688,38543,0.0,0.0,0.0
2026-09-21 14:03:00-04:00,739.780029296875,739.8400268554688,739.6900024414062,739.72998046875,35271,0.0,0.0,0.0
2026-09-21 14:04:00-04:00,739.7750244140625,739.8499755859375,739.7000122070312,739.8399047851562,40895,0.0,0.0,0.0
2026-09-21 14:05:00-04:00,739.8800048828125,739.9500122070312,739.8499755859375,739.9249877929688,35256,0.0,0.0,0.0
2026-09-21 14:06:00-04:00,739.9199829101562,739.9500122070312,739.8599853515625,739.9500122070312,126784,0.0,0.0,0.0
2026-09-21 14:07:00-04:00,739.9400024414062,739.97998046875,739.9099731445312,739.9600219726562,33908,0.0,0.0,0.0
2026-09-21 14:08:00-04:00,739.9598999023438,740.0,739.844970703125,739.9400024414062,68398,0.0,0.0,0.0
2026-09-21 14:09:00-04:00,739.9199829101562,739.9349975585938,739.77001953125,739.844970703125,107828,0.0,0.0,0.0
2026-09-21 14:10:00-04:00,739.8499755859375,739.9500122070312,739.8400268554688,739.8499755859375,65744,0.0,0.0,0.0
2026-09-21 14:11:00-04:00,739.8599853515625,739.9415893554688,739.7600708007812,739.9349975585938,25998,0.0,0.0,0.0
2026-09-21 14:12:00-04:00,739.9400024414062,739.9400024414062,739.85498046875,739.8599853515625,36296,0.0,0.0,0.0
2026-09-21 14:13:00-04:00,739.8699951171875,739.97998046875,739.8699951171875,739.9650268554688,50443,0.0,0.0,0.0
2026-09-21 14:14:00-04:00,739.9600219726562,740.1300048828125,739.9600219726562,740.0,78792,0.0,0.0,0.0
2026-09-21 14:15:00-04:00,740.0,740.1799926757812,739.9887084960938,740.177490234375,78072,0.0,0.0,0.0
2026-09-21 14:16:00-04:00,740.1699829101562,740.2064819335938,740.0552978515625,740.0800170898438,67944,0.0,0.0,0.0
2026-09-21 14:17:00-04:00,740.0599975585938,740.1599731445312,740.0399780273438,740.1300048828125,29469,0.0,0.0,0.0
2026-09-21 14:18:00-04:00,740.1300048828125,740.3200073242188,740.1300048828125,740.25,62394,0.0,0.0,0.0
2026-09-21 14:19:00-04:00,740.239990234375,740.2572021484375,740.10498046875,740.2000122070312,37435,0.0,0.0,0.0
2026-09-21 14:20:00-04:00,740.1900024414062,740.27001953125,740.1900024414062,740.27001953125,35211,0.0,0.0,0.0
2026-09-21 14:21:00-04:00,740.260009765625,740.375,740.2000122070312,740.3099975585938,35700,0.0,0.0,0.0
2026-09-21 14:22:00-04:00,740.3300170898438,740.5999755859375,740.3200073242188,740.580078125,50663,0.0,0.0,0.0
2026-09-21 14:23:00-04:00,740.5999755859375,740.6199951171875,740.5296020507812,740.6002807617188,40780,0.0,0.0,0.0
2026-09-21 14:24:00-04:00,740.5900268554688,740.6099853515625,740.5499877929688,740.5900268554688,24514,0.0,0.0,0.0
2026-09-21 14:25:00-04:00,740.5900268554688,740.6199951171875,740.489990234375,740.5900268554688,35592,0.0,0.0,0.0
2026-09-21 14:26:00-04:00,740.5850219726562,740.5850219726562,740.4299926757812,740.469970703125,142754,0.0,0.0,0.0
2026-09-21 14:27:00-04:00,740.4896850585938,740.5800170898438,740.47998046875,740.5499877929688,28471,0.0,0.0,0.0
2026-09-21 14:28:00-04:00,740.5662841796875,740.6900024414062,740.5401000976562,740.614990234375,54422,0.0,0.0,0.0
2026-09-21 14:29:00-04:00,740.5999755859375,740.6400146484375,740.52001953125,740.5549926757812,131870,0.0,0.0,0.0
2026-09-21 14:30:00-04:00,740.5599975585938,740.5800170898438,740.47998046875,740.52001953125,64782,0.0,0.0,0.0
2026-09-21 14:31:00-04:00,740.52001953125,740.5900268554688,740.3300170898438,740.3400268554688,85127,0.0,0.0,0.0
2026-09-21 14:32:00-04:00,740.3400268554688,740.375,740.1599731445312,740.219970703125,371490,0.0,0.0,0.0
2026-09-21 14:33:00-04:00,740.219970703125,740.3699951171875,740.1799926757812,740.2899780273438,42631,0.0,0.0,0.0
2026-09-21 14:34:00-04:00,740.2999877929688,740.3049926757812,740.1900024414062,740.2899780273438,38386,0.0,0.0,0.0
2026-09-21 14:35:00-04:00,740.3099975585938,740.4099731445312,740.2036743164062,740.2999877929688,28665,0.0,0.0,0.0
2026-09-21 14:36:00-04:00,740.2999877929688,740.4600219726562,740.25,740.4398803710938,33666,0.0,0.0,0.0
2026-09-21 14:37:00-04:00,740.46240234375,740.5499877929688,740.4400024414062,740.5449829101562,29657,0.0,0.0,0.0
2026-09-21 14:38:00-04:00,740.5499877929688,740.6900024414062,740.5499877929688,740.625,56099,0.0,0.0,0.0
2026-09-21 14:39:00-04:00,740.6400146484375,740.780029296875,740.6400146484375,740.780029296875,40371,0.0,0.0,0.0
2026-09-21 14:40:00-04:00,740.780029296875,740.8099975585938,740.6500244140625,740.7100219726562,41983,0.0,0.0,0.0
2026-09-21 14:41:00-04:00,740.7100219726562,740.7899780273438,740.6599731445312,740.7650146484375,21130,0.0,0.0,0.0
2026-09-21 14:42:00-04:00,740.77001953125,740.889892578125,740.7698974609375,740.7999877929688,32520,0.0,0.0,0.0
2026-09-21 14:43:00-04:00,740.7899780273438,740.8599853515625,740.739990234375,740.844970703125,26788,0.0,0.0,0.0
2026-09-21 14:44:00-04:00,740.8400268554688,740.8599853515625,740.7999877929688,740.8286743164062,34338,0.0,0.0,0.0
2026-09-21 14:45:00-04:00,740.8699951171875,741.02001953125,740.8499755859375,740.8499755859375,161622,0.0,0.0,0.0
2026-09-21 14:46:00-04:00,740.8380126953125,740.8499755859375,740.75,740.8049926757812,44967,0.0,0.0,0.0
2026-09-21 14:47:00-04:00,740.8049926757812,740.989990234375,740.8049926757812,740.9600219726562,241669,0.0,0.0,0.0
2026-09-21 14:48:00-04:00,740.9600219726562,741.0399780273438,740.9299926757812,741.010009765625,27452,0.0,0.0,0.0
2026-09-21 14:49:00-04:00,741.030029296875,741.0399780273438,740.9299926757812,740.989990234375,29573,0.0,0.0,0.0
2026-09-21 14:50:00-04:00,741.0,741.2899780273438,741.0,741.1799926757812,82694,0.0,0.0,0.0
2026-09-21 14:51:00-04:00,741.1950073242188,741.2999877929688,741.1950073242188,741.2899780273438,46446,0.0,0.0,0.0
2026-09-21 14:52:00-04:00,741.2899780273438,741.2999877929688,741.2000122070312,741.2000122070312,75460,0.0,0.0,0.0
2026-09-21 14:53:00-04:00,741.1901245117188,741.52001953125,741.1900024414062,741.5172119140625,70773,0.0,0.0,0.0
2026-09-21 14:54:00-04:00,741.510009765625,741.5800170898438,741.451171875,741.4600219726562,530591,0.0,0.0,0.0
2026-09-21 14:55:00-04:00,741.469970703125,741.52001953125,741.3703002929688,741.426025390625,47736,0.0,0.0,0.0
2026-09-21 14:56:00-04:00,741.4149780273438,741.4588012695312,741.3300170898438,741.4299926757812,27061,0.0,0.0,0.0
2026-09-21 14:57:00-04:00,741.4199829101562,741.469970703125,741.3300170898438,741.3599853515625,43078,0.0,0.0,0.0
2026-09-21 14:58:00-04:00,741.3619995117188,741.4039916992188,741.2100219726562,741.22998046875,73922,0.0,0.0,0.0
2026-09-21 14:59:00-04:00,741.22998046875,741.3900146484375,741.1801147460938,741.3400268554688,53441,0.0,0.0,0.0
2026-09-21 15:00:00-04:00,741.3599853515625,741.5700073242188,741.3099975585938,741.33251953125,94144,0.0,0.0,0.0
2026-09-21 15:01:00-04:00,741.3200073242188,741.4000244140625,741.2899780273438,741.3900146484375,20588,0.0,0.0,0.0
2026-09-21 15:02:00-04:00,741.3900146484375,741.4799194335938,741.3099975585938,741.3800048828125,347317,0.0,0.0,0.0
2026-09-21 15:03:00-04:00,741.3275756835938,741.340087890625,741.260009765625,741.27001953125,74829,0.0,0.0,0.0
2026-09-21 15:04:00-04:00,741.280029296875,741.3300170898438,741.1500244140625,741.1500244140625,83765,0.0,0.0,0.0
2026-09-21 15:05:00-04:00,741.1199951171875,741.1600952148438,741.02001953125,741.02001953125,68613,0.0,0.0,0.0
2026-09-21 15:06:00-04:00,741.0150146484375,741.2750244140625,741.0,741.2750244140625,72251,0.0,0.0,0.0
2026-09-21 15:07:00-04:00,741.2899780273438,741.3331909179688,741.22998046875,741.3200073242188,25787,0.0,0.0,0.0
2026-09-21 15:08:00-04:00,741.3200073242188,741.4099731445312,741.3101196289062,741.3300170898438,179345,0.0,0.0,0.0
2026-09-21 15:09:00-04:00,741.3350219726562,741.4400024414062,741.3300170898438,741.3900756835938,34512,0.0,0.0,0.0
2026-09-21 15:10:00-04:00,741.4000244140625,741.4000244140625,741.1599731445312,741.22998046875,70244,0.0,0.0,0.0
2026-09-21 15:11:00-04:00,741.2349853515625,741.4299926757812,741.219970703125,741.4000244140625,36677,0.0,0.0,0.0
2026-09-21 15:12:00-04:00,741.4298706054688,741.5499877929688,741.4000244140625,741.530029296875,50310,0.0,0.0,0.0
2026-09-21 15:13:00-04:00,741.5399169921875,741.6099853515625,741.5050048828125,741.5900268554688,64700,0.0,0.0,0.0
2026-09-21 15:14:00-04:00,741.5999755859375,741.7100219726562,741.530029296875,741.7100219726562,53712,0.0,0.0,0.0
2026-09-21 15:15:00-04:00,741.7000122070312,741.7100219726562,741.5499877929688,741.6799926757812,74229,0.0,0.0,0.0
2026-09-21 15:16:00-04:00,741.6699829101562,741.7498779296875,741.6199951171875,741.7498779296875,35464,0.0,0.0,0.0
2026-09-21 15:17:00-04:00,741.7449951171875,741.7999877929688,741.7200927734375,741.77001953125,53372,0.0,0.0,0.0
2026-09-21 15:18:00-04:00,741.760009765625,741.8200073242188,741.7249755859375,741.7249755859375,43020,0.0,0.0,0.0
2026-09-21 15:19:00-04:00,741.72998046875,741.8400268554688,741.7100219726562,741.7999267578125,37403,0.0,0.0,0.0
2026-09-21 15:20:00-04:00,741.8099975585938,741.8200073242188,741.7000122070312,741.72998046875,75637,0.0,0.0,0.0
2026-09-21 15:21:00-04:00,741.719970703125,741.7977294921875,741.5750122070312,741.780029296875,757571,0.0,0.0,0.0
2026-09-21 15:22:00-04:00,741.7899780273438,741.8713989257812,741.7692260742188,741.8599853515625,63230,0.0,0.0,0.0
2026-09-21 15:23:00-04:00,741.8599853515625,741.97998046875,741.7899780273438,741.8098754882812,49237,0.0,0.0,0.0
2026-09-21 15:24:00-04:00,741.7899780273438,741.8049926757812,741.719970703125,741.739990234375,146026,0.0,0.0,0.0
2026-09-21 15:25:00-04:00,741.739990234375,741.8049926757812,741.6300048828125,741.655029296875,43589,0.0,0.0,0.0
2026-09-21 15:26:00-04:00,741.6599731445312,741.7999877929688,741.6300048828125,741.7999877929688,76613,0.0,0.0,0.0
2026-09-21 15:27:00-04:00,741.7999267578125,741.8699951171875,741.7999267578125,741.8300170898438,39640,0.0,0.0,0.0
2026-09-21 15:28:00-04:00,741.8200073242188,741.969970703125,741.780029296875,741.8300170898438,66843,0.0,0.0,0.0
2026-09-21 15:29:00-04:00,741.8699951171875,741.8892822265625,741.739990234375,741.75,43155,0.0,0.0,0.0
2026-09-21 15:30:00-04:00,741.760009765625,741.9199829101562,741.7000122070312,741.9099731445312,119697,0.0,0.0,0.0
2026-09-21 15:31:00-04:00,741.9099731445312,742.0,741.8142700195312,741.97998046875,62361,0.0,0.0,0.0
2026-09-21 15:32:00-04:00,741.9749755859375,742.239990234375,741.9749755859375,742.1898803710938,111304,0.0,0.0,0.0
2026-09-21 15:33:00-04:00,742.1699829101562,742.4500122070312,742.1649780273438,742.4249877929688,123339,0.0,0.0,0.0
2026-09-21 15:34:00-04:00,742.4199829101562,742.6199951171875,742.4000244140625,742.5750122070312,90693,0.0,0.0,0.0
2026-09-21 15:35:00-04:00,742.5850219726562,742.6199951171875,742.5020141601562,742.5449829101562,139839,0.0,0.0,0.0
2026-09-21 15:36:00-04:00,742.5300903320312,742.64501953125,742.510009765625,742.6400146484375,91993,0.0,0.0,0.0
2026-09-21 15:37:00-04:00,742.6500244140625,742.9000244140625,742.6199951171875,742.8900146484375,114316,0.0,0.0,0.0
2026-09-21 15:38:00-04:00,742.9000244140625,743.219970703125,742.9000244140625,743.1799926757812,215015,0.0,0.0,0.0
2026-09-21 15:39:00-04:00,743.1799926757812,743.2000122070312,743.02001953125,743.030029296875,332483,0.0,0.0,0.0
2026-09-21 15:40:00-04:00,743.0349731445312,743.1099853515625,742.7000122070312,742.72998046875,135113,0.0,0.0,0.0
2026-09-21 15:41:00-04:00,742.7213745117188,742.8200073242188,742.5499877929688,742.5700073242188,125072,0.0,0.0,0.0
2026-09-21 15:42:00-04:00,742.5850219726562,742.625,742.39501953125,742.4149780273438,132637,0.0,0.0,0.0
2026-09-21 15:43:00-04:00,742.4199829101562,742.6400146484375,742.3699951171875,742.5700073242188,151752,0.0,0.0,0.0
2026-09-21 15:44:00-04:00,742.5599975585938,742.6300048828125,742.5250244140625,742.5549926757812,128445,0.0,0.0,0.0
2026-09-21 15:45:00-04:00,742.5399780273438,742.6300048828125,742.3300170898438,742.5800170898438,163376,0.0,0.0,0.0
2026-09-21 15:46:00-04:00,742.5700073242188,742.6199951171875,742.3499755859375,742.4000244140625,185673,0.0,0.0,0.0
2026-09-21 15:47:00-04:00,742.4099731445312,742.5800170898438,742.3900756835938,742.4400024414062,112209,0.0,0.0,0.0
2026-09-21 15:48:00-04:00,742.436279296875,742.52001953125,742.3099975585938,742.3800048828125,111324,0.0,0.0,0.0
2026-09-21 15:49:00-04:00,742.4000244140625,742.4099731445312,742.25,742.3300170898438,122150,0.0,0.0,0.0
2026-09-21 15:50:00-04:00,742.3300170898438,742.3300170898438,741.4299926757812,741.77001953125,312500,0.0,0.0,0.0
2026-09-21 15:51:00-04:00,741.7075805664062,741.9500122070312,741.655029296875,741.8200073242188,246052,0.0,0.0,0.0
2026-09-21 15:52:00-04:00,741.8900146484375,742.2050170898438,741.8599853515625,742.0300903320312,173779,0.0,0.0,0.0
2026-09-21 15:53:00-04:00,742.0650024414062,742.0850219726562,741.8200073242188,741.8400268554688,181279,0.0,0.0,0.0
2026-09-21 15:54:00-04:00,741.8400268554688,741.9600219726562,741.5700073242188,741.5900268554688,263704,0.0,0.0,0.0
2026-09-21 15:55:00-04:00,741.5700073242188,741.9199829101562,741.47998046875,741.8049926757812,252280,0.0,0.0,0.0
2026-09-21 15:56:00-04:00,741.7999877929688,741.8200073242188,741.6199951171875,741.6500244140625,336907,0.0,0.0,0.0
2026-09-21 15:57:00-04:00,741.6599731445312,741.8400268554688,741.5900268554688,741.7000122070312,245679,0.0,0.0,0.0
2026-09-21 15:58:00-04:00,741.6900024414062,741.75,741.5399780273438,741.6099853515625,403150,0.0,0.0,0.0
2026-09-21 15:59:00-04:00,741.6199951171875,741.7100219726562,741.25,741.4500122070312,1168886,0.0,0.0,0.0
2026-09-22 09:30:00-04:00,741.0050048828125,742.2000122070312,741.0,742.2000122070312,1719487,0.0,0.0,0.0
2026-09-22 09:31:00-04:00,742.1500244140625,742.969970703125,741.97998046875,742.8699951171875,179847,0.0,0.0,0.0
2026-09-22 09:32:00-04:00,742.8895874023438,743.4197998046875,742.760009765625,743.3049926757812,134732,0.0,0.0,0.0
2026-09-22 09:33:00-04:00,743.2999877929688,743.4400024414062,743.0549926757812,743.1699829101562,125562,0.0,0.0,0.0
2026-09-22 09:34:00-04:00,743.1799926757812,743.4500122070312,742.9199829101562,743.4500122070312,121216,0.0,0.0,0.0
2026-09-22 09:35:00-04:00,743.4500122070312,743.9400024414062,743.4400024414062,743.8599853515625,107166,0.0,0.0,0.0
2026-09-22 09:36:00-04:00,743.8200073242188,744.1445922851562,743.72998046875,744.0875244140625,135747,0.0,0.0,0.0
2026-09-22 09:37:00-04:00,744.0963134765625,744.144287109375,743.8800048828125,743.9349975585938,93019,0.0,0.0,0.0
2026-09-22 09:38:00-04:00,743.9400024414062,744.1500244140625,743.8074951171875,743.9199829101562,143059,0.0,0.0,0.0
2026-09-22 09:39:00-04:00,743.9400024414062,744.239990234375,743.7999877929688,744.1099853515625,149880,0.0,0.0,0.0
2026-09-22 09:40:00-04:00,744.1300048828125,744.2999877929688,743.97998046875,744.1500244140625,180809,0.0,0.0,0.0
2026-09-22 09:41:00-04:00,744.1500244140625,744.5599975585938,744.0999755859375,744.219970703125,116893,0.0,0.0,0.0
2026-09-22 09:42:00-04:00,744.2100219726562,744.8099975585938,744.1199951171875,744.72998046875,140944,0.0,0.0,0.0
2026-09-22 09:43:00-04:00,744.7150268554688,744.9400024414062,744.6500244140625,744.880126953125,101737,0.0,0.0,0.0
2026-09-22 09:44:00-04:00,744.905029296875,744.905029296875,744.3599853515625,744.3599853515625,62498,0.0,0.0,0.0
2026-09-22 09:45:00-04:00,744.4099731445312,744.6190185546875,743.9299926757812,744.4500122070312,184676,0.0,0.0,0.0
2026-09-22 09:46:00-04:00,744.4500122070312,744.7299194335938,744.1099853515625,744.1328735351562,125877,0.0,0.0,0.0
2026-09-22 09:47:00-04:00,744.1400146484375,744.4000244140625,744.0599975585938,744.27001953125,89485,0.0,0.0,0.0
2026-09-22 09:48:00-04:00,744.2949829101562,744.9000244140625,744.1300048828125,744.780029296875,184579,0.0,0.0,0.0
2026-09-22 09:49:00-04:00,744.8599853515625,744.8800048828125,744.280029296875,744.4650268554688,97570,0.0,0.0,0.0
2026-09-22 09:50:00-04:00,744.4500122070312,745.260009765625,744.4500122070312,745.2399291992188,132715,0.0,0.0,0.0
2026-09-22 09:51:00-04:00,745.239990234375,745.280029296875,744.8800048828125,745.0999755859375,112149,0.0,0.0,0.0
2026-09-22 09:52:00-04:00,745.0850219726562,745.219482421875,744.8699951171875,745.0499877929688,90882,0.0,0.0,0.0
2026-09-22 09:53:00-04:00,745.0499877929688,745.2999877929688,745.0,745.1900024414062,57799,0.0,0.0,0.0
2026-09-22 09:54:00-04:00,745.2000122070312,745.3699951171875,745.0523071289062,745.3151245117188,65263,0.0,0.0,0.0
2026-09-22 09:55:00-04:00,745.2999877929688,745.3599853515625,744.72998046875,744.8300170898438,109126,0.0,0.0,0.0
2026-09-22 09:56:00-04:00,744.8300170898438,744.8699951171875,744.2899780273438,744.4400024414062,92969,0.0,0.0,0.0
2026-09-22 09:57:00-04:00,744.4400024414062,744.9299926757812,744.4000244140625,744.8400268554688,158747,0.0,0.0,0.0
2026-09-22 09:58:00-04:00,744.8699951171875,745.1199951171875,744.8350219726562,745.010009765625,52508,0.0,0.0,0.0
2026-09-22 09:59:00-04:00,745.030029296875,745.0402221679688,744.6799926757812,745.0349731445312,53791,0.0,0.0,0.0
2026-09-22 10:00:00-04:00,745.030029296875,745.2100219726562,744.8099975585938,744.8099975585938,78452,0.0,0.0,0.0
2026-09-22 10:01:00-04:00,744.8099975585938,745.0399780273438,744.6802978515625,744.9299926757812,81720,0.0,0.0,0.0
2026-09-22 10:02:00-04:00,744.9500122070312,745.0499877929688,744.5911865234375,744.8699951171875,94377,0.0,0.0,0.0
2026-09-22 10:03:00-04:00,744.864990234375,744.9199829101562,744.6500244140625,744.75,45638,0.0,0.0,0.0
2026-09-22 10:04:00-04:00,744.72998046875,745.0900268554688,744.5449829101562,744.9550170898438,62494,0.0,0.0,0.0
2026-09-22 10:05:00-04:00,744.969970703125,745.0679931640625,744.8900146484375,744.9000244140625,64728,0.0,0.0,0.0
2026-09-22 10:06:00-04:00,744.9299926757812,744.9600219726562,744.510986328125,744.6599731445312,51947,0.0,0.0,0.0
2026-09-22 10:07:00-04:00,744.6795043945312,745.0250244140625,744.6795043945312,744.9099731445312,58738,0.0,0.0,0.0
2026-09-22 10:08:00-04:00,744.8900146484375,744.9600219726562,744.6799926757812,744.8099975585938,45407,0.0,0.0,0.0
2026-09-22 10:09:00-04:00,744.780029296875,744.780029296875,744.6176147460938,744.6690063476562,63964,0.0,0.0,0.0
2026-09-22 10:10:00-04:00,744.6599731445312,745.219970703125,744.6300048828125,745.2000122070312,117576,0.0,0.0,0.0
2026-09-22 10:11:00-04:00,745.2000122070312,745.6699829101562,745.1500244140625,745.6300048828125,124124,0.0,0.0,0.0
2026-09-22 10:12:00-04:00,745.6500244140625,745.8800048828125,745.6300048828125,745.8699951171875,129636,0.0,0.0,0.0
2026-09-22 10:13:00-04:00,745.875,746.2999877929688,745.6699829101562,745.72998046875,195532,0.0,0.0,0.0
2026-09-22 10:14:00-04:00,745.760009765625,745.8588256835938,745.4400024414062,745.75,102201,0.0,0.0,0.0
2026-09-22 10:15:00-04:00,745.760009765625,746.0402221679688,745.5599975585938,746.030029296875,63347,0.0,0.0,0.0
2026-09-22 10:16:00-04:00,746.0599975585938,746.1300048828125,745.7525024414062,745.8499755859375,78356,0.0,0.0,0.0
2026-09-22 10:17:00-04:00,745.8300170898438,745.8300170898438,745.614990234375,745.75,85058,0.0,0.0,0.0
2026-09-22 10:18:00-04:00,745.739990234375,745.75,745.2100219726562,745.3900146484375,115656,0.0,0.0,0.0
2026-09-22 10:19:00-04:00,745.3900146484375,745.5700073242188,745.3099975585938,745.469970703125,55252,0.0,0.0,0.0
2026-09-22 10:20:00-04:00,745.489990234375,745.75,745.340087890625,745.5900268554688,83829,0.0,0.0,0.0
2026-09-22 10:21:00-04:00,745.5999755859375,745.6079711914062,745.1199951171875,745.4400024414062,55544,0.0,0.0,0.0
2026-09-22 10:22:00-04:00,745.4199829101562,745.7000122070312,745.4099731445312,745.6500244140625,41613,0.0,0.0,0.0
2026-09-22 10:23:00-04:00,745.7000122070312,745.7098999023438,745.4310302734375,745.5499877929688,38029,0.0,0.0,0.0
2026-09-22 10:24:00-04:00,745.4849853515625,745.5285034179688,745.2100219726562,745.5285034179688,43561,0.0,0.0,0.0
2026-09-22 10:25:00-04:00,745.5,745.530029296875,745.27001953125,745.4349975585938,32373,0.0,0.0,0.0
2026-09-22 10:26:00-04:00,745.4249877929688,745.75,745.3800048828125,745.7000122070312,58179,0.0,0.0,0.0
2026-09-22 10:27:00-04:00,745.7100219726562,745.8298950195312,745.6400756835938,745.6799926757812,53610,0.0,0.0,0.0
2026-09-22 10:28:00-04:00,745.6900024414062,745.8198852539062,745.6400146484375,745.8198852539062,36713,0.0,0.0,0.0
2026-09-22 10:29:00-04:00,745.7899780273438,745.8419799804688,745.6749877929688,745.760009765625,61841,0.0,0.0,0.0
2026-09-22 10:30:00-04:00,745.7799072265625,745.8499755859375,745.6099853515625,745.6199951171875,41401,0.0,0.0,0.0
2026-09-22 10:31:00-04:00,745.6400146484375,746.1392822265625,745.6199951171875,746.0999755859375,73928,0.0,0.0,0.0
2026-09-22 10:32:00-04:00,746.0900268554688,746.3699951171875,746.0850219726562,746.2750244140625,105509,0.0,0.0,0.0
2026-09-22 10:33:00-04:00,746.27001953125,746.5999755859375,746.22998046875,746.469970703125,130235,0.0,0.0,0.0
2026-09-22 10:34:00-04:00,746.47998046875,746.5634765625,746.3099975585938,746.39990234375,111120,0.0,0.0,0.0
2026-09-22 10:35:00-04:00,746.3800048828125,746.3800048828125,745.4500122070312,745.5684814453125,137771,0.0,0.0,0.0
2026-09-22 10:36:00-04:00,745.5850219726562,745.719970703125,745.489990234375,745.6799926757812,49413,0.0,0.0,0.0
2026-09-22 10:37:00-04:00,745.6900024414062,746.0250244140625,745.5501098632812,746.0,39869,0.0,0.0,0.0
2026-09-22 10:38:00-04:00,745.9600219726562,745.9749755859375,745.2999877929688,745.4500122070312,63019,0.0,0.0,0.0
2026-09-22 10:39:00-04:00,745.4450073242188,746.5,745.1900024414062,745.3699951171875,160100,0.0,0.0,0.0
2026-09-22 10:40:00-04:00,745.3900146484375,745.469970703125,745.0806274414062,745.2999877929688,95389,0.0,0.0,0.0
2026-09-22 10:41:00-04:00,745.3200073242188,745.3200073242188,744.4199829101562,744.5050048828125,128991,0.0,0.0,0.0
2026-09-22 10:42:00-04:00,744.52001953125,744.6099853515625,744.2308959960938,744.3499755859375,170683,0.0,0.0,0.0
2026-09-22 10:43:00-04:00,744.3599853515625,744.72998046875,744.239990234375,744.6900024414062,83368,0.0,0.0,0.0
2026-09-22 10:44:00-04:00,744.70751953125,744.9199829101562,744.6099853515625,744.6300048828125,68675,0.0,0.0,0.0
2026-09-22 10:45:00-04:00,744.6199951171875,744.77001953125,744.4500122070312,744.4500122070312,82547,0.0,0.0,0.0
2026-09-22 10:46:00-04:00,744.4337768554688,744.5449829101562,744.1400146484375,744.1849975585938,83359,0.0,0.0,0.0
2026-09-22 10:47:00-04:00,744.1950073242188,744.7100219726562,744.0499877929688,744.6400146484375,139172,0.0,0.0,0.0
2026-09-22 10:48:00-04:00,744.6475219726562,745.0800170898438,744.47998046875,745.0800170898438,61067,0.0,0.0,0.0
2026-09-22 10:49:00-04:00,745.0599975585938,745.3099975585938,745.0,745.3099975585938,180710,0.0,0.0,0.0
2026-09-22 10:50:00-04:00,745.2750244140625,745.6099853515625,745.2200927734375,745.35498046875,57110,0.0,0.0,0.0
2026-09-22 10:51:00-04:00,745.364990234375,745.3900146484375,744.9000244140625,744.97998046875,48178,0.0,0.0,0.0
2026-09-22 10:52:00-04:00,744.9749755859375,745.1400146484375,744.8200073242188,745.0999755859375,37002,0.0,0.0,0.0
2026-09-22 10:53:00-04:00,745.1298828125,745.2899780273438,745.0399780273438,745.0499877929688,22071,0.0,0.0,0.0
2026-09-22 10:54:00-04:00,745.0700073242188,745.3699951171875,744.9500122070312,745.3250122070312,52809,0.0,0.0,0.0
2026-09-22 10:55:00-04:00,745.3400268554688,745.4199829101562,745.0499877929688,745.2473754882812,34653,0.0,0.0,0.0
2026-09-22 10:56:00-04:00,745.27978515625,745.3099975585938,745.080078125,745.1641845703125,528693,0.0,0.0,0.0
2026-09-22 10:57:00-04:00,745.1400146484375,745.280029296875,744.9400024414062,744.9849853515625,25659,0.0,0.0,0.0
2026-09-22 10:58:00-04:00,744.97998046875,745.0499267578125,744.72998046875,744.77001953125,45477,0.0,0.0,0.0
2026-09-22 10:59:00-04:00,744.780029296875,744.9400024414062,744.739990234375,744.9400024414062,545059,0.0,0.0,0.0
2026-09-22 11:00:00-04:00,744.9500122070312,744.989990234375,744.6699829101562,744.77001953125,35591,0.0,0.0,0.0
2026-09-22 11:01:00-04:00,744.7550048828125,744.9400024414062,744.6199951171875,744.9302978515625,55115,0.0,0.0,0.0
2026-09-22 11:02:00-04:00,744.9199829101562,744.9625854492188,744.7000122070312,744.9199829101562,37794,0.0,0.0,0.0
2026-09-22 11:03:00-04:00,744.8499755859375,744.9299926757812,744.6599731445312,744.7349853515625,21202,0.0,0.0,0.0
2026-09-22 11:04:00-04:00,744.780029296875,744.8298950195312,744.4099731445312,744.6400146484375,144544,0.0,0.0,0.0
2026-09-22 11:05:00-04:00,744.6019897460938,744.780029296875,744.52001953125,744.760009765625,138546,0.0,0.0,0.0
2026-09-22 11:06:00-04:00,744.780029296875,744.969970703125,744.655029296875,744.6900024414062,44139,0.0,0.0,0.0
2026-09-22 11:07:00-04:00,744.6699829101562,745.0999755859375,744.5700073242188,744.8099975585938,360904,0.0,0.0,0.0
2026-09-22 11:08:00-04:00,744.780029296875,744.8599853515625,744.7150268554688,744.8099975585938,237057,0.0,0.0,0.0
2026-09-22 11:09:00-04:00,744.8099975585938,744.9299926757812,744.5499877929688,744.614990234375,343053,0.0,0.0,0.0
2026-09-22 11:10:00-04:00,744.6195068359375,744.899169921875,744.6195068359375,744.8099975585938,349347,0.0,0.0,0.0
2026-09-22 11:11:00-04:00,744.7899780273438,744.9299926757812,744.7100219726562,744.760009765625,22980,0.0,0.0,0.0
2026-09-22 11:12:00-04:00,744.780029296875,744.8099975585938,744.580078125,744.739990234375,23404,0.0,0.0,0.0
2026-09-22 11:13:00-04:00,744.6900024414062,744.7100219726562,744.4650268554688,744.6286010742188,23823,0.0,0.0,0.0
2026-09-22 11:14:00-04:00,744.6099853515625,745.2849731445312,744.6099853515625,745.1749877929688,114670,0.0,0.0,0.0
2026-09-22 11:15:00-04:00,745.1701049804688,745.2100219726562,744.9600219726562,744.9600219726562,33694,0.0,0.0,0.0
2026-09-22 11:16:00-04:00,744.9600219726562,745.2673950195312,744.8599853515625,745.2673950195312,96716,0.0,0.0,0.0
2026-09-22 11:17:00-04:00,745.260009765625,745.27001953125,745.0700073242188,745.1500244140625,96202,0.0,0.0,0.0
2026-09-22 11:18:00-04:00,745.1300048828125,745.1599731445312,744.8699951171875,744.8900756835938,69637,0.0,0.0,0.0
2026-09-22 11:19:00-04:00,744.97998046875,745.43701171875,744.97998046875,745.4315795898438,31402,0.0,0.0,0.0
2026-09-22 11:20:00-04:00,745.3699951171875,745.4000244140625,745.02001953125,745.030029296875,24775,0.0,0.0,0.0
2026-09-22 11:21:00-04:00,745.0499877929688,745.3499755859375,745.0499877929688,745.2650146484375,31308,0.0,0.0,0.0
2026-09-22 11:22:00-04:00,745.280029296875,745.3099975585938,745.14501953125,745.1699829101562,30786,0.0,0.0,0.0
2026-09-22 11:23:00-04:00,745.1199951171875,745.1500244140625,744.989990234375,745.10498046875,20696,0.0,0.0,0.0
2026-09-22 11:24:00-04:00,745.1300048828125,745.1781005859375,745.02001953125,745.0549926757812,19647,0.0,0.0,0.0
2026-09-22 11:25:00-04:00,745.0599975585938,745.3499755859375,745.030029296875,745.27001953125,34091,0.0,0.0,0.0
2026-09-22 11:26:00-04:00,745.2310180664062,745.260009765625,745.1500244140625,745.2000122070312,24133,0.0,0.0,0.0
2026-09-22 11:27:00-04:00,745.1799926757812,745.239990234375,745.0999755859375,745.2000122070312,33074,0.0,0.0,0.0
2026-09-22 11:28:00-04:00,745.1799926757812,745.1849975585938,744.7800903320312,744.8009033203125,39208,0.0,0.0,0.0
2026-09-22 11:29:00-04:00,744.8400268554688,745.0700073242188,744.8350219726562,745.0,22204,0.0,0.0,0.0
2026-09-22 11:30:00-04:00,744.9536743164062,744.9536743164062,744.7000122070312,744.8150024414062,41136,0.0,0.0,0.0
2026-09-22 11:31:00-04:00,744.77001953125,745.0,744.75,744.8599853515625,277858,0.0,0.0,0.0
2026-09-22 11:32:00-04:00,744.87939453125,745.0050048828125,744.8200073242188,744.8599853515625,55929,0.0,0.0,0.0
2026-09-22 11:33:00-04:00,744.8699951171875,745.030029296875,744.760009765625,744.8499755859375,57574,0.0,0.0,0.0
2026-09-22 11:34:00-04:00,744.8499755859375,745.0999755859375,744.8400268554688,744.8800048828125,50142,0.0,0.0,0.0
2026-09-22 11:35:00-04:00,744.8900146484375,744.919921875,744.75,744.75,40910,0.0,0.0,0.0
2026-09-22 11:36:00-04:00,744.7424926757812,744.8300170898438,744.6300048828125,744.7000122070312,73252,0.0,0.0,0.0
2026-09-22 11:37:00-04:00,744.6599731445312,744.6699829101562,744.4199829101562,744.5501098632812,72849,0.0,0.0,0.0
2026-09-22 11:38:00-04:00,744.530029296875,744.5499877929688,744.2000122070312,744.27001953125,106687,0.0,0.0,0.0
2026-09-22 11:39:00-04:00,744.219970703125,744.3400268554688,744.1799926757812,744.239990234375,31369,0.0,0.0,0.0
2026-09-22 11:40:00-04:00,744.2100219726562,744.3311767578125,744.090087890625,744.3250122070312,60882,0.0,0.0,0.0
2026-09-22 11:41:00-04:00,744.3369750976562,744.3900146484375,743.989990234375,744.1649780273438,42572,0.0,0.0,0.0
2026-09-22 11:42:00-04:00,744.1900024414062,744.3599853515625,744.1300048828125,744.3400268554688,35806,0.0,0.0,0.0
2026-09-22 11:43:00-04:00,744.3201293945312,744.4299926757812,744.219970703125,744.219970703125,35208,0.0,0.0,0.0
2026-09-22 11:44:00-04:00,744.27001953125,744.3900146484375,744.27001953125,744.2999877929688,53817,0.0,0.0,0.0
2026-09-22 11:45:00-04:00,744.3037109375,744.427490234375,744.260009765625,744.323974609375,26538,0.0,0.0,0.0
2026-09-22 11:46:00-04:00,744.3250122070312,744.4600219726562,744.260009765625,744.3900146484375,62302,0.0,0.0,0.0
2026-09-22 11:47:00-04:00,744.3800048828125,744.6199951171875,744.3800048828125,744.6099853515625,56051,0.0,0.0,0.0
2026-09-22 11:48:00-04:00,744.614990234375,744.6300048828125,744.510009765625,744.6199951171875,31932,0.0,0.0,0.0
2026-09-22 11:49:00-04:00,744.6400146484375,744.739990234375,744.489990234375,744.489990234375,90735,0.0,0.0,0.0
2026-09-22 11:50:00-04:00,744.469970703125,744.6300048828125,744.3200073242188,744.510009765625,66239,0.0,0.0,0.0
2026-09-22 11:51:00-04:00,744.510009765625,744.5700073242188,744.4249877929688,744.5,21207,0.0,0.0,0.0
2026-09-22 11:52:00-04:00,744.489990234375,744.5599975585938,744.3699951171875,744.3699951171875,14813,0.0,0.0,0.0
2026-09-22 11:53:00-04:00,744.4000244140625,744.5150146484375,744.3400268554688,744.4099731445312,79056,0.0,0.0,0.0
2026-09-22 11:54:00-04:00,744.3800048828125,744.469970703125,744.1699829101562,744.2005004882812,25597,0.0,0.0,0.0
2026-09-22 11:55:00-04:00,744.2050170898438,744.22998046875,744.030029296875,744.1950073242188,52031,0.0,0.0,0.0
2026-09-22 11:56:00-04:00,744.2100219726562,744.2100219726562,744.0800170898438,744.0800170898438,17379,0.0,0.0,0.0
2026-09-22 11:57:00-04:00,744.030029296875,744.1900024414062,744.010009765625,744.1900024414062,20246,0.0,0.0,0.0
2026-09-22 11:58:00-04:00,744.2100219726562,744.39990234375,744.2000122070312,744.3900146484375,25303,0.0,0.0,0.0
2026-09-22 11:59:00-04:00,744.3699951171875,744.5549926757812,744.3699951171875,744.5432739257812,30570,0.0,0.0,0.0
2026-09-22 12:00:00-04:00,744.5673828125,744.719970703125,744.52001953125,744.5499877929688,40770,0.0,0.0,0.0
2026-09-22 12:01:00-04:00,744.5499877929688,744.5700073242188,744.1849975585938,744.2999877929688,37318,0.0,0.0,0.0
2026-09-22 12:02:00-04:00,744.2899780273438,744.2899780273438,744.2100830078125,744.260009765625,12905,0.0,0.0,0.0
2026-09-22 12:03:00-04:00,744.260009765625,744.4393920898438,744.219970703125,744.4393920898438,24226,0.0,0.0,0.0
2026-09-22 12:04:00-04:00,744.4400024414062,744.5499877929688,744.4099731445312,744.509521484375,16485,0.0,0.0,0.0
2026-09-22 12:05:00-04:00,744.5,744.6099853515625,744.469970703125,744.5800170898438,23732,0.0,0.0,0.0
2026-09-22 12:06:00-04:00,744.5900268554688,744.719970703125,744.5,744.6699829101562,23345,0.0,0.0,0.0
2026-09-22 12:07:00-04:00,744.6600952148438,744.9400024414062,744.6600952148438,744.9199829101562,1180120,0.0,0.0,0.0
2026-09-22 12:08:00-04:00,744.9099731445312,745.0599975585938,744.9000244140625,744.989990234375,55486,0.0,0.0,0.0
2026-09-22 12:09:00-04:00,745.010009765625,745.1500244140625,744.8800048828125,744.9400024414062,159537,0.0,0.0,0.0
2026-09-22 12:10:00-04:00,744.9500122070312,745.114990234375,744.9500122070312,745.0,87469,0.0,0.0,0.0
2026-09-22 12:11:00-04:00,745.030029296875,745.030029296875,744.8900146484375,744.9749755859375,37254,0.0,0.0,0.0
2026-09-22 12:12:00-04:00,745.010009765625,745.0272827148438,744.8800048828125,744.8800048828125,11346,0.0,0.0,0.0
2026-09-22 12:13:00-04:00,744.8499755859375,744.9099731445312,744.760009765625,744.8599853515625,16022,0.0,0.0,0.0
2026-09-22 12:14:00-04:00,744.8599853515625,744.8900146484375,744.7864990234375,744.8900146484375,11296,0.0,0.0,0.0
2026-09-22 12:15:00-04:00,744.8699951171875,744.8792114257812,744.655029296875,744.6599731445312,18256,0.0,0.0,0.0
2026-09-22 12:16:00-04:00,744.7000122070312,744.7899780273438,744.6699829101562,744.7725219726562,16307,0.0,0.0,0.0
2026-09-22 12:17:00-04:00,744.760009765625,744.9199829101562,744.719970703125,744.8800048828125,29837,0.0,0.0,0.0
2026-09-22 12:18:00-04:00,744.9299926757812,744.9299926757812,744.5900268554688,744.6199951171875,20604,0.0,0.0,0.0
2026-09-22 12:19:00-04:00,744.6500244140625,744.6599731445312,744.5,744.5399780273438,20424,0.0,0.0,0.0
2026-09-22 12:20:00-04:00,744.5499877929688,744.698974609375,744.4099731445312,744.6851196289062,28631,0.0,0.0,0.0
2026-09-22 12:21:00-04:00,744.6599731445312,744.7999877929688,744.6256713867188,744.72998046875,35874,0.0,0.0,0.0
2026-09-22 12:22:00-04:00,744.72998046875,744.8200073242188,744.7100219726562,744.719970703125,22628,0.0,0.0,0.0
2026-09-22 12:23:00-04:00,744.72998046875,744.8900146484375,744.4099731445312,744.4400024414062,65062,0.0,0.0,0.0
2026-09-22 12:24:00-04:00,744.4600219726562,744.469970703125,744.22998046875,744.2901000976562,72945,0.0,0.0,0.0
2026-09-22 12:25:00-04:00,744.25,744.469970703125,744.1900024414062,744.4400024414062,154010,0.0,0.0,0.0
2026-09-22 12:26:00-04:00,744.4199829101562,744.469970703125,744.1599731445312,744.1599731445312,15873,0.0,0.0,0.0
2026-09-22 12:27:00-04:00,744.155029296875,744.3099975585938,744.1199951171875,744.2550048828125,38275,0.0,0.0,0.0
2026-09-22 12:28:00-04:00,744.2750244140625,744.2899780273438,744.14501953125,744.14501953125,18717,0.0,0.0,0.0
2026-09-22 12:29:00-04:00,744.1599731445312,744.1699829101562,744.0499877929688,744.0650024414062,77870,0.0,0.0,0.0
2026-09-22 12:30:00-04:00,744.0900268554688,744.2899780273438,744.0900268554688,744.260009765625,46007,0.0,0.0,0.0
2026-09-22 12:31:00-04:00,744.260009765625,744.4199829101562,744.2349853515625,744.3699951171875,35279,0.0,0.0,0.0
2026-09-22 12:32:00-04:00,744.3599853515625,744.5,744.219970703125,744.4099731445312,25780,0.0,0.0,0.0
2026-09-22 12:33:00-04:00,744.4099731445312,744.5999755859375,744.3800048828125,744.530029296875,20481,0.0,0.0,0.0
2026-09-22 12:34:00-04:00,744.5499267578125,744.739990234375,744.489990234375,744.72998046875,35036,0.0,0.0,0.0
2026-09-22 12:35:00-04:00,744.72998046875,744.72998046875,744.3900146484375,744.4500122070312,20885,0.0,0.0,0.0
2026-09-22 12:36:00-04:00,744.4500122070312,744.5853271484375,744.3668212890625,744.5300903320312,17907,0.0,0.0,0.0
2026-09-22 12:37:00-04:00,744.5599975585938,744.5599975585938,744.4000244140625,744.4199829101562,29078,0.0,0.0,0.0
2026-09-22 12:38:00-04:00,744.4025268554688,744.4299926757812,744.27099609375,744.4099731445312,16536,0.0,0.0,0.0
2026-09-22 12:39:00-04:00,744.4099731445312,744.47998046875,744.3300170898438,744.3699951171875,31563,0.0,0.0,0.0
2026-09-22 12:40:00-04:00,744.3800048828125,744.4099731445312,744.260009765625,744.3400268554688,18234,0.0,0.0,0.0
2026-09-22 12:41:00-04:00,744.3599853515625,744.3800048828125,744.22998046875,744.2899780273438,12351,0.0,0.0,0.0
2026-09-22 12:42:00-04:00,744.2999877929688,744.3200073242188,744.2100219726562,744.22998046875,13224,0.0,0.0,0.0
2026-09-22 12:43:00-04:00,744.25,744.4849853515625,744.239990234375,744.4849853515625,63887,0.0,0.0,0.0
2026-09-22 12:44:00-04:00,744.4777221679688,744.6699829101562,744.4777221679688,744.6522827148438,36781,0.0,0.0,0.0
2026-09-22 12:45:00-04:00,744.6400146484375,744.7100219726562,744.5599975585938,744.580078125,23469,0.0,0.0,0.0
2026-09-22 12:46:00-04:00,744.5700073242188,744.7899780273438,744.5599975585938,744.7698974609375,31444,0.0,0.0,0.0
2026-09-22 12:47:00-04:00,744.760009765625,744.8049926757812,744.6500244140625,744.6500244140625,20848,0.0,0.0,0.0
2026-09-22 12:48:00-04:00,744.6500244140625,745.4000244140625,744.6500244140625,745.0098876953125,139198,0.0,0.0,0.0
2026-09-22 12:49:00-04:00,745.010009765625,745.3400268554688,744.9600219726562,745.3150024414062,77754,0.0,0.0,0.0
2026-09-22 12:50:00-04:00,745.3099975585938,745.3499755859375,745.2100219726562,745.3499145507812,69020,0.0,0.0,0.0
2026-09-22 12:51:00-04:00,745.3499755859375,745.3662109375,745.2590942382812,745.3150024414062,53529,0.0,0.0,0.0
2026-09-22 12:52:00-04:00,745.3300170898438,745.3350219726562,745.219970703125,745.2750244140625,27455,0.0,0.0,0.0
2026-09-22 12:53:00-04:00,745.260009765625,745.3699951171875,745.25,745.3300170898438,24301,0.0,0.0,0.0
2026-09-22 12:54:00-04:00,745.3499755859375,745.3499755859375,745.1199951171875,745.2092895507812,17765,0.0,0.0,0.0
2026-09-22 12:55:00-04:00,745.2100219726562,745.3250732421875,745.1500244140625,745.2100219726562,21337,0.0,0.0,0.0
2026-09-22 12:56:00-04:00,745.2100219726562,745.3200073242188,745.1699829101562,745.239990234375,54836,0.0,0.0,0.0
2026-09-22 12:57:00-04:00,745.239990234375,745.2999877929688,745.1500244140625,745.2999877929688,35979,0.0,0.0,0.0
2026-09-22 12:58:00-04:00,745.2949829101562,745.3499145507812,745.2100219726562,745.3200073242188,18051,0.0,0.0,0.0
2026-09-22 12:59:00-04:00,745.3200073242188,745.3400268554688,745.280029296875,745.2849731445312,29198,0.0,0.0,0.0
2026-09-22 13:00:00-04:00,745.2899780273438,745.2999877929688,745.1799926757812,745.260009765625,40864,0.0,0.0,0.0
2026-09-22 13:01:00-04:00,745.2550048828125,745.3499755859375,745.25,745.3250122070312,44174,0.0,0.0,0.0
2026-09-22 13:02:00-04:00,745.3200073242188,745.3499755859375,745.1799926757812,745.25,39501,0.0,0.0,0.0
2026-09-22 13:03:00-04:00,745.239990234375,745.3400268554688,745.239990234375,745.25,18847,0.0,0.0,0.0
2026-09-22 13:04:00-04:00,745.27001953125,745.3300170898438,745.2349853515625,745.2349853515625,17652,0.0,0.0,0.0
2026-09-22 13:05:00-04:00,745.239990234375,745.3900146484375,745.22998046875,745.375,29496,0.0,0.0,0.0
2026-09-22 13:06:00-04:00,745.3900146484375,745.5999755859375,745.3900146484375,745.5700073242188,75968,0.0,0.0,0.0
2026-09-22 13:07:00-04:00,745.5399780273438,745.5999755859375,745.4299926757812,745.4749755859375,41499,0.0,0.0,0.0
2026-09-22 13:08:00-04:00,745.4600219726562,745.4650268554688,745.3099975585938,745.35498046875,32338,0.0,0.0,0.0
2026-09-22 13:09:00-04:00,745.3200073242188,745.3400268554688,745.1900024414062,745.3099975585938,47101,0.0,0.0,0.0
2026-09-22 13:10:00-04:00,745.3099975585938,745.4149780273438,745.280029296875,745.2899780273438,28439,0.0,0.0,0.0
2026-09-22 13:11:00-04:00,745.2849731445312,745.3400268554688,745.219970703125,745.2999267578125,17599,0.0,0.0,0.0
2026-09-22 13:12:00-04:00,745.280029296875,745.3099975585938,745.2100219726562,745.25,24042,0.0,0.0,0.0
2026-09-22 13:13:00-04:00,745.2550048828125,745.3200073242188,745.25,745.25,21796,0.0,0.0,0.0
2026-09-22 13:14:00-04:00,745.25,745.3499755859375,745.22998046875,745.3200073242188,13034,0.0,0.0,0.0
2026-09-22 13:15:00-04:00,745.3200073242188,745.3400268554688,745.1699829101562,745.3201293945312,21877,0.0,0.0,0.0
2026-09-22 13:16:00-04:00,745.3099975585938,745.3599853515625,745.2349853515625,745.2349853515625,24808,0.0,0.0,0.0
2026-09-22 13:17:00-04:00,745.2249755859375,745.3200073242188,745.1599731445312,745.27001953125,26465,0.0,0.0,0.0
2026-09-22 13:18:00-04:00,745.2899780273438,745.2899780273438,745.1900024414062,745.25,13823,0.0,0.0,0.0
2026-09-22 13:19:00-04:00,745.22998046875,745.2999877929688,745.201904296875,745.27001953125,17217,0.0,0.0,0.0
2026-09-22 13:20:00-04:00,745.260009765625,745.27001953125,745.0599975585938,745.1500244140625,31859,0.0,0.0,0.0
2026-09-22 13:21:00-04:00,745.1500854492188,745.1599731445312,745.0800170898438,745.1199951171875,40703,0.0,0.0,0.0
2026-09-22 13:22:00-04:00,745.0999755859375,745.1400146484375,745.02001953125,745.0900268554688,22610,0.0,0.0,0.0
2026-09-22 13:23:00-04:00,745.0999755859375,745.1199951171875,745.0399780273438,745.0999755859375,25466,0.0,0.0,0.0
2026-09-22 13:24:00-04:00,745.094970703125,745.1901245117188,745.0850219726562,745.1701049804688,25443,0.0,0.0,0.0
2026-09-22 13:25:00-04:00,745.1500244140625,745.22998046875,745.1099853515625,745.22998046875,32338,0.0,0.0,0.0
2026-09-22 13:26:00-04:00,745.2100219726562,745.3200073242188,745.1799926757812,745.3049926757812,30814,0.0,0.0,0.0
2026-09-22 13:27:00-04:00,745.3200073242188,745.489990234375,745.3200073242188,745.489990234375,46051,0.0,0.0,0.0
2026-09-22 13:28:00-04:00,745.4949951171875,745.5900268554688,745.4600219726562,745.5499877929688,40490,0.0,0.0,0.0
2026-09-22 13:29:00-04:00,745.5599975585938,745.6699829101562,745.54150390625,745.5900268554688,32078,0.0,0.0,0.0
2026-09-22 13:30:00-04:00,745.5900268554688,745.5900268554688,745.3599853515625,745.4149780273438,27296,0.0,0.0,0.0
2026-09-22 13:31:00-04:00,745.4199829101562,745.4301147460938,745.1799926757812,745.219970703125,29071,0.0,0.0,0.0
2026-09-22 13:32:00-04:00,745.219970703125,745.27001953125,745.1425170898438,745.1500244140625,13688,0.0,0.0,0.0
2026-09-22 13:33:00-04:00,745.1400146484375,745.1900024414062,745.0900268554688,745.125,19173,0.0,0.0,0.0
2026-09-22 13:34:00-04:00,745.1199951171875,745.1900024414062,745.0599975585938,745.1798706054688,18858,0.0,0.0,0.0
2026-09-22 13:35:00-04:00,745.1799926757812,745.2449951171875,745.1199951171875,745.239013671875,19870,0.0,0.0,0.0
2026-09-22 13:36:00-04:00,745.239990234375,745.25,745.010009765625,745.0700073242188,26202,0.0,0.0,0.0
2026-09-22 13:37:00-04:00,745.0599975585938,745.1099853515625,745.0399780273438,745.0800170898438,16741,0.0,0.0,0.0
2026-09-22 13:38:00-04:00,745.0549926757812,745.239990234375,745.0349731445312,745.1599731445312,19258,0.0,0.0,0.0
2026-09-22 13:39:00-04:00,745.114990234375,745.1199951171875,745.0399780273438,745.0399780273438,17484,0.0,0.0,0.0
2026-09-22 13:40:00-04:00,745.0399780273438,745.0399780273438,744.8300170898438,745.0,54072,0.0,0.0,0.0
2026-09-22 13:41:00-04:00,745.0050048828125,745.0900268554688,744.989990234375,745.02001953125,18174,0.0,0.0,0.0
2026-09-22 13:42:00-04:00,745.030029296875,745.25,745.030029296875,745.2249755859375,29660,0.0,0.0,0.0
2026-09-22 13:43:00-04:00,745.219970703125,745.3499755859375,745.1699829101562,745.3200073242188,25620,0.0,0.0,0.0
2026-09-22 13:44:00-04:00,745.3200073242188,745.4099731445312,745.3200073242188,745.3800048828125,29822,0.0,0.0,0.0
2026-09-22 13:45:00-04:00,745.3900146484375,745.510009765625,745.3619995117188,745.510009765625,192196,0.0,0.0,0.0
2026-09-22 13:46:00-04:00,745.52001953125,745.52001953125,745.3701171875,745.4199829101562,21337,0.0,0.0,0.0
2026-09-22 13:47:00-04:00,745.4099731445312,745.4155883789062,745.22998046875,745.2999877929688,73238,0.0,0.0,0.0
2026-09-22 13:48:00-04:00,745.3200073242188,745.3900146484375,745.3099975585938,745.3099975585938,20853,0.0,0.0,0.0
2026-09-22 13:49:00-04:00,745.3300170898438,745.3300170898438,745.261474609375,745.3200073242188,29179,0.0,0.0,0.0
2026-09-22 13:50:00-04:00,745.3099975585938,745.3690185546875,745.1799926757812,745.3099975585938,55041,0.0,0.0,0.0
2026-09-22 13:51:00-04:00,745.3300170898438,745.385009765625,745.2899780273438,745.385009765625,17493,0.0,0.0,0.0
2026-09-22 13:52:00-04:00,745.3699951171875,746.4400024414062,745.3499755859375,746.1400146484375,288152,0.0,0.0,0.0
2026-09-22 13:53:00-04:00,746.1599731445312,746.3200073242188,746.02001953125,746.0700073242188,265953,0.0,0.0,0.0
2026-09-22 13:54:00-04:00,746.0700073242188,746.4000244140625,746.0449829101562,746.1699829101562,92318,0.0,0.0,0.0
2026-09-22 13:55:00-04:00,746.1500244140625,746.2000122070312,746.02001953125,746.155029296875,66099,0.0,0.0,0.0
2026-09-22 13:56:00-04:00,746.1599731445312,746.219970703125,746.0198974609375,746.0399780273438,30827,0.0,0.0,0.0
2026-09-22 13:57:00-04:00,746.0700073242188,746.0700073242188,745.9000244140625,745.919921875,69547,0.0,0.0,0.0
2026-09-22 13:58:00-04:00,745.9124755859375,746.0800170898438,745.8900146484375,746.030029296875,46341,0.0,0.0,0.0
2026-09-22 13:59:00-04:00,746.02001953125,746.1701049804688,746.02001953125,746.1701049804688,28681,0.0,0.0,0.0
2026-09-22 14:00:00-04:00,746.18798828125,746.22998046875,745.6799926757812,745.6799926757812,54213,0.0,0.0,0.0
2026-09-22 14:01:00-04:00,745.6799926757812,745.760009765625,745.5449829101562,745.719970703125,51600,0.0,0.0,0.0
2026-09-22 14:02:00-04:00,745.719970703125,745.75,745.5800170898438,745.7105102539062,19152,0.0,0.0,0.0
2026-09-22 14:03:00-04:00,745.7100219726562,745.739990234375,745.6849975585938,745.6849975585938,27844,0.0,0.0,0.0
2026-09-22 14:04:00-04:00,745.6849975585938,745.8400268554688,745.6300048828125,745.7698974609375,152259,0.0,0.0,0.0
2026-09-22 14:05:00-04:00,745.780029296875,746.0750122070312,745.7301025390625,746.02001953125,68301,0.0,0.0,0.0
2026-09-22 14:06:00-04:00,746.02001953125,746.1400146484375,746.0001220703125,746.1099853515625,36155,0.0,0.0,0.0
2026-09-22 14:07:00-04:00,746.1099853515625,746.1099853515625,746.0,746.094970703125,19231,0.0,0.0,0.0
2026-09-22 14:08:00-04:00,746.0999755859375,746.1400146484375,746.0800170898438,746.1199951171875,45968,0.0,0.0,0.0
2026-09-22 14:09:00-04:00,746.1400146484375,746.280029296875,746.1199951171875,746.2650146484375,35361,0.0,0.0,0.0
2026-09-22 14:10:00-04:00,746.2650146484375,746.344970703125,746.1699829101562,746.260009765625,112459,0.0,0.0,0.0
2026-09-22 14:11:00-04:00,746.260009765625,746.3400268554688,746.219970703125,746.3049926757812,31493,0.0,0.0,0.0
2026-09-22 14:12:00-04:00,746.3099975585938,746.3699951171875,746.2849731445312,746.3099975585938,32661,0.0,0.0,0.0
2026-09-22 14:13:00-04:00,746.3049926757812,746.3049926757812,746.10498046875,746.2150268554688,40102,0.0,0.0,0.0
2026-09-22 14:14:00-04:00,746.22998046875,746.2999877929688,746.2100219726562,746.280029296875,41930,0.0,0.0,0.0
2026-09-22 14:15:00-04:00,746.3099975585938,746.409912109375,746.2999877929688,746.405029296875,51462,0.0,0.0,0.0
2026-09-22 14:16:00-04:00,746.4099731445312,746.4400024414062,746.2918701171875,746.4000244140625,54592,0.0,0.0,0.0
2026-09-22 14:17:00-04:00,746.405029296875,746.4500732421875,746.3900146484375,746.4500732421875,32493,0.0,0.0,0.0
2026-09-22 14:18:00-04:00,746.4550170898438,746.5823974609375,746.4500122070312,746.5499267578125,69034,0.0,0.0,0.0
2026-09-22 14:19:00-04:00,746.5449829101562,746.5700073242188,746.47998046875,746.4949951171875,55718,0.0,0.0,0.0
2026-09-22 14:20:00-04:00,746.4949951171875,746.6199951171875,746.4600219726562,746.5850219726562,105621,0.0,0.0,0.0
2026-09-22 14:21:00-04:00,746.5800170898438,746.6099853515625,746.510009765625,746.5650024414062,72579,0.0,0.0,0.0
2026-09-22 14:22:00-04:00,746.5900268554688,746.6699829101562,746.5850219726562,746.6699829101562,78290,0.0,0.0,0.0
2026-09-22 14:23:00-04:00,746.6599731445312,746.9400024414062,746.6099853515625,746.8599853515625,51362,0.0,0.0,0.0
2026-09-22 14:24:00-04:00,746.8699951171875,746.8900146484375,746.7949829101562,746.8250122070312,40415,0.0,0.0,0.0
2026-09-22 14:25:00-04:00,746.8200073242188,746.8699951171875,746.75,746.7899780273438,37787,0.0,0.0,0.0
2026-09-22 14:26:00-04:00,746.77001953125,746.8099975585938,746.6699829101562,746.7100219726562,47960,0.0,0.0,0.0
2026-09-22 14:27:00-04:00,746.6900024414062,746.719970703125,746.5999755859375,746.6400146484375,27836,0.0,0.0,0.0
2026-09-22 14:28:00-04:00,746.6300048828125,746.75,746.5800170898438,746.6649780273438,240934,0.0,0.0,0.0
2026-09-22 14:29:00-04:00,746.6599731445312,746.7000122070312,746.5599975585938,746.5798950195312,56751,0.0,0.0,0.0
2026-09-22 14:30:00-04:00,746.5800170898438,746.6099853515625,746.4400024414062,746.5700073242188,54923,0.0,0.0,0.0
2026-09-22 14:31:00-04:00,746.5750122070312,746.6900024414062,746.5399780273438,746.5549926757812,37694,0.0,0.0,0.0
2026-09-22 14:32:00-04:00,746.5499877929688,746.5599975585938,746.4000244140625,746.47998046875,47510,0.0,0.0,0.0
2026-09-22 14:33:00-04:00,746.489990234375,746.5,746.3200073242188,746.3499755859375,34296,0.0,0.0,0.0
2026-09-22 14:34:00-04:00,746.3400268554688,746.3699951171875,746.280029296875,746.2849731445312,25087,0.0,0.0,0.0
2026-09-22 14:35:00-04:00,746.3200073242188,746.361328125,746.1400146484375,746.1724853515625,317229,0.0,0.0,0.0
2026-09-22 14:36:00-04:00,746.1799926757812,746.25,745.989990234375,746.1900024414062,41779,0.0,0.0,0.0
2026-09-22 14:37:00-04:00,746.2109985351562,746.2449951171875,746.1599731445312,746.1900024414062,32377,0.0,0.0,0.0
2026-09-22 14:38:00-04:00,746.1799926757812,746.19970703125,746.030029296875,746.0599975585938,48168,0.0,0.0,0.0
2026-09-22 14:39:00-04:00,746.0650024414062,746.0900268554688,745.9400024414062,746.0599975585938,46803,0.0,0.0,0.0
2026-09-22 14:40:00-04:00,746.0590209960938,746.2050170898438,746.030029296875,746.1799926757812,33410,0.0,0.0,0.0
2026-09-22 14:41:00-04:00,746.1690063476562,746.2449951171875,745.9400024414062,746.1300048828125,81406,0.0,0.0,0.0
2026-09-22 14:42:00-04:00,746.1400146484375,746.3250122070312,746.1300048828125,746.2999877929688,33518,0.0,0.0,0.0
2026-09-22 14:43:00-04:00,746.2999877929688,746.5,746.2949829101562,746.47998046875,60424,0.0,0.0,0.0
2026-09-22 14:44:00-04:00,746.469970703125,746.5499877929688,746.4299926757812,746.4500122070312,74512,0.0,0.0,0.0
2026-09-22 14:45:00-04:00,746.4600219726562,746.530029296875,746.4199829101562,746.47998046875,21491,0.0,0.0,0.0
2026-09-22 14:46:00-04:00,746.4600219726562,746.4600219726562,746.2600708007812,746.280029296875,21455,0.0,0.0,0.0
2026-09-22 14:47:00-04:00,746.3099975585938,746.3720092773438,746.2899780273438,746.3300170898438,115285,0.0,0.0,0.0
2026-09-22 14:48:00-04:00,746.3389892578125,746.4000244140625,746.260009765625,746.385009765625,34289,0.0,0.0,0.0
2026-09-22 14:49:00-04:00,746.3699951171875,746.4249877929688,746.3400268554688,746.3400268554688,49274,0.0,0.0,0.0
2026-09-22 14:50:00-04:00,746.3400268554688,746.3800048828125,746.2000122070312,746.239990234375,124884,0.0,0.0,0.0
2026-09-22 14:51:00-04:00,746.2399291992188,746.4099731445312,746.2399291992188,746.4099731445312,37031,0.0,0.0,0.0
2026-09-22 14:52:00-04:00,746.4099731445312,746.4102172851562,746.3400268554688,746.3800048828125,25624,0.0,0.0,0.0
2026-09-22 14:53:00-04:00,746.3800048828125,746.4600219726562,746.3300170898438,746.3499755859375,37634,0.0,0.0,0.0
2026-09-22 14:54:00-04:00,746.35498046875,746.4400024414062,746.3499755859375,746.385009765625,29147,0.0,0.0,0.0
2026-09-22 14:55:00-04:00,746.3699951171875,746.3800048828125,746.27001953125,746.3599853515625,24773,0.0,0.0,0.0
2026-09-22 14:56:00-04:00,746.3699951171875,746.4099731445312,746.2100219726562,746.219970703125,26393,0.0,0.0,0.0
2026-09-22 14:57:00-04:00,746.1799926757812,746.1900024414062,746.0999755859375,746.0999755859375,33487,0.0,0.0,0.0
2026-09-22 14:58:00-04:00,746.1099853515625,746.1500244140625,746.043212890625,746.043212890625,41458,0.0,0.0,0.0
2026-09-22 14:59:00-04:00,746.0599975585938,746.1699829101562,746.0599975585938,746.1500244140625,60511,0.0,0.0,0.0
2026-09-22 15:00:00-04:00,746.1699829101562,746.3099975585938,746.1400146484375,746.280029296875,34999,0.0,0.0,0.0
2026-09-22 15:01:00-04:00,746.2999877929688,746.3800048828125,746.1799926757812,746.3499755859375,62108,0.0,0.0,0.0
2026-09-22 15:02:00-04:00,746.3499755859375,746.4000244140625,746.280029296875,746.3099975585938,47030,0.0,0.0,0.0
2026-09-22 15:03:00-04:00,746.3099975585938,746.3699951171875,746.2999877929688,746.3499755859375,163975,0.0,0.0,0.0
2026-09-22 15:04:00-04:00,746.35498046875,746.4735107421875,746.280029296875,746.4635009765625,42568,0.0,0.0,0.0
2026-09-22 15:05:00-04:00,746.4600219726562,746.4600219726562,746.375,746.4249877929688,43932,0.0,0.0,0.0
2026-09-22 15:06:00-04:00,746.4149780273438,746.5900268554688,746.4099731445312,746.5352783203125,47558,0.0,0.0,0.0
2026-09-22 15:07:00-04:00,746.5599975585938,746.5800170898438,746.4949951171875,746.5800170898438,27417,0.0,0.0,0.0
2026-09-22 15:08:00-04:00,746.5850219726562,746.6962280273438,746.5549926757812,746.6649780273438,34420,0.0,0.0,0.0
2026-09-22 15:09:00-04:00,746.655029296875,746.7100219726562,746.5601196289062,746.6599731445312,27794,0.0,0.0,0.0
2026-09-22 15:10:00-04:00,746.655029296875,746.7849731445312,746.655029296875,746.7449951171875,34989,0.0,0.0,0.0
2026-09-22 15:11:00-04:00,746.7449951171875,746.8300170898438,746.6950073242188,746.7901000976562,92864,0.0,0.0,0.0
2026-09-22 15:12:00-04:00,746.7899780273438,746.8200073242188,746.739990234375,746.77001953125,63330,0.0,0.0,0.0
2026-09-22 15:13:00-04:00,746.7899780273438,746.8499755859375,746.7518920898438,746.8150024414062,66825,0.0,0.0,0.0
2026-09-22 15:14:00-04:00,746.8150024414062,746.8298950195312,746.719970703125,746.7949829101562,186247,0.0,0.0,0.0
2026-09-22 15:15:00-04:00,746.8099975585938,746.89501953125,746.7899780273438,746.8150024414062,157447,0.0,0.0,0.0
2026-09-22 15:16:00-04:00,746.8350219726562,747.0399169921875,746.781982421875,747.010009765625,73457,0.0,0.0,0.0
2026-09-22 15:17:00-04:00,747.02001953125,747.02587890625,746.9500122070312,747.02001953125,32800,0.0,0.0,0.0
2026-09-22 15:18:00-04:00,747.030029296875,747.0999755859375,747.0,747.030029296875,19380,0.0,0.0,0.0
2026-09-22 15:19:00-04:00,747.0449829101562,747.0800170898438,746.9749755859375,747.02001953125,33121,0.0,0.0,0.0
2026-09-22 15:20:00-04:00,747.0150146484375,747.0150146484375,746.8200073242188,746.9099731445312,121339,0.0,0.0,0.0
2026-09-22 15:21:00-04:00,746.9005126953125,746.9176025390625,746.7550048828125,746.8099975585938,40060,0.0,0.0,0.0
2026-09-22 15:22:00-04:00,746.8099975585938,746.844970703125,746.710693359375,746.710693359375,27315,0.0,0.0,0.0
2026-09-22 15:23:00-04:00,746.719970703125,746.8099975585938,746.7050170898438,746.77001953125,23342,0.0,0.0,0.0
2026-09-22 15:24:00-04:00,746.760009765625,747.0,746.719970703125,746.8400268554688,70342,0.0,0.0,0.0
2026-09-22 15:25:00-04:00,746.844970703125,747.2545776367188,746.844970703125,747.1900024414062,86293,0.0,0.0,0.0
2026-09-22 15:26:00-04:00,747.1900024414062,747.3300170898438,747.1799926757812,747.2949829101562,234611,0.0,0.0,0.0
2026-09-22 15:27:00-04:00,747.3099975585938,747.3099975585938,747.1199951171875,747.125,403846,0.0,0.0,0.0
2026-09-22 15:28:00-04:00,747.125,747.27001953125,747.110107421875,747.1950073242188,23206,0.0,0.0,0.0
2026-09-22 15:29:00-04:00,747.1900024414062,747.260009765625,747.1624755859375,747.2050170898438,19256,0.0,0.0,0.0
2026-09-22 15:30:00-04:00,747.2061767578125,747.3099975585938,747.1500244140625,747.260009765625,58315,0.0,0.0,0.0
2026-09-22 15:31:00-04:00,747.2550048828125,747.489990234375,747.25,747.4199829101562,126921,0.0,0.0,0.0
2026-09-22 15:32:00-04:00,747.4199829101562,747.5599975585938,747.3699951171875,747.5499877929688,166623,0.0,0.0,0.0
2026-09-22 15:33:00-04:00,747.5584716796875,747.719970703125,747.52001953125,747.6849975585938,140187,0.0,0.0,0.0
2026-09-22 15:34:00-04:00,747.6799926757812,747.8599853515625,747.6199951171875,747.8200073242188,113786,0.0,0.0,0.0
2026-09-22 15:35:00-04:00,747.8099975585938,747.9000244140625,747.6799926757812,747.8099975585938,117115,0.0,0.0,0.0
2026-09-22 15:36:00-04:00,747.8150024414062,747.8200073242188,747.6199951171875,747.7550048828125,143677,0.0,0.0,0.0
2026-09-22 15:37:00-04:00,747.7550048828125,747.9000244140625,747.6900024414062,747.8300170898438,127473,0.0,0.0,0.0
2026-09-22 15:38:00-04:00,747.8350219726562,747.8499755859375,747.6699829101562,747.7109985351562,123844,0.0,0.0,0.0
2026-09-22 15:39:00-04:00,747.7100219726562,747.8499755859375,747.6199951171875,747.739990234375,80808,0.0,0.0,0.0
2026-09-22 15:40:00-04:00,747.7449951171875,747.77001953125,747.710693359375,747.7119750976562,122536,0.0,0.0,0.0
2026-09-22 15:41:00-04:00,747.719970703125,747.719970703125,747.4000244140625,747.405029296875,94562,0.0,0.0,0.0
2026-09-22 15:42:00-04:00,747.4000244140625,747.4099731445312,747.1699829101562,747.3250122070312,92948,0.0,0.0,0.0
2026-09-22 15:43:00-04:00,747.3250122070312,747.5,747.2899780273438,747.5,75525,0.0,0.0,0.0
2026-09-22 15:44:00-04:00,747.5,747.5800170898438,747.4600219726562,747.5499877929688,170125,0.0,0.0,0.0
2026-09-22 15:45:00-04:00,747.5499877929688,747.7249755859375,747.5499877929688,747.5700073242188,208088,0.0,0.0,0.0
2026-09-22 15:46:00-04:00,747.5700073242188,747.669921875,747.5599975585938,747.6201171875,109337,0.0,0.0,0.0
2026-09-22 15:47:00-04:00,747.635009765625,747.75,747.6300048828125,747.739990234375,90972,0.0,0.0,0.0
2026-09-22 15:48:00-04:00,747.739990234375,747.8099975585938,747.6950073242188,747.780029296875,78302,0.0,0.0,0.0
2026-09-22 15:49:00-04:00,747.77001953125,747.9299926757812,747.6920166015625,747.8900146484375,294226,0.0,0.0,0.0
2026-09-22 15:50:00-04:00,747.875,747.9299926757812,747.4500122070312,747.75,141974,0.0,0.0,0.0
2026-09-22 15:51:00-04:00,747.75,748.030029296875,747.7100219726562,748.030029296875,124740,0.0,0.0,0.0
2026-09-22 15:52:00-04:00,748.0399780273438,748.2899780273438,748.010009765625,748.2098999023438,143313,0.0,0.0,0.0
2026-09-22 15:53:00-04:00,748.2000122070312,748.3489990234375,747.9550170898438,747.9550170898438,151982,0.0,0.0,0.0
2026-09-22 15:54:00-04:00,747.9500122070312,748.030029296875,747.6500244140625,747.7000122070312,160977,0.0,0.0,0.0
2026-09-22 15:55:00-04:00,747.6799926757812,747.6900024414062,747.3099975585938,747.4199829101562,203817,0.0,0.0,0.0
2026-09-22 15:56:00-04:00,747.4099731445312,747.489990234375,747.3300170898438,747.4400024414062,190741,0.0,0.0,0.0
2026-09-22 15:57:00-04:00,747.4450073242188,747.5499877929688,747.3499755859375,747.4600830078125,285923,0.0,0.0,0.0
2026-09-22 15:58:00-04:00,747.4600219726562,747.5599975585938,747.1699829101562,747.1699829101562,241310,0.0,0.0,0.0
2026-09-22 15:59:00-04:00,747.1699829101562,747.5700073242188,747.0900268554688,747.4650268554688,597440,0.0,0.0,0.0
2026-09-23 09:30:00-04:00,746.989990234375,747.1199951171875,745.9199829101562,746.0,1314219,0.0,0.0,0.0
2026-09-23 09:31:00-04:00,746.0499877929688,746.1099853515625,745.4349975585938,745.4979858398438,122376,0.0,0.0,0.0
2026-09-23 09:32:00-04:00,745.3400268554688,745.5800170898438,745.10009765625,745.3699951171875,144185,0.0,0.0,0.0
2026-09-23 09:33:00-04:00,745.3599853515625,745.6362915039062,745.27001953125,745.6199951171875,82553,0.0,0.0,0.0
2026-09-23 09:34:00-04:00,745.6749877929688,745.739990234375,745.0850219726562,745.0850219726562,95725,0.0,0.0,0.0
2026-09-23 09:35:00-04:00,745.0900268554688,745.7999877929688,744.9600830078125,745.2399291992188,98067,0.0,0.0,0.0
2026-09-23 09:36:00-04:00,745.239990234375,745.3800048828125,744.97998046875,745.3499755859375,67462,0.0,0.0,0.0
2026-09-23 09:37:00-04:00,745.3300170898438,745.3599853515625,744.7999877929688,744.9600219726562,60430,0.0,0.0,0.0
2026-09-23 09:38:00-04:00,744.989990234375,745.0449829101562,744.4500122070312,744.4500122070312,109090,0.0,0.0,0.0
2026-09-23 09:39:00-04:00,744.4705810546875,744.969970703125,744.469970703125,744.7999877929688,115565,0.0,0.0,0.0
2026-09-23 09:40:00-04:00,744.773681640625,744.9550170898438,744.5787963867188,744.72998046875,181130,0.0,0.0,0.0
2026-09-23 09:41:00-04:00,744.7150268554688,744.969970703125,744.5562744140625,744.6799926757812,54703,0.0,0.0,0.0
2026-09-23 09:42:00-04:00,744.7080078125,744.919921875,744.530029296875,744.6749877929688,41861,0.0,0.0,0.0
2026-09-23 09:43:00-04:00,744.6799926757812,744.989990234375,744.6300048828125,744.7860107421875,49550,0.0,0.0,0.0
2026-09-23 09:44:00-04:00,744.8099975585938,744.989990234375,744.6909790039062,744.760009765625,30955,0.0,0.0,0.0
2026-09-23 09:45:00-04:00,744.6300048828125,744.9500122070312,744.4500122070312,744.4509887695312,92885,0.0,0.0,0.0
2026-09-23 09:46:00-04:00,744.4600219726562,744.4600219726562,743.8599853515625,743.9099731445312,163762,0.0,0.0,0.0
2026-09-23 09:47:00-04:00,743.885498046875,744.1900024414062,743.4600219726562,744.1300048828125,205037,0.0,0.0,0.0
2026-09-23 09:48:00-04:00,744.0800170898438,744.27001953125,743.8300170898438,743.9450073242188,55226,0.0,0.0,0.0
2026-09-23 09:49:00-04:00,743.9500122070312,743.9550170898438,743.7000122070312,743.9000244140625,294865,0.0,0.0,0.0
2026-09-23 09:50:00-04:00,743.9500122070312,744.1199951171875,743.6690063476562,743.7100219726562,102041,0.0,0.0,0.0
2026-09-23 09:51:00-04:00,743.739990234375,743.739990234375,743.3300170898438,743.405029296875,99154,0.0,0.0,0.0
2026-09-23 09:52:00-04:00,743.3800048828125,743.4199829101562,743.02001953125,743.2598266601562,88921,0.0,0.0,0.0
2026-09-23 09:53:00-04:00,743.2000122070312,743.9299926757812,743.14501953125,743.5850219726562,196218,0.0,0.0,0.0
2026-09-23 09:54:00-04:00,743.5900268554688,743.5900268554688,743.1306762695312,743.2100219726562,64346,0.0,0.0,0.0
2026-09-23 09:55:00-04:00,743.1799926757812,743.2999877929688,742.8300170898438,742.9500122070312,77812,0.0,0.0,0.0
2026-09-23 09:56:00-04:00,742.969970703125,743.1699829101562,742.8099975585938,742.9600219726562,102364,0.0,0.0,0.0
2026-09-23 09:57:00-04:00,742.9299926757812,743.2999877929688,742.9299926757812,743.2100219726562,58521,0.0,0.0,0.0
2026-09-23 09:58:00-04:00,743.2105102539062,743.510009765625,743.1799926757812,743.3300170898438,179272,0.0,0.0,0.0
2026-09-23 09:59:00-04:00,743.3099975585938,743.4188232421875,742.8800048828125,743.1199951171875,291318,0.0,0.0,0.0
2026-09-23 10:00:00-04:00,743.1099853515625,743.6898803710938,743.0599975585938,743.6199951171875,100229,0.0,0.0,0.0
2026-09-23 10:01:00-04:00,743.6223754882812,743.6900024414062,743.2800903320312,743.3201293945312,68715,0.0,0.0,0.0
2026-09-23 10:02:00-04:00,743.3099975585938,743.3499755859375,742.6400756835938,742.6500244140625,143891,0.0,0.0,0.0
2026-09-23 10:03:00-04:00,742.6500244140625,742.760009765625,742.52001953125,742.610107421875,70014,0.0,0.0,0.0
2026-09-23 10:04:00-04:00,742.635498046875,742.8400268554688,742.4600219726562,742.7550048828125,109924,0.0,0.0,0.0
2026-09-23 10:05:00-04:00,742.789794921875,742.9879760742188,742.4500122070312,742.4500122070312,90732,0.0,0.0,0.0
2026-09-23 10:06:00-04:00,742.4400024414062,742.5349731445312,742.20458984375,742.260009765625,81673,0.0,0.0,0.0
2026-09-23 10:07:00-04:00,742.25,742.280029296875,741.5900268554688,741.5900268554688,151173,0.0,0.0,0.0
2026-09-23 10:08:00-04:00,741.5850219726562,741.8198852539062,741.4829711914062,741.5,118283,0.0,0.0,0.0
2026-09-23 10:09:00-04:00,741.4849853515625,741.5999755859375,741.1699829101562,741.2100219726562,111121,0.0,0.0,0.0
2026-09-23 10:10:00-04:00,741.239990234375,741.3499755859375,740.5599975585938,740.780029296875,213776,0.0,0.0,0.0
2026-09-23 10:11:00-04:00,740.75,740.77001953125,740.030029296875,740.4600219726562,270011,0.0,0.0,0.0
2026-09-23 10:12:00-04:00,740.4500122070312,740.6799926757812,740.0750122070312,740.0750122070312,362836,0.0,0.0,0.0
2026-09-23 10:13:00-04:00,740.0900268554688,740.2100219726562,739.6699829101562,739.9805297851562,260464,0.0,0.0,0.0
2026-09-23 10:14:00-04:00,739.97998046875,740.239990234375,739.7899780273438,740.030029296875,138583,0.0,0.0,0.0
2026-09-23 10:15:00-04:00,740.0250244140625,740.530029296875,739.72998046875,740.510009765625,207137,0.0,0.0,0.0
2026-09-23 10:16:00-04:00,740.5198974609375,740.5499877929688,740.0,740.1950073242188,145847,0.0,0.0,0.0
2026-09-23 10:17:00-04:00,740.2100219726562,740.27001953125,739.298828125,739.405029296875,169822,0.0,0.0,0.0
2026-09-23 10:18:00-04:00,739.4219970703125,739.469970703125,739.0399780273438,739.2103271484375,128760,0.0,0.0,0.0
2026-09-23 10:19:00-04:00,739.2100219726562,739.3499755859375,738.8800048828125,738.9102172851562,149300,0.0,0.0,0.0
2026-09-23 10:20:00-04:00,738.9099731445312,739.5800170898438,738.655029296875,739.3900146484375,181783,0.0,0.0,0.0
2026-09-23 10:21:00-04:00,739.3300170898438,739.3900146484375,738.7349853515625,738.780029296875,129357,0.0,0.0,0.0
2026-09-23 10:22:00-04:00,738.780029296875,738.8200073242188,738.3200073242188,738.3800048828125,184796,0.0,0.0,0.0
2026-09-23 10:23:00-04:00,738.3699951171875,738.789794921875,738.239990234375,738.7000122070312,135274,0.0,0.0,0.0
2026-09-23 10:24:00-04:00,738.6925048828125,738.9500122070312,738.470703125,738.9199829101562,103488,0.0,0.0,0.0
2026-09-23 10:25:00-04:00,738.9299926757812,739.4199829101562,738.780029296875,738.9099731445312,176669,0.0,0.0,0.0
2026-09-23 10:26:00-04:00,738.8599853515625,739.010009765625,738.1909790039062,738.3499755859375,120489,0.0,0.0,0.0
2026-09-23 10:27:00-04:00,738.3599853515625,738.8900146484375,738.3499755859375,738.77001953125,98097,0.0,0.0,0.0
2026-09-23 10:28:00-04:00,738.780029296875,739.2349853515625,738.760009765625,739.1298828125,94744,0.0,0.0,0.0
2026-09-23 10:29:00-04:00,739.1300048828125,739.3800048828125,739.0,739.0900268554688,77261,0.0,0.0,0.0
2026-09-23 10:30:00-04:00,739.0800170898438,739.47998046875,739.0499877929688,739.1300048828125,92202,0.0,0.0,0.0
2026-09-23 10:31:00-04:00,739.1500244140625,739.25,738.5800170898438,739.010009765625,124408,0.0,0.0,0.0
2026-09-23 10:32:00-04:00,738.989990234375,739.719970703125,738.9299926757812,739.5250244140625,105017,0.0,0.0,0.0
2026-09-23 10:33:00-04:00,739.530029296875,739.9000244140625,739.469970703125,739.7487182617188,115855,0.0,0.0,0.0
2026-09-23 10:34:00-04:00,739.7449951171875,740.0999755859375,739.6500244140625,740.0499877929688,145502,0.0,0.0,0.0
2026-09-23 10:35:00-04:00,740.0449829101562,740.4749755859375,740.02001953125,740.3200073242188,116915,0.0,0.0,0.0
2026-09-23 10:36:00-04:00,740.3369750976562,740.3499755859375,740.0103759765625,740.1300048828125,124205,0.0,0.0,0.0
2026-09-23 10:37:00-04:00,740.1099853515625,740.4299926757812,739.77197265625,739.8800048828125,156217,0.0,0.0,0.0
2026-09-23 10:38:00-04:00,739.9000244140625,739.9249877929688,739.4000244140625,739.4349975585938,60861,0.0,0.0,0.0
2026-09-23 10:39:00-04:00,739.4500122070312,739.619873046875,739.260009765625,739.469970703125,45234,0.0,0.0,0.0
2026-09-23 10:40:00-04:00,739.510009765625,739.7899780273438,739.3599853515625,739.7899780273438,55783,0.0,0.0,0.0
2026-09-23 10:41:00-04:00,739.77001953125,739.94140625,739.5999145507812,739.635009765625,34040,0.0,0.0,0.0
2026-09-23 10:42:00-04:00,739.6699829101562,739.72998046875,739.4421997070312,739.5701293945312,40797,0.0,0.0,0.0
2026-09-23 10:43:00-04:00,739.5050048828125,739.760009765625,739.35009765625,739.7000122070312,25433,0.0,0.0,0.0
2026-09-23 10:44:00-04:00,739.7000122070312,740.0700073242188,739.6799926757812,740.0499877929688,52876,0.0,0.0,0.0
2026-09-23 10:45:00-04:00,740.030029296875,740.489990234375,740.030029296875,740.3151245117188,97240,0.0,0.0,0.0
2026-09-23 10:46:00-04:00,740.3200073242188,740.469482421875,740.0499877929688,740.3051147460938,66626,0.0,0.0,0.0
2026-09-23 10:47:00-04:00,740.3400268554688,740.4600219726562,740.1099853515625,740.125,42529,0.0,0.0,0.0
2026-09-23 10:48:00-04:00,740.1599731445312,740.4600219726562,740.1199951171875,740.25,46115,0.0,0.0,0.0
2026-09-23 10:49:00-04:00,740.260009765625,740.4500122070312,740.2150268554688,740.3400268554688,53768,0.0,0.0,0.0
2026-09-23 10:50:00-04:00,740.35009765625,740.489990234375,739.9500122070312,739.9675903320312,45693,0.0,0.0,0.0
2026-09-23 10:51:00-04:00,739.9749755859375,741.2100219726562,739.9000244140625,740.6939697265625,207379,0.0,0.0,0.0
2026-09-23 10:52:00-04:00,740.7000122070312,741.1099243164062,740.5599975585938,741.0999755859375,126322,0.0,0.0,0.0
2026-09-23 10:53:00-04:00,741.0999755859375,742.4299926757812,741.0999755859375,742.35498046875,292471,0.0,0.0,0.0
2026-09-23 10:54:00-04:00,742.3499755859375,742.5599975585938,741.97998046875,742.2999267578125,201889,0.0,0.0,0.0
2026-09-23 10:55:00-04:00,742.280029296875,742.5399780273438,741.5,742.2999877929688,205263,0.0,0.0,0.0
2026-09-23 10:56:00-04:00,742.2949829101562,742.39501953125,742.1799926757812,742.239990234375,55685,0.0,0.0,0.0
2026-09-23 10:57:00-04:00,742.2249755859375,742.530029296875,742.0,742.4207763671875,115578,0.0,0.0,0.0
2026-09-23 10:58:00-04:00,742.4201049804688,742.4299926757812,742.25,742.280029296875,43513,0.0,0.0,0.0
2026-09-23 10:59:00-04:00,742.2999877929688,742.5999755859375,742.2650146484375,742.5150146484375,78421,0.0,0.0,0.0
2026-09-23 11:00:00-04:00,742.5579833984375,742.5700073242188,742.0800170898438,742.2899780273438,78923,0.0,0.0,0.0
2026-09-23 11:01:00-04:00,742.3074951171875,742.635009765625,742.3074951171875,742.3800048828125,97363,0.0,0.0,0.0
2026-09-23 11:02:00-04:00,742.4650268554688,742.489990234375,742.0927124023438,742.1300048828125,39400,0.0,0.0,0.0
2026-09-23 11:03:00-04:00,742.2000122070312,742.2080078125,741.860107421875,742.0963134765625,101343,0.0,0.0,0.0
2026-09-23 11:04:00-04:00,742.0599975585938,742.10888671875,741.8499755859375,742.063720703125,41894,0.0,0.0,0.0
2026-09-23 11:05:00-04:00,742.0582275390625,742.1199951171875,741.8400268554688,741.8499755859375,56962,0.0,0.0,0.0
2026-09-23 11:06:00-04:00,741.89501953125,742.02001953125,741.7899780273438,741.8599853515625,34222,0.0,0.0,0.0
2026-09-23 11:07:00-04:00,741.9299926757812,742.239990234375,741.8900146484375,742.1300048828125,95657,0.0,0.0,0.0
2026-09-23 11:08:00-04:00,742.1300048828125,742.3400268554688,742.1199951171875,742.2949829101562,33954,0.0,0.0,0.0
2026-09-23 11:09:00-04:00,742.2694702148438,742.2899780273438,742.080078125,742.0900268554688,31860,0.0,0.0,0.0
2026-09-23 11:10:00-04:00,742.0800170898438,742.0999755859375,741.9000244140625,741.9700927734375,33065,0.0,0.0,0.0
2026-09-23 11:11:00-04:00,741.9500122070312,742.1199951171875,741.7000122070312,741.8099975585938,33322,0.0,0.0,0.0
2026-09-23 11:12:00-04:00,741.8099975585938,742.010009765625,741.6199951171875,742.010009765625,85065,0.0,0.0,0.0
2026-09-23 11:13:00-04:00,742.0,742.0,741.590087890625,741.7150268554688,44427,0.0,0.0,0.0
2026-09-23 11:14:00-04:00,741.75,741.8099975585938,741.64501953125,741.7150268554688,35989,0.0,0.0,0.0
2026-09-23 11:15:00-04:00,741.7150268554688,742.0050048828125,741.7150268554688,741.875,149741,0.0,0.0,0.0
2026-09-23 11:16:00-04:00,741.8699951171875,741.9550170898438,741.54052734375,741.655029296875,46232,0.0,0.0,0.0
2026-09-23 11:17:00-04:00,741.625,741.625,740.9600219726562,741.2249755859375,167822,0.0,0.0,0.0
2026-09-23 11:18:00-04:00,741.2349853515625,741.4249877929688,741.1799926757812,741.3226928710938,25817,0.0,0.0,0.0
2026-09-23 11:19:00-04:00,741.372802734375,741.77001953125,741.364990234375,741.6553955078125,33908,0.0,0.0,0.0
2026-09-23 11:20:00-04:00,741.6500244140625,741.7828979492188,741.5700073242188,741.648193359375,41699,0.0,0.0,0.0
2026-09-23 11:21:00-04:00,741.5999755859375,742.010009765625,741.5,741.9346923828125,90593,0.0,0.0,0.0
2026-09-23 11:22:00-04:00,742.02001953125,742.4005126953125,742.02001953125,742.3200073242188,78967,0.0,0.0,0.0
2026-09-23 11:23:00-04:00,742.3099975585938,742.3599853515625,742.094970703125,742.239990234375,30193,0.0,0.0,0.0
2026-09-23 11:24:00-04:00,742.260009765625,742.2901000976562,742.0700073242188,742.2000122070312,43927,0.0,0.0,0.0
2026-09-23 11:25:00-04:00,742.1699829101562,742.3298950195312,742.0800170898438,742.2999877929688,52935,0.0,0.0,0.0
2026-09-23 11:26:00-04:00,742.3200073242188,742.3900146484375,742.0499877929688,742.2249755859375,24518,0.0,0.0,0.0
2026-09-23 11:27:00-04:00,742.2136840820312,742.2136840820312,741.9600219726562,742.0700073242188,31126,0.0,0.0,0.0
2026-09-23 11:28:00-04:00,742.030029296875,742.030029296875,741.4801025390625,741.4801025390625,44590,0.0,0.0,0.0
2026-09-23 11:29:00-04:00,741.510009765625,741.52001953125,741.260009765625,741.3350219726562,56999,0.0,0.0,0.0
2026-09-23 11:30:00-04:00,741.3309936523438,741.3499145507812,741.1400146484375,741.280029296875,97608,0.0,0.0,0.0
2026-09-23 11:31:00-04:00,741.280029296875,741.510009765625,741.2100219726562,741.3900146484375,47141,0.0,0.0,0.0
2026-09-23 11:32:00-04:00,741.3900146484375,741.4849853515625,741.1900024414062,741.2000122070312,93087,0.0,0.0,0.0
2026-09-23 11:33:00-04:00,741.219970703125,741.4251098632812,741.1500244140625,741.3499755859375,96227,0.0,0.0,0.0
2026-09-23 11:34:00-04:00,741.3798828125,741.5599975585938,741.2899780273438,741.2899780273438,23394,0.0,0.0,0.0
2026-09-23 11:35:00-04:00,741.27001953125,741.4500122070312,741.0599975585938,741.3300170898438,98116,0.0,0.0,0.0
2026-09-23 11:36:00-04:00,741.3300170898438,741.4299926757812,741.0700073242188,741.090087890625,42346,0.0,0.0,0.0
2026-09-23 11:37:00-04:00,741.0900268554688,741.1599731445312,740.969970703125,741.155029296875,29566,0.0,0.0,0.0
2026-09-23 11:38:00-04:00,741.2050170898438,741.3599243164062,741.155029296875,741.260009765625,34823,0.0,0.0,0.0
2026-09-23 11:39:00-04:00,741.260009765625,741.4400024414062,741.0507202148438,741.1599731445312,45894,0.0,0.0,0.0
2026-09-23 11:40:00-04:00,741.1799926757812,741.1799926757812,741.02001953125,741.0800170898438,32570,0.0,0.0,0.0
2026-09-23 11:41:00-04:00,741.0900268554688,741.1599731445312,740.9099731445312,740.9520263671875,39888,0.0,0.0,0.0
2026-09-23 11:42:00-04:00,740.9600219726562,741.219970703125,740.9400024414062,741.2000122070312,40117,0.0,0.0,0.0
2026-09-23 11:43:00-04:00,741.239990234375,741.469970703125,741.1199951171875,741.4401245117188,42924,0.0,0.0,0.0
2026-09-23 11:44:00-04:00,741.469970703125,741.567626953125,741.3699951171875,741.530029296875,93130,0.0,0.0,0.0
2026-09-23 11:45:00-04:00,741.52001953125,741.6199951171875,741.4005126953125,741.4650268554688,44103,0.0,0.0,0.0
2026-09-23 11:46:00-04:00,741.5700073242188,741.5700073242188,741.347900390625,741.4299926757812,24085,0.0,0.0,0.0
2026-09-23 11:47:00-04:00,741.4354858398438,741.4354858398438,740.7899780273438,740.9172973632812,49377,0.0,0.0,0.0
2026-09-23 11:48:00-04:00,740.9219970703125,741.0399780273438,740.4600219726562,740.5599975585938,57630,0.0,0.0,0.0
2026-09-23 11:49:00-04:00,740.5697021484375,740.6300048828125,740.360107421875,740.5399780273438,58687,0.0,0.0,0.0
2026-09-23 11:50:00-04:00,740.5297241210938,740.6400146484375,740.4400024414062,740.5499877929688,25496,0.0,0.0,0.0
2026-09-23 11:51:00-04:00,740.5800170898438,740.5800170898438,740.1400146484375,740.2899780273438,55356,0.0,0.0,0.0
2026-09-23 11:52:00-04:00,740.280029296875,740.739990234375,740.25,740.4500122070312,50453,0.0,0.0,0.0
2026-09-23 11:53:00-04:00,740.3900146484375,740.530029296875,740.219970703125,740.510009765625,19384,0.0,0.0,0.0
2026-09-23 11:54:00-04:00,740.5599975585938,740.8400268554688,740.5250244140625,740.8400268554688,27700,0.0,0.0,0.0
2026-09-23 11:55:00-04:00,740.8699951171875,740.9299926757812,740.7435913085938,740.77001953125,32188,0.0,0.0,0.0
2026-09-23 11:56:00-04:00,740.7305297851562,740.7410278320312,740.469970703125,740.5599975585938,28855,0.0,0.0,0.0
2026-09-23 11:57:00-04:00,740.5499877929688,740.5900268554688,740.47998046875,740.5,23488,0.0,0.0,0.0
2026-09-23 11:58:00-04:00,740.5800170898438,740.7000122070312,740.5,740.5869750976562,51609,0.0,0.0,0.0
2026-09-23 11:59:00-04:00,740.6099853515625,740.7291259765625,740.530029296875,740.7100219726562,48880,0.0,0.0,0.0
2026-09-23 12:00:00-04:00,740.6799926757812,740.72998046875,740.4525146484375,740.469970703125,25239,0.0,0.0,0.0
2026-09-23 12:01:00-04:00,740.47998046875,740.510009765625,740.2899780273438,740.39501953125,23907,0.0,0.0,0.0
2026-09-23 12:02:00-04:00,740.3599853515625,740.4500122070312,740.3200073242188,740.3400268554688,17970,0.0,0.0,0.0
2026-09-23 12:03:00-04:00,740.3447875976562,740.4199829101562,740.2501220703125,740.4199829101562,27132,0.0,0.0,0.0
2026-09-23 12:04:00-04:00,740.4099731445312,740.6300048828125,740.3699951171875,740.5499267578125,23808,0.0,0.0,0.0
2026-09-23 12:05:00-04:00,740.510009765625,740.5449829101562,740.4099731445312,740.4299926757812,10943,0.0,0.0,0.0
2026-09-23 12:06:00-04:00,740.4450073242188,740.6199951171875,740.3300170898438,740.364990234375,29388,0.0,0.0,0.0
2026-09-23 12:07:00-04:00,740.3599853515625,740.6500244140625,740.3499755859375,740.5700073242188,31613,0.0,0.0,0.0
2026-09-23 12:08:00-04:00,740.6279907226562,740.7999877929688,740.6262817382812,740.7150268554688,108004,0.0,0.0,0.0
2026-09-23 12:09:00-04:00,740.719970703125,740.75,740.5651245117188,740.6699829101562,16946,0.0,0.0,0.0
2026-09-23 12:10:00-04:00,740.669921875,740.72998046875,740.5700073242188,740.6798706054688,22455,0.0,0.0,0.0
2026-09-23 12:11:00-04:00,740.6345825195312,740.6500244140625,740.52001953125,740.64501953125,19112,0.0,0.0,0.0
2026-09-23 12:12:00-04:00,740.6400146484375,740.7899780273438,740.5650024414062,740.6599731445312,35467,0.0,0.0,0.0
2026-09-23 12:13:00-04:00,740.6300048828125,740.6699829101562,740.5399780273438,740.6380004882812,9822,0.0,0.0,0.0
2026-09-23 12:14:00-04:00,740.625,740.6950073242188,740.5,740.655029296875,13950,0.0,0.0,0.0
2026-09-23 12:15:00-04:00,740.6500244140625,740.8900146484375,740.5599975585938,740.8499755859375,26906,0.0,0.0,0.0
2026-09-23 12:16:00-04:00,740.8200073242188,740.9099731445312,740.5900268554688,740.5900268554688,43401,0.0,0.0,0.0
2026-09-23 12:17:00-04:00,740.6099853515625,740.6400146484375,740.38037109375,740.510009765625,31521,0.0,0.0,0.0
2026-09-23 12:18:00-04:00,740.489990234375,740.530029296875,740.2999877929688,740.3997192382812,28817,0.0,0.0,0.0
2026-09-23 12:19:00-04:00,740.3900146484375,740.4979858398438,740.2100219726562,740.489990234375,49306,0.0,0.0,0.0
2026-09-23 12:20:00-04:00,740.4849853515625,740.489990234375,740.06201171875,740.2050170898438,32824,0.0,0.0,0.0
2026-09-23 12:21:00-04:00,740.1699829101562,740.1799926757812,740.0399780273438,740.0800170898438,38135,0.0,0.0,0.0
2026-09-23 12:22:00-04:00,740.0700073242188,740.25,739.9401245117188,740.2327880859375,46614,0.0,0.0,0.0
2026-09-23 12:23:00-04:00,740.22998046875,740.280029296875,740.0800170898438,740.110107421875,27461,0.0,0.0,0.0
2026-09-23 12:24:00-04:00,740.1649780273438,740.3300170898438,740.0499877929688,740.1300048828125,20105,0.0,0.0,0.0
2026-09-23 12:25:00-04:00,740.1998901367188,740.4400024414062,740.1998901367188,740.4349975585938,23497,0.0,0.0,0.0
2026-09-23 12:26:00-04:00,740.4199829101562,740.4219970703125,740.030029296875,740.080078125,43364,0.0,0.0,0.0
2026-09-23 12:27:00-04:00,740.0861206054688,740.2406005859375,740.0800170898438,740.1900024414062,35787,0.0,0.0,0.0
2026-09-23 12:28:00-04:00,740.2000122070312,740.2100219726562,740.0650024414062,740.1749877929688,33946,0.0,0.0,0.0
2026-09-23 12:29:00-04:00,740.1799926757812,740.25,740.1110229492188,740.1599731445312,14811,0.0,0.0,0.0
2026-09-23 12:30:00-04:00,740.1749877929688,740.5900268554688,740.1749877929688,740.5549926757812,61556,0.0,0.0,0.0
2026-09-23 12:31:00-04:00,740.5599975585938,740.6900024414062,740.4600219726562,740.6600952148438,41729,0.0,0.0,0.0
2026-09-23 12:32:00-04:00,740.6500244140625,740.7999877929688,740.618408203125,740.6950073242188,33335,0.0,0.0,0.0
2026-09-23 12:33:00-04:00,740.6849975585938,740.75,740.5499877929688,740.6583862304688,33170,0.0,0.0,0.0
2026-09-23 12:34:00-04:00,740.64501953125,740.64501953125,740.5,740.5850219726562,12647,0.0,0.0,0.0
2026-09-23 12:35:00-04:00,740.594970703125,740.753173828125,740.4805908203125,740.530029296875,23861,0.0,0.0,0.0
2026-09-23 12:36:00-04:00,740.5850219726562,740.6849975585938,740.5750122070312,740.6649780273438,12009,0.0,0.0,0.0
2026-09-23 12:37:00-04:00,740.6599731445312,740.6799926757812,740.3953247070312,740.4450073242188,38819,0.0,0.0,0.0
2026-09-23 12:38:00-04:00,740.4400024414062,740.5250244140625,740.3400268554688,740.3715209960938,14241,0.0,0.0,0.0
2026-09-23 12:39:00-04:00,740.3339233398438,740.3499755859375,740.1699829101562,740.3200073242188,25829,0.0,0.0,0.0
2026-09-23 12:40:00-04:00,740.239990234375,740.2880249023438,740.0,740.0,47008,0.0,0.0,0.0
2026-09-23 12:41:00-04:00,740.0,740.0,739.7899780273438,739.9000244140625,101281,0.0,0.0,0.0
2026-09-23 12:42:00-04:00,739.8699951171875,740.010009765625,739.77001953125,739.77099609375,32504,0.0,0.0,0.0
2026-09-23 12:43:00-04:00,739.77001953125,739.8099975585938,739.6950073242188,739.7349853515625,45200,0.0,0.0,0.0
2026-09-23 12:44:00-04:00,739.739990234375,739.739990234375,739.4600219726562,739.4896240234375,42444,0.0,0.0,0.0
2026-09-23 12:45:00-04:00,739.469970703125,739.7349853515625,739.2899780273438,739.5900268554688,83751,0.0,0.0,0.0
2026-09-23 12:46:00-04:00,739.5819702148438,739.8300170898438,739.530029296875,739.7750244140625,91357,0.0,0.0,0.0
2026-09-23 12:47:00-04:00,739.8200073242188,740.0499877929688,739.77001953125,739.77001953125,42302,0.0,0.0,0.0
2026-09-23 12:48:00-04:00,739.760009765625,739.760009765625,739.5800170898438,739.72998046875,26256,0.0,0.0,0.0
2026-09-23 12:49:00-04:00,739.739990234375,739.739990234375,739.3499755859375,739.4299926757812,38906,0.0,0.0,0.0
2026-09-23 12:50:00-04:00,739.4299926757812,739.4393920898438,739.030029296875,739.1199951171875,184568,0.0,0.0,0.0
2026-09-23 12:51:00-04:00,739.1199951171875,739.1300048828125,738.7999877929688,738.9500122070312,70647,0.0,0.0,0.0
2026-09-23 12:52:00-04:00,738.923828125,739.22998046875,738.911376953125,739.0999755859375,53599,0.0,0.0,0.0
2026-09-23 12:53:00-04:00,739.0900268554688,739.0999755859375,738.8701171875,738.9869995117188,39177,0.0,0.0,0.0
2026-09-23 12:54:00-04:00,738.969970703125,739.0900268554688,738.8610229492188,738.8699951171875,49405,0.0,0.0,0.0
2026-09-23 12:55:00-04:00,738.8599853515625,739.1699829101562,738.8250122070312,739.0700073242188,50538,0.0,0.0,0.0
2026-09-23 12:56:00-04:00,739.0549926757812,739.2100219726562,738.9600219726562,739.2100219726562,36476,0.0,0.0,0.0
2026-09-23 12:57:00-04:00,739.1799926757812,739.385009765625,738.9600219726562,738.9650268554688,72291,0.0,0.0,0.0
2026-09-23 12:58:00-04:00,738.989990234375,739.3200073242188,738.9299926757812,739.280029296875,58452,0.0,0.0,0.0
2026-09-23 12:59:00-04:00,739.260009765625,739.4400024414062,739.25,739.260009765625,51644,0.0,0.0,0.0
2026-09-23 13:00:00-04:00,739.27001953125,739.5599975585938,739.239990234375,739.5599975585938,77484,0.0,0.0,0.0
2026-09-23 13:01:00-04:00,739.4937744140625,739.7349853515625,739.469970703125,739.661376953125,59517,0.0,0.0,0.0
2026-09-23 13:02:00-04:00,739.6599731445312,739.6599731445312,738.5800170898438,738.635009765625,241750,0.0,0.0,0.0
2026-09-23 13:03:00-04:00,738.6199951171875,738.8699951171875,738.3300170898438,738.4099731445312,98340,0.0,0.0,0.0
2026-09-23 13:04:00-04:00,738.3510131835938,738.5900268554688,738.260009765625,738.530029296875,95184,0.0,0.0,0.0
2026-09-23 13:05:00-04:00,738.5599975585938,738.9199829101562,738.52001953125,738.739990234375,71757,0.0,0.0,0.0
2026-09-23 13:06:00-04:00,738.7349853515625,738.8400268554688,738.4005737304688,738.6199951171875,66973,0.0,0.0,0.0
2026-09-23 13:07:00-04:00,738.635009765625,738.760009765625,738.547607421875,738.5499877929688,58327,0.0,0.0,0.0
2026-09-23 13:08:00-04:00,738.5800170898438,738.7849731445312,738.530029296875,738.780029296875,36094,0.0,0.0,0.0
2026-09-23 13:09:00-04:00,738.760009765625,739.0750122070312,738.6799926757812,738.9600219726562,50365,0.0,0.0,0.0
2026-09-23 13:10:00-04:00,738.97998046875,739.0150146484375,738.6300048828125,738.7000122070312,60586,0.0,0.0,0.0
2026-09-23 13:11:00-04:00,738.7000732421875,738.9650268554688,738.4804077148438,738.4909057617188,196971,0.0,0.0,0.0
2026-09-23 13:12:00-04:00,738.4998779296875,738.6699829101562,738.4600219726562,738.6099853515625,69428,0.0,0.0,0.0
2026-09-23 13:13:00-04:00,738.5650024414062,738.72998046875,738.489990234375,738.72998046875,47833,0.0,0.0,0.0
2026-09-23 13:14:00-04:00,738.7100219726562,738.8499755859375,738.6099853515625,738.7999877929688,46061,0.0,0.0,0.0
2026-09-23 13:15:00-04:00,738.7138061523438,739.1699829101562,738.6799926757812,739.1265869140625,41937,0.0,0.0,0.0
2026-09-23 13:16:00-04:00,739.125,739.1788940429688,738.9500122070312,739.14501953125,47916,0.0,0.0,0.0
2026-09-23 13:17:00-04:00,739.1099853515625,739.4879760742188,739.0701293945312,739.405029296875,73925,0.0,0.0,0.0
2026-09-23 13:18:00-04:00,739.4000244140625,739.635009765625,739.3800048828125,739.6279907226562,29290,0.0,0.0,0.0
2026-09-23 13:19:00-04:00,739.6199951171875,740.1099853515625,739.5999755859375,740.0399780273438,69000,0.0,0.0,0.0
2026-09-23 13:20:00-04:00,740.0599975585938,740.0700073242188,739.801025390625,739.8900146484375,46577,0.0,0.0,0.0
2026-09-23 13:21:00-04:00,739.9000244140625,739.989990234375,739.6749877929688,739.6749877929688,29515,0.0,0.0,0.0
2026-09-23 13:22:00-04:00,739.7200927734375,740.0468139648438,739.6799926757812,739.9201049804688,48100,0.0,0.0,0.0
2026-09-23 13:23:00-04:00,739.9299926757812,739.97998046875,739.5900268554688,739.594970703125,66971,0.0,0.0,0.0
2026-09-23 13:24:00-04:00,739.6148071289062,739.6148071289062,739.0800170898438,739.0800170898438,219616,0.0,0.0,0.0
2026-09-23 13:25:00-04:00,739.0700073242188,739.2899780273438,738.97998046875,739.260009765625,47267,0.0,0.0,0.0
2026-09-23 13:26:00-04:00,739.2100219726562,739.27001953125,739.0399780273438,739.2698974609375,20500,0.0,0.0,0.0
2026-09-23 13:27:00-04:00,739.22998046875,739.22998046875,739.1099853515625,739.139892578125,16219,0.0,0.0,0.0
2026-09-23 13:28:00-04:00,739.1500244140625,739.2100219726562,739.0399780273438,739.114990234375,161186,0.0,0.0,0.0
2026-09-23 13:29:00-04:00,739.0850219726562,739.1300048828125,738.9500122070312,739.0499877929688,18454,0.0,0.0,0.0
2026-09-23 13:30:00-04:00,739.0399780273438,739.0399780273438,738.864990234375,739.0,49493,0.0,0.0,0.0
2026-09-23 13:31:00-04:00,738.9749755859375,739.27001953125,738.9000244140625,739.2550048828125,33961,0.0,0.0,0.0
2026-09-23 13:32:00-04:00,739.2449951171875,739.260009765625,738.9099731445312,739.260009765625,24581,0.0,0.0,0.0
2026-09-23 13:33:00-04:00,739.2550048828125,739.5499877929688,739.1699829101562,739.530029296875,49821,0.0,0.0,0.0
2026-09-23 13:34:00-04:00,739.5399780273438,739.5842895507812,739.4710083007812,739.5598754882812,26250,0.0,0.0,0.0
2026-09-23 13:35:00-04:00,739.5399780273438,739.5399780273438,739.2849731445312,739.3049926757812,29207,0.0,0.0,0.0
2026-09-23 13:36:00-04:00,739.2999877929688,739.4199829101562,739.2349853515625,739.4122924804688,26055,0.0,0.0,0.0
2026-09-23 13:37:00-04:00,739.405029296875,739.6099853515625,739.3900146484375,739.5700073242188,29054,0.0,0.0,0.0
2026-09-23 13:38:00-04:00,739.5700073242188,739.6500244140625,739.469970703125,739.5399780273438,21017,0.0,0.0,0.0
2026-09-23 13:39:00-04:00,739.5700073242188,739.5800170898438,739.3699951171875,739.4100952148438,17279,0.0,0.0,0.0
2026-09-23 13:40:00-04:00,739.427001953125,739.8099975585938,739.1749877929688,739.4099731445312,112491,0.0,0.0,0.0
2026-09-23 13:41:00-04:00,739.4400024414062,740.0,739.4199829101562,739.8499755859375,35987,0.0,0.0,0.0
2026-09-23 13:42:00-04:00,739.8099975585938,740.27001953125,739.7999877929688,740.2349853515625,62734,0.0,0.0,0.0
2026-09-23 13:43:00-04:00,740.2598876953125,740.8499145507812,740.2598876953125,740.780029296875,165480,0.0,0.0,0.0
2026-09-23 13:44:00-04:00,740.7999877929688,740.844970703125,740.60498046875,740.7000122070312,68139,0.0,0.0,0.0
2026-09-23 13:45:00-04:00,740.6599731445312,740.7899780273438,740.5,740.7550048828125,49733,0.0,0.0,0.0
2026-09-23 13:46:00-04:00,740.739990234375,741.0399780273438,740.72998046875,740.760009765625,60594,0.0,0.0,0.0
2026-09-23 13:47:00-04:00,740.7349853515625,740.8037109375,740.5900268554688,740.6400146484375,36845,0.0,0.0,0.0
2026-09-23 13:48:00-04:00,740.6400146484375,740.6599731445312,740.4249877929688,740.602783203125,44481,0.0,0.0,0.0
2026-09-23 13:49:00-04:00,740.5700073242188,740.77001953125,740.5700073242188,740.7249755859375,26059,0.0,0.0,0.0
2026-09-23 13:50:00-04:00,740.7000122070312,740.9099731445312,740.6749877929688,740.7899780273438,35532,0.0,0.0,0.0
2026-09-23 13:51:00-04:00,740.8099975585938,740.85498046875,740.6849975585938,740.7249755859375,47138,0.0,0.0,0.0
2026-09-23 13:52:00-04:00,740.7589721679688,740.8200073242188,740.655029296875,740.8099975585938,30589,0.0,0.0,0.0
2026-09-23 13:53:00-04:00,740.8099975585938,740.9406127929688,740.64501953125,740.7000122070312,527542,0.0,0.0,0.0
2026-09-23 13:54:00-04:00,740.6500244140625,740.9099731445312,740.5,740.75,31176,0.0,0.0,0.0
2026-09-23 13:55:00-04:00,740.8599853515625,740.8699951171875,740.7100219726562,740.72998046875,18325,0.0,0.0,0.0
2026-09-23 13:56:00-04:00,740.739990234375,740.8991088867188,740.7119140625,740.8328857421875,51877,0.0,0.0,0.0
2026-09-23 13:57:00-04:00,740.8350219726562,741.1599731445312,740.7550048828125,741.1199951171875,54004,0.0,0.0,0.0
2026-09-23 13:58:00-04:00,741.125,741.22998046875,741.1199951171875,741.1950073242188,61965,0.0,0.0,0.0
2026-09-23 13:59:00-04:00,741.2000122070312,741.3350219726562,741.1500244140625,741.280029296875,100947,0.0,0.0,0.0
2026-09-23 14:00:00-04:00,741.27001953125,741.2849731445312,741.0599975585938,741.1900024414062,90036,0.0,0.0,0.0
2026-09-23 14:01:00-04:00,741.1649780273438,741.1900024414062,740.9301147460938,741.02001953125,72233,0.0,0.0,0.0
2026-09-23 14:02:00-04:00,741.02001953125,741.030029296875,740.7999267578125,740.8298950195312,53676,0.0,0.0,0.0
2026-09-23 14:03:00-04:00,740.8300170898438,740.8300170898438,740.5300903320312,740.5800170898438,84453,0.0,0.0,0.0
2026-09-23 14:04:00-04:00,740.5599975585938,740.5601196289062,740.239990234375,740.2951049804688,70119,0.0,0.0,0.0
2026-09-23 14:05:00-04:00,740.2520141601562,740.480224609375,740.1962280273438,740.4749755859375,58050,0.0,0.0,0.0
2026-09-23 14:06:00-04:00,740.47998046875,740.719970703125,740.4598999023438,740.5850219726562,105563,0.0,0.0,0.0
2026-09-23 14:07:00-04:00,740.5800170898438,740.6300048828125,740.489990234375,740.60498046875,796097,0.0,0.0,0.0
2026-09-23 14:08:00-04:00,740.6099853515625,740.6900024414062,740.556884765625,740.6099853515625,54874,0.0,0.0,0.0
2026-09-23 14:09:00-04:00,740.6076049804688,740.6076049804688,740.4099731445312,740.52001953125,31546,0.0,0.0,0.0
2026-09-23 14:10:00-04:00,740.5180053710938,740.7000122070312,740.5,740.510009765625,66420,0.0,0.0,0.0
2026-09-23 14:11:00-04:00,740.47998046875,740.6400146484375,740.47998046875,740.5449829101562,83162,0.0,0.0,0.0
2026-09-23 14:12:00-04:00,740.5850219726562,740.5850219726562,740.4705200195312,740.5499267578125,58712,0.0,0.0,0.0
2026-09-23 14:13:00-04:00,740.5850219726562,740.6799926757812,740.5399780273438,740.614990234375,42807,0.0,0.0,0.0
2026-09-23 14:14:00-04:00,740.6300048828125,740.7000122070312,740.5700073242188,740.6900024414062,36084,0.0,0.0,0.0
2026-09-23 14:15:00-04:00,740.7000122070312,740.8300170898438,740.5999755859375,740.7999877929688,59495,0.0,0.0,0.0
2026-09-23 14:16:00-04:00,740.8250122070312,740.989990234375,740.739990234375,740.7849731445312,61392,0.0,0.0,0.0
2026-09-23 14:17:00-04:00,740.7899780273438,741.010009765625,740.7899780273438,741.010009765625,77385,0.0,0.0,0.0
2026-09-23 14:18:00-04:00,741.010009765625,741.239990234375,740.97998046875,741.2374267578125,50853,0.0,0.0,0.0
2026-09-23 14:19:00-04:00,741.239990234375,741.2550048828125,740.989990234375,741.0700073242188,54891,0.0,0.0,0.0
2026-09-23 14:20:00-04:00,741.030029296875,741.0900268554688,740.9500122070312,741.0,57915,0.0,0.0,0.0
2026-09-23 14:21:00-04:00,740.969970703125,741.010009765625,740.75,740.8250122070312,46307,0.0,0.0,0.0
2026-09-23 14:22:00-04:00,740.8250122070312,740.9099731445312,740.8200073242188,740.8798828125,37394,0.0,0.0,0.0
2026-09-23 14:23:00-04:00,740.864990234375,741.0200805664062,740.7449951171875,740.9749755859375,36105,0.0,0.0,0.0
2026-09-23 14:24:00-04:00,740.969970703125,741.0750122070312,740.9500122070312,741.0549926757812,34596,0.0,0.0,0.0
2026-09-23 14:25:00-04:00,741.0650024414062,741.1400146484375,740.9249877929688,740.9249877929688,34777,0.0,0.0,0.0
2026-09-23 14:26:00-04:00,740.9299926757812,741.0698852539062,740.9199829101562,740.9400024414062,31750,0.0,0.0,0.0
2026-09-23 14:27:00-04:00,740.9600219726562,741.1300048828125,740.9600219726562,740.989990234375,77434,0.0,0.0,0.0
2026-09-23 14:28:00-04:00,740.989990234375,741.02001953125,740.880126953125,740.9500122070312,30976,0.0,0.0,0.0
2026-09-23 14:29:00-04:00,740.969970703125,741.02001953125,740.844970703125,740.9365234375,20483,0.0,0.0,0.0
2026-09-23 14:30:00-04:00,740.9349975585938,740.969970703125,740.6719970703125,740.6719970703125,32737,0.0,0.0,0.0
2026-09-23 14:31:00-04:00,740.7000122070312,740.7349853515625,740.5800170898438,740.7000122070312,35105,0.0,0.0,0.0
2026-09-23 14:32:00-04:00,740.6749877929688,740.7449951171875,740.611572265625,740.739990234375,35336,0.0,0.0,0.0
2026-09-23 14:33:00-04:00,740.7449951171875,740.7750244140625,740.6749877929688,740.6950073242188,16247,0.0,0.0,0.0
2026-09-23 14:34:00-04:00,740.7000122070312,740.8200073242188,740.5700073242188,740.72998046875,19963,0.0,0.0,0.0
2026-09-23 14:35:00-04:00,740.760009765625,740.8800048828125,740.75,740.8200073242188,13816,0.0,0.0,0.0
2026-09-23 14:36:00-04:00,740.80126953125,740.85009765625,740.6799926757812,740.6799926757812,37937,0.0,0.0,0.0
2026-09-23 14:37:00-04:00,740.6599731445312,740.6599731445312,740.4425048828125,740.4500122070312,27944,0.0,0.0,0.0
2026-09-23 14:38:00-04:00,740.4349975585938,740.4500122070312,740.219970703125,740.3400268554688,53449,0.0,0.0,0.0
2026-09-23 14:39:00-04:00,740.3350219726562,740.4099731445312,740.260009765625,740.3400268554688,42269,0.0,0.0,0.0
2026-09-23 14:40:00-04:00,740.3300170898438,740.5573120117188,740.3300170898438,740.52001953125,27318,0.0,0.0,0.0
2026-09-23 14:41:00-04:00,740.489990234375,740.6199951171875,740.4099731445312,740.4500122070312,15314,0.0,0.0,0.0
2026-09-23 14:42:00-04:00,740.4500122070312,740.6500244140625,740.4500122070312,740.5999755859375,39230,0.0,0.0,0.0
2026-09-23 14:43:00-04:00,740.6749877929688,740.8150024414062,740.6699829101562,740.7449951171875,12615,0.0,0.0,0.0
2026-09-23 14:44:00-04:00,740.75,740.77001953125,740.6699829101562,740.6799926757812,15492,0.0,0.0,0.0
2026-09-23 14:45:00-04:00,740.719970703125,740.72998046875,740.6300048828125,740.6799926757812,9392,0.0,0.0,0.0
2026-09-23 14:46:00-04:00,740.6599731445312,740.7050170898438,740.5499877929688,740.6099243164062,11288,0.0,0.0,0.0
2026-09-23 14:47:00-04:00,740.5900268554688,740.739990234375,740.5900268554688,740.6400146484375,11195,0.0,0.0,0.0
2026-09-23 14:48:00-04:00,740.64990234375,740.9400024414062,740.6057739257812,740.9299926757812,18744,0.0,0.0,0.0
2026-09-23 14:49:00-04:00,740.9400024414062,741.0650024414062,740.9299926757812,741.0499877929688,71986,0.0,0.0,0.0
2026-09-23 14:50:00-04:00,741.0599975585938,741.1799926757812,740.9666137695312,740.97998046875,109604,0.0,0.0,0.0
2026-09-23 14:51:00-04:00,740.989990234375,741.02001953125,740.9199829101562,740.969970703125,13019,0.0,0.0,0.0
2026-09-23 14:52:00-04:00,740.969970703125,741.0,740.6701049804688,740.7249755859375,31394,0.0,0.0,0.0
2026-09-23 14:53:00-04:00,740.719970703125,740.8723754882812,740.6900024414062,740.8499755859375,19035,0.0,0.0,0.0
2026-09-23 14:54:00-04:00,740.8599853515625,740.8599853515625,740.7100219726562,740.719970703125,5552,0.0,0.0,0.0
2026-09-23 14:55:00-04:00,740.75,741.0499877929688,740.719970703125,741.0349731445312,26084,0.0,0.0,0.0
2026-09-23 14:56:00-04:00,741.0499877929688,741.0800170898438,741.010009765625,741.0599975585938,42674,0.0,0.0,0.0
2026-09-23 14:57:00-04:00,741.0549926757812,741.0800170898438,740.97998046875,741.0700073242188,20809,0.0,0.0,0.0
2026-09-23 14:58:00-04:00,741.0900268554688,741.1300048828125,741.0399780273438,741.0700073242188,10924,0.0,0.0,0.0
2026-09-23 14:59:00-04:00,741.1099853515625,741.1500244140625,741.0,741.02001953125,30291,0.0,0.0,0.0
2026-09-23 15:00:00-04:00,741.0449829101562,741.0700073242188,740.8200073242188,741.0399780273438,18793,0.0,0.0,0.0
2026-09-23 15:01:00-04:00,741.0599975585938,741.1663208007812,740.989990234375,741.010009765625,26649,0.0,0.0,0.0
2026-09-23 15:02:00-04:00,741.0,741.0650024414062,740.9099731445312,740.9594116210938,11213,0.0,0.0,0.0
2026-09-23 15:03:00-04:00,740.969970703125,740.9749755859375,740.5800170898438,740.5999755859375,20122,0.0,0.0,0.0
2026-09-23 15:04:00-04:00,740.5999755859375,740.7000122070312,740.5900268554688,740.6099243164062,15235,0.0,0.0,0.0
2026-09-23 15:05:00-04:00,740.6199951171875,740.7789916992188,740.5700073242188,740.73388671875,35185,0.0,0.0,0.0
2026-09-23 15:06:00-04:00,740.7150268554688,741.0599975585938,740.6799926757812,741.0487060546875,17504,0.0,0.0,0.0
2026-09-23 15:07:00-04:00,741.0700073242188,741.47998046875,741.0601196289062,741.3839111328125,47190,0.0,0.0,0.0
2026-09-23 15:08:00-04:00,741.3800048828125,741.5296020507812,741.3499755859375,741.469970703125,22829,0.0,0.0,0.0
2026-09-23 15:09:00-04:00,741.4603881835938,741.4899291992188,741.14501953125,741.25,35105,0.0,0.0,0.0
2026-09-23 15:10:00-04:00,741.222412109375,741.3300170898438,741.155029296875,741.1699829101562,138984,0.0,0.0,0.0
2026-09-23 15:11:00-04:00,741.1699829101562,741.2899780273438,741.1400146484375,741.2100219726562,30231,0.0,0.0,0.0
2026-09-23 15:12:00-04:00,741.25,741.25,740.9600219726562,740.9849853515625,37699,0.0,0.0,0.0
2026-09-23 15:13:00-04:00,740.9400024414062,741.0250244140625,740.8121948242188,741.0250244140625,25496,0.0,0.0,0.0
2026-09-23 15:14:00-04:00,741.0399169921875,741.0599975585938,740.969970703125,741.0250244140625,127148,0.0,0.0,0.0
2026-09-23 15:15:00-04:00,741.0549926757812,741.0999755859375,740.6799926757812,740.6950073242188,18869,0.0,0.0,0.0
2026-09-23 15:16:00-04:00,740.6900024414062,740.6950073242188,740.5250244140625,740.6099853515625,54737,0.0,0.0,0.0
2026-09-23 15:17:00-04:00,740.5999755859375,740.6801147460938,740.5599975585938,740.6799926757812,282721,0.0,0.0,0.0
2026-09-23 15:18:00-04:00,740.6799926757812,740.85498046875,740.6400756835938,740.8400268554688,43409,0.0,0.0,0.0
2026-09-23 15:19:00-04:00,740.8400268554688,740.9000244140625,740.739990234375,740.7630004882812,15215,0.0,0.0,0.0
2026-09-23 15:20:00-04:00,740.739990234375,740.7449951171875,740.5800170898438,740.6500244140625,12102,0.0,0.0,0.0
2026-09-23 15:21:00-04:00,740.6400146484375,740.6900024414062,740.530029296875,740.6649780273438,20843,0.0,0.0,0.0
2026-09-23 15:22:00-04:00,740.6654052734375,740.6699829101562,740.5900268554688,740.6099853515625,30042,0.0,0.0,0.0
2026-09-23 15:23:00-04:00,740.6500244140625,740.739990234375,740.6300048828125,740.6599731445312,31121,0.0,0.0,0.0
2026-09-23 15:24:00-04:00,740.6599731445312,740.7114868164062,740.5900268554688,740.7114868164062,15997,0.0,0.0,0.0
2026-09-23 15:25:00-04:00,740.719970703125,740.89990234375,740.6300048828125,740.6500244140625,32678,0.0,0.0,0.0
2026-09-23 15:26:00-04:00,740.6699829101562,740.7899780273438,740.6199951171875,740.6298217773438,35933,0.0,0.0,0.0
2026-09-23 15:27:00-04:00,740.6400146484375,740.8200073242188,740.6099853515625,740.739990234375,41173,0.0,0.0,0.0
2026-09-23 15:28:00-04:00,740.739990234375,740.8499755859375,740.719970703125,740.7550048828125,27145,0.0,0.0,0.0
2026-09-23 15:29:00-04:00,740.739990234375,740.8200073242188,740.6799926757812,740.780029296875,41292,0.0,0.0,0.0
2026-09-23 15:30:00-04:00,740.8099975585938,740.9570922851562,740.6690063476562,740.7999877929688,57813,0.0,0.0,0.0
2026-09-23 15:31:00-04:00,740.7999877929688,740.8800048828125,740.7150268554688,740.8115844726562,141368,0.0,0.0,0.0
2026-09-23 15:32:00-04:00,740.8150024414062,741.030029296875,740.7999877929688,741.010009765625,46529,0.0,0.0,0.0
2026-09-23 15:33:00-04:00,741.0349731445312,741.22998046875,741.0,741.1600952148438,49499,0.0,0.0,0.0
2026-09-23 15:34:00-04:00,741.1599731445312,741.3300170898438,741.1599731445312,741.2999877929688,130888,0.0,0.0,0.0
2026-09-23 15:35:00-04:00,741.260009765625,741.260009765625,741.0,741.1199951171875,57431,0.0,0.0,0.0
2026-09-23 15:36:00-04:00,741.10498046875,741.1900024414062,741.0800170898438,741.0999755859375,30191,0.0,0.0,0.0
2026-09-23 15:37:00-04:00,741.0800170898438,741.1199951171875,740.9600219726562,741.0700073242188,31300,0.0,0.0,0.0
2026-09-23 15:38:00-04:00,741.0700073242188,741.0700073242188,740.9099731445312,740.9099731445312,23270,0.0,0.0,0.0
2026-09-23 15:39:00-04:00,740.9099731445312,741.1278076171875,740.9000244140625,741.0800170898438,240366,0.0,0.0,0.0
2026-09-23 15:40:00-04:00,741.0880126953125,741.219970703125,741.0599975585938,741.0800170898438,31558,0.0,0.0,0.0
2026-09-23 15:41:00-04:00,741.0700073242188,741.0700073242188,740.8599853515625,740.8900146484375,41100,0.0,0.0,0.0
2026-09-23 15:42:00-04:00,740.8699951171875,740.8800048828125,740.4199829101562,740.4199829101562,60601,0.0,0.0,0.0
2026-09-23 15:43:00-04:00,740.4299926757812,740.4949951171875,740.219970703125,740.4949951171875,75574,0.0,0.0,0.0
2026-09-23 15:44:00-04:00,740.5,740.6694946289062,740.443115234375,740.6500244140625,306712,0.0,0.0,0.0
2026-09-23 15:45:00-04:00,740.6400146484375,740.75,740.5900268554688,740.739990234375,45222,0.0,0.0,0.0
2026-09-23 15:46:00-04:00,740.739990234375,740.7899780273438,740.5549926757812,740.72998046875,44018,0.0,0.0,0.0
2026-09-23 15:47:00-04:00,740.72998046875,741.0499267578125,740.7000122070312,741.0499267578125,104801,0.0,0.0,0.0
2026-09-23 15:48:00-04:00,741.02001953125,741.0499877929688,740.9000244140625,740.9949951171875,49162,0.0,0.0,0.0
2026-09-23 15:49:00-04:00,741.0,741.1300048828125,740.9400024414062,741.119873046875,51017,0.0,0.0,0.0
2026-09-23 15:50:00-04:00,741.1099853515625,741.1300048828125,740.1699829101562,740.37060546875,163607,0.0,0.0,0.0
2026-09-23 15:51:00-04:00,740.3800048828125,740.4924926757812,740.030029296875,740.0499877929688,142304,0.0,0.0,0.0
2026-09-23 15:52:00-04:00,740.0599975585938,740.11181640625,739.77001953125,739.875,111159,0.0,0.0,0.0
2026-09-23 15:53:00-04:00,739.9000244140625,740.2949829101562,739.8599853515625,740.2949829101562,146339,0.0,0.0,0.0
2026-09-23 15:54:00-04:00,740.2999877929688,740.405029296875,739.9400024414062,739.969970703125,301465,0.0,0.0,0.0
2026-09-23 15:55:00-04:00,739.969970703125,740.8400268554688,739.969970703125,740.5900268554688,139120,0.0,0.0,0.0
2026-09-23 15:56:00-04:00,740.5999755859375,740.6500244140625,740.3698120117188,740.5800170898438,95634,0.0,0.0,0.0
2026-09-23 15:57:00-04:00,740.594970703125,741.0,740.5599975585938,740.8250122070312,135608,0.0,0.0,0.0
2026-09-23 15:58:00-04:00,740.8150024414062,740.97998046875,740.739990234375,740.9000244140625,581599,0.0,0.0,0.0
2026-09-23 15:59:00-04:00,740.8900146484375,741.4000244140625,740.6199951171875,741.1699829101562,541812,0.0,0.0,0.0
2026-09-24 09:30:00-04:00,735.1599731445312,735.5599975585938,734.630126953125,735.0700073242188,2848515,0.0,0.0,0.0
2026-09-24 09:31:00-04:00,735.1300048828125,735.3200073242188,734.780029296875,735.3200073242188,239812,0.0,0.0,0.0
2026-09-24 09:32:00-04:00,735.4199829101562,735.8250122070312,734.9201049804688,734.9201049804688,113617,0.0,0.0,0.0
2026-09-24 09:33:00-04:00,734.9550170898438,735.5999755859375,734.8800048828125,735.4400024414062,103373,0.0,0.0,0.0
2026-09-24 09:34:00-04:00,735.4000244140625,736.02001953125,735.2899780273438,735.7899780273438,109595,0.0,0.0,0.0
2026-09-24 09:35:00-04:00,735.7899780273438,736.4000244140625,735.6799926757812,736.25,124608,0.0,0.0,0.0
2026-09-24 09:36:00-04:00,736.2899780273438,737.0399169921875,736.2899780273438,736.739990234375,103324,0.0,0.0,0.0
2026-09-24 09:37:00-04:00,736.77001953125,736.9041137695312,736.385009765625,736.89501953125,112415,0.0,0.0,0.0
2026-09-24 09:38:00-04:00,736.8900146484375,737.3800048828125,736.8499755859375,737.3673706054688,78599,0.0,0.0,0.0
2026-09-24 09:39:00-04:00,737.3400268554688,737.3400268554688,737.010009765625,737.1300048828125,103351,0.0,0.0,0.0
2026-09-24 09:40:00-04:00,737.114990234375,737.1400146484375,736.6718139648438,737.010009765625,140098,0.0,0.0,0.0
2026-09-24 09:41:00-04:00,737.010009765625,737.1400146484375,736.3250122070312,736.330078125,58949,0.0,0.0,0.0
2026-09-24 09:42:00-04:00,736.4099731445312,736.7949829101562,736.260009765625,736.3820190429688,86451,0.0,0.0,0.0
2026-09-24 09:43:00-04:00,736.3900146484375,736.6900024414062,736.3250122070312,736.6500244140625,110866,0.0,0.0,0.0
2026-09-24 09:44:00-04:00,736.6099853515625,736.8900146484375,736.5001831054688,736.8350219726562,133132,0.0,0.0,0.0
2026-09-24 09:45:00-04:00,736.8099975585938,737.1699829101562,736.510009765625,737.0800170898438,64444,0.0,0.0,0.0
2026-09-24 09:46:00-04:00,737.010009765625,737.4157104492188,736.9099731445312,737.3099975585938,95902,0.0,0.0,0.0
2026-09-24 09:47:00-04:00,737.2999877929688,737.77001953125,737.260009765625,737.6199951171875,94088,0.0,0.0,0.0
2026-09-24 09:48:00-04:00,737.5999755859375,737.6300048828125,736.8200073242188,736.8900146484375,222537,0.0,0.0,0.0
2026-09-24 09:49:00-04:00,736.8800048828125,736.89501953125,736.4199829101562,736.6500244140625,76009,0.0,0.0,0.0
2026-09-24 09:50:00-04:00,736.7000122070312,736.89501953125,736.4199829101562,736.6500244140625,89931,0.0,0.0,0.0
2026-09-24 09:51:00-04:00,736.614990234375,736.9500122070312,736.3331298828125,736.3599853515625,46929,0.0,0.0,0.0
2026-09-24 09:52:00-04:00,736.430419921875,736.875,736.3400268554688,736.6300048828125,43792,0.0,0.0,0.0
2026-09-24 09:53:00-04:00,736.6699829101562,736.6849975585938,736.2349853515625,736.260009765625,71609,0.0,0.0,0.0
2026-09-24 09:54:00-04:00,736.2100219726562,736.3200073242188,735.6699829101562,735.8989868164062,64363,0.0,0.0,0.0
2026-09-24 09:55:00-04:00,735.9199829101562,736.280029296875,735.8599853515625,735.9000244140625,41505,0.0,0.0,0.0
2026-09-24 09:56:00-04:00,735.7999877929688,736.030029296875,735.5800170898438,736.030029296875,51086,0.0,0.0,0.0
2026-09-24 09:57:00-04:00,735.9500122070312,736.2005004882812,735.9450073242188,735.969970703125,50227,0.0,0.0,0.0
2026-09-24 09:58:00-04:00,736.0599975585938,736.3900146484375,735.9299926757812,736.25,42418,0.0,0.0,0.0
2026-09-24 09:59:00-04:00,736.260009765625,736.7899780273438,736.2150268554688,736.72802734375,52391,0.0,0.0,0.0
2026-09-24 10:00:00-04:00,736.7072143554688,737.397705078125,736.52001953125,737.1400146484375,85658,0.0,0.0,0.0
2026-09-24 10:01:00-04:00,737.1599731445312,737.4400024414062,736.7999877929688,736.8184814453125,46196,0.0,0.0,0.0
2026-09-24 10:02:00-04:00,736.7901000976562,737.1091918945312,736.75,736.9600219726562,34546,0.0,0.0,0.0
2026-09-24 10:03:00-04:00,736.969970703125,737.2294921875,736.9201049804688,737.2294921875,39636,0.0,0.0,0.0
2026-09-24 10:04:00-04:00,737.219970703125,737.4650268554688,737.0999755859375,737.3699951171875,63767,0.0,0.0,0.0
2026-09-24 10:05:00-04:00,737.3800048828125,737.47998046875,737.2050170898438,737.3400268554688,40190,0.0,0.0,0.0
2026-09-24 10:06:00-04:00,737.3137817382812,737.3400268554688,737.0150146484375,737.1400146484375,43175,0.0,0.0,0.0
2026-09-24 10:07:00-04:00,737.1600952148438,737.5900268554688,737.0800170898438,737.5499877929688,48149,0.0,0.0,0.0
2026-09-24 10:08:00-04:00,737.5,737.5250244140625,737.1569213867188,737.280029296875,30438,0.0,0.0,0.0
2026-09-24 10:09:00-04:00,737.1900024414062,737.39501953125,737.1900024414062,737.2000122070312,29919,0.0,0.0,0.0
2026-09-24 10:10:00-04:00,737.2150268554688,737.2150268554688,736.75,737.0800170898438,46705,0.0,0.0,0.0
2026-09-24 10:11:00-04:00,737.0900268554688,737.0900268554688,736.5499877929688,736.5900268554688,63016,0.0,0.0,0.0
2026-09-24 10:12:00-04:00,736.552490234375,736.6400146484375,736.4199829101562,736.5050048828125,38482,0.0,0.0,0.0
2026-09-24 10:13:00-04:00,736.489990234375,736.8049926757812,736.469970703125,736.719970703125,31164,0.0,0.0,0.0
2026-09-24 10:14:00-04:00,736.7449951171875,736.9099731445312,736.719970703125,736.9099731445312,36458,0.0,0.0,0.0
2026-09-24 10:15:00-04:00,736.885009765625,737.0999755859375,736.510009765625,736.5900268554688,31272,0.0,0.0,0.0
2026-09-24 10:16:00-04:00,736.530029296875,736.780029296875,736.4400024414062,736.6799926757812,29065,0.0,0.0,0.0
2026-09-24 10:17:00-04:00,736.75,736.8499755859375,736.3499755859375,736.6174926757812,37690,0.0,0.0,0.0
2026-09-24 10:18:00-04:00,736.6400146484375,737.1699829101562,736.5999755859375,737.1099853515625,49799,0.0,0.0,0.0
2026-09-24 10:19:00-04:00,737.10009765625,737.239990234375,736.9500122070312,737.1300048828125,19803,0.0,0.0,0.0
2026-09-24 10:20:00-04:00,737.1199951171875,737.2750244140625,736.969970703125,737.2000122070312,45080,0.0,0.0,0.0
2026-09-24 10:21:00-04:00,737.1900024414062,737.3599853515625,737.0399780273438,737.0399780273438,23778,0.0,0.0,0.0
2026-09-24 10:22:00-04:00,737.0349731445312,737.22998046875,736.989990234375,737.097412109375,34639,0.0,0.0,0.0
2026-09-24 10:23:00-04:00,737.1300048828125,737.5900268554688,737.1300048828125,737.3900146484375,60030,0.0,0.0,0.0
2026-09-24 10:24:00-04:00,737.4099731445312,737.510009765625,737.1500244140625,737.27001953125,27229,0.0,0.0,0.0
2026-09-24 10:25:00-04:00,737.2501220703125,737.510009765625,737.1099853515625,737.4149780273438,33892,0.0,0.0,0.0
2026-09-24 10:26:00-04:00,737.469970703125,737.5700073242188,737.4299926757812,737.489990234375,23385,0.0,0.0,0.0
2026-09-24 10:27:00-04:00,737.6380004882812,738.0900268554688,737.4299926757812,738.0899047851562,64237,0.0,0.0,0.0
2026-09-24 10:28:00-04:00,738.0900268554688,738.0999145507812,737.8599853515625,737.9710083007812,57152,0.0,0.0,0.0
2026-09-24 10:29:00-04:00,737.9600830078125,738.0499877929688,737.6500244140625,737.8900146484375,52092,0.0,0.0,0.0
2026-09-24 10:30:00-04:00,737.8699951171875,737.8900146484375,737.2899780273438,737.3699951171875,87891,0.0,0.0,0.0
2026-09-24 10:31:00-04:00,737.3699951171875,737.5800170898438,737.3499755859375,737.4600219726562,48278,0.0,0.0,0.0
2026-09-24 10:32:00-04:00,737.469970703125,737.7697143554688,737.4050903320312,737.4299926757812,37221,0.0,0.0,0.0
2026-09-24 10:33:00-04:00,737.52001953125,737.8499755859375,737.3900146484375,737.6500854492188,34365,0.0,0.0,0.0
2026-09-24 10:34:00-04:00,737.6699829101562,737.9949951171875,737.6699829101562,737.97998046875,20607,0.0,0.0,0.0
2026-09-24 10:35:00-04:00,737.9400024414062,738.1599731445312,737.7000122070312,738.1099853515625,25924,0.0,0.0,0.0
2026-09-24 10:36:00-04:00,738.030029296875,738.030029296875,737.405029296875,737.5399780273438,35640,0.0,0.0,0.0
2026-09-24 10:37:00-04:00,737.5620727539062,737.7100219726562,737.4099731445312,737.4500122070312,23132,0.0,0.0,0.0
2026-09-24 10:38:00-04:00,737.5,737.6300048828125,737.3300170898438,737.3699951171875,23432,0.0,0.0,0.0
2026-09-24 10:39:00-04:00,737.3699951171875,737.5700073242188,737.1998901367188,737.4299926757812,38849,0.0,0.0,0.0
2026-09-24 10:40:00-04:00,737.4299926757812,737.5499877929688,737.3200073242188,737.3499755859375,65932,0.0,0.0,0.0
2026-09-24 10:41:00-04:00,737.3701782226562,737.39501953125,737.2000122070312,737.2000122070312,30787,0.0,0.0,0.0
2026-09-24 10:42:00-04:00,737.1912231445312,737.5999755859375,737.1900024414062,737.25,28394,0.0,0.0,0.0
2026-09-24 10:43:00-04:00,737.3099975585938,737.3099975585938,736.9299926757812,736.9600219726562,58351,0.0,0.0,0.0
2026-09-24 10:44:00-04:00,736.9400024414062,736.969970703125,736.6019897460938,736.7550048828125,41264,0.0,0.0,0.0
2026-09-24 10:45:00-04:00,736.75,736.8200073242188,736.5999755859375,736.7000122070312,53820,0.0,0.0,0.0
2026-09-24 10:46:00-04:00,736.6500244140625,736.8800048828125,736.530029296875,736.8800048828125,137454,0.0,0.0,0.0
2026-09-24 10:47:00-04:00,736.9000244140625,737.39990234375,736.853515625,737.3250122070312,33781,0.0,0.0,0.0
2026-09-24 10:48:00-04:00,737.3300170898438,737.3765869140625,737.0601196289062,737.0800170898438,15322,0.0,0.0,0.0
2026-09-24 10:49:00-04:00,737.0700073242188,737.1898193359375,736.9450073242188,737.0501098632812,15382,0.0,0.0,0.0
2026-09-24 10:50:00-04:00,737.030029296875,737.510009765625,736.97998046875,736.97998046875,48182,0.0,0.0,0.0
2026-09-24 10:51:00-04:00,736.989990234375,737.0800170898438,736.7949829101562,736.9199829101562,77331,0.0,0.0,0.0
2026-09-24 10:52:00-04:00,736.9199829101562,737.010009765625,736.5999755859375,736.6699829101562,32958,0.0,0.0,0.0
2026-09-24 10:53:00-04:00,736.5700073242188,736.6099853515625,736.219970703125,736.5512084960938,46822,0.0,0.0,0.0
2026-09-24 10:54:00-04:00,736.5900268554688,736.6099853515625,736.2985229492188,736.4000244140625,27288,0.0,0.0,0.0
2026-09-24 10:55:00-04:00,736.3800048828125,736.4000244140625,735.9219970703125,735.9299926757812,64946,0.0,0.0,0.0
2026-09-24 10:56:00-04:00,735.9299926757812,736.0700073242188,735.9000244140625,736.0599975585938,44658,0.0,0.0,0.0
2026-09-24 10:57:00-04:00,736.0700073242188,736.1099243164062,735.7849731445312,735.969970703125,30968,0.0,0.0,0.0
2026-09-24 10:58:00-04:00,735.9400024414062,735.969970703125,735.6610107421875,735.8099975585938,38516,0.0,0.0,0.0
2026-09-24 10:59:00-04:00,735.8699951171875,735.9199829101562,735.6400146484375,735.8499755859375,48377,0.0,0.0,0.0
2026-09-24 11:00:00-04:00,735.8499755859375,736.0800170898438,735.80029296875,735.9000244140625,47863,0.0,0.0,0.0
2026-09-24 11:01:00-04:00,735.9000244140625,736.0399780273438,735.8800048828125,735.9299926757812,43669,0.0,0.0,0.0
2026-09-24 11:02:00-04:00,735.97998046875,736.5,735.9349975585938,736.0499267578125,59100,0.0,0.0,0.0
2026-09-24 11:03:00-04:00,736.0599975585938,736.3200073242188,735.9099731445312,736.3200073242188,29256,0.0,0.0,0.0
2026-09-24 11:04:00-04:00,736.3900146484375,736.5700073242188,736.030029296875,736.0999755859375,44635,0.0,0.0,0.0
2026-09-24 11:05:00-04:00,736.0599975585938,736.2000122070312,735.826416015625,735.8699951171875,46794,0.0,0.0,0.0
2026-09-24 11:06:00-04:00,735.8699951171875,736.0798950195312,735.6199951171875,735.6489868164062,79695,0.0,0.0,0.0
2026-09-24 11:07:00-04:00,735.6400146484375,735.6400146484375,735.4000244140625,735.510009765625,48279,0.0,0.0,0.0
2026-09-24 11:08:00-04:00,735.52001953125,735.7399291992188,735.4650268554688,735.6799926757812,44472,0.0,0.0,0.0
2026-09-24 11:09:00-04:00,735.6300048828125,735.6300048828125,735.1801147460938,735.2100219726562,67463,0.0,0.0,0.0
2026-09-24 11:10:00-04:00,735.2100219726562,735.489990234375,735.2100219726562,735.4500122070312,53098,0.0,0.0,0.0
2026-09-24 11:11:00-04:00,735.4390258789062,735.5499877929688,735.3900146484375,735.5399780273438,47376,0.0,0.0,0.0
2026-09-24 11:12:00-04:00,735.5289916992188,735.7299194335938,735.27001953125,735.2999877929688,181225,0.0,0.0,0.0
2026-09-24 11:13:00-04:00,735.2899780273438,735.3499755859375,734.97998046875,735.1300048828125,52687,0.0,0.0,0.0
2026-09-24 11:14:00-04:00,735.1500244140625,735.27001953125,734.9500122070312,735.0900268554688,67932,0.0,0.0,0.0
2026-09-24 11:15:00-04:00,735.0700073242188,735.3699951171875,734.969970703125,735.2879028320312,57626,0.0,0.0,0.0
2026-09-24 11:16:00-04:00,735.3001098632812,735.9299926757812,735.22998046875,735.72998046875,82758,0.0,0.0,0.0
2026-09-24 11:17:00-04:00,735.7100219726562,735.9400024414062,735.5,735.75,62031,0.0,0.0,0.0
2026-09-24 11:18:00-04:00,735.7606201171875,735.7606201171875,735.2249755859375,735.385009765625,22321,0.0,0.0,0.0
2026-09-24 11:19:00-04:00,735.4000244140625,735.4199829101562,735.1599731445312,735.2698974609375,24564,0.0,0.0,0.0
2026-09-24 11:20:00-04:00,735.2550048828125,735.2999877929688,735.0750122070312,735.219970703125,35796,0.0,0.0,0.0
2026-09-24 11:21:00-04:00,735.22998046875,735.530029296875,735.2100219726562,735.5,34039,0.0,0.0,0.0
2026-09-24 11:22:00-04:00,735.4998779296875,735.60498046875,735.3599853515625,735.5900268554688,40351,0.0,0.0,0.0
2026-09-24 11:23:00-04:00,735.6079711914062,735.9299926757812,735.5399780273438,735.8599853515625,49756,0.0,0.0,0.0
2026-09-24 11:24:00-04:00,735.8720703125,736.2100219726562,735.8717041015625,736.1099853515625,39392,0.0,0.0,0.0
2026-09-24 11:25:00-04:00,736.1300048828125,736.1409912109375,735.52001953125,735.5800170898438,36024,0.0,0.0,0.0
2026-09-24 11:26:00-04:00,735.5850219726562,735.6384887695312,735.2899780273438,735.3399047851562,25381,0.0,0.0,0.0
2026-09-24 11:27:00-04:00,735.3400268554688,735.3604125976562,735.2000122070312,735.3099975585938,18021,0.0,0.0,0.0
2026-09-24 11:28:00-04:00,735.2999877929688,735.3400268554688,735.0599975585938,735.0800170898438,19478,0.0,0.0,0.0
2026-09-24 11:29:00-04:00,735.0700073242188,735.2100219726562,735.010009765625,735.1599731445312,18996,0.0,0.0,0.0
2026-09-24 11:30:00-04:00,735.1599731445312,735.260009765625,734.9349975585938,734.97998046875,29572,0.0,0.0,0.0
2026-09-24 11:31:00-04:00,735.0,735.1900024414062,734.969970703125,735.0499877929688,34288,0.0,0.0,0.0
2026-09-24 11:32:00-04:00,735.0499877929688,735.2999877929688,734.9000244140625,735.1599731445312,54406,0.0,0.0,0.0
2026-09-24 11:33:00-04:00,735.239990234375,735.3300170898438,735.1199951171875,735.2999877929688,414218,0.0,0.0,0.0
2026-09-24 11:34:00-04:00,735.2899780273438,735.4400024414062,735.2634887695312,735.3599853515625,42447,0.0,0.0,0.0
2026-09-24 11:35:00-04:00,735.3200073242188,735.6900024414062,735.3099975585938,735.5499877929688,72503,0.0,0.0,0.0
2026-09-24 11:36:00-04:00,735.5750122070312,735.8300170898438,735.5599975585938,735.635009765625,28052,0.0,0.0,0.0
2026-09-24 11:37:00-04:00,735.6599731445312,735.8099975585938,735.64501953125,735.7650756835938,21621,0.0,0.0,0.0
2026-09-24 11:38:00-04:00,735.7891235351562,735.8446044921875,735.5504150390625,735.5504150390625,22593,0.0,0.0,0.0
2026-09-24 11:39:00-04:00,735.5172119140625,735.5499877929688,735.1900024414062,735.4100952148438,21820,0.0,0.0,0.0
2026-09-24 11:40:00-04:00,735.4650268554688,735.530029296875,735.281005859375,735.2899780273438,15443,0.0,0.0,0.0
2026-09-24 11:41:00-04:00,735.27001953125,735.5,735.2698974609375,735.4000244140625,18630,0.0,0.0,0.0
2026-09-24 11:42:00-04:00,735.3699951171875,735.4000244140625,735.0499877929688,735.1900024414062,26816,0.0,0.0,0.0
2026-09-24 11:43:00-04:00,735.1699829101562,735.47998046875,735.155029296875,735.47998046875,102558,0.0,0.0,0.0
2026-09-24 11:44:00-04:00,735.469970703125,735.7501220703125,735.469970703125,735.720703125,44779,0.0,0.0,0.0
2026-09-24 11:45:00-04:00,735.719970703125,735.97998046875,735.7100219726562,735.885009765625,39756,0.0,0.0,0.0
2026-09-24 11:46:00-04:00,735.8300170898438,735.8300170898438,735.6799926757812,735.7899780273438,32370,0.0,0.0,0.0
2026-09-24 11:47:00-04:00,735.7219848632812,735.9000244140625,735.4548950195312,735.47998046875,20732,0.0,0.0,0.0
2026-09-24 11:48:00-04:00,735.474609375,735.5599975585938,735.1500244140625,735.159912109375,28400,0.0,0.0,0.0
2026-09-24 11:49:00-04:00,735.1500244140625,735.2941284179688,734.97998046875,735.2100219726562,52339,0.0,0.0,0.0
2026-09-24 11:50:00-04:00,735.2000122070312,735.9099731445312,735.1799926757812,735.9099731445312,45414,0.0,0.0,0.0
2026-09-24 11:51:00-04:00,735.9398803710938,736.0850219726562,735.8599853515625,736.02001953125,36122,0.0,0.0,0.0
2026-09-24 11:52:00-04:00,736.010009765625,736.2899780273438,736.010009765625,736.25,48056,0.0,0.0,0.0
2026-09-24 11:53:00-04:00,736.260009765625,736.4249877929688,736.1500244140625,736.1599731445312,131832,0.0,0.0,0.0
2026-09-24 11:54:00-04:00,736.1500244140625,736.405029296875,736.0999755859375,736.3510131835938,18331,0.0,0.0,0.0
2026-09-24 11:55:00-04:00,736.4000244140625,736.4199829101562,736.2109985351562,736.2109985351562,17318,0.0,0.0,0.0
2026-09-24 11:56:00-04:00,736.1984252929688,736.2100219726562,735.9199829101562,736.1199951171875,27125,0.0,0.0,0.0
2026-09-24 11:57:00-04:00,736.0999755859375,736.1500244140625,735.9199829101562,736.069091796875,19582,0.0,0.0,0.0
2026-09-24 11:58:00-04:00,736.0700073242188,736.260009765625,736.0700073242188,736.25,13173,0.0,0.0,0.0
2026-09-24 11:59:00-04:00,736.27001953125,736.280029296875,736.0900268554688,736.1099853515625,20067,0.0,0.0,0.0
2026-09-24 12:00:00-04:00,736.0800170898438,736.1500244140625,735.4400024414062,735.510009765625,30487,0.0,0.0,0.0
2026-09-24 12:01:00-04:00,735.4600219726562,735.739990234375,735.3800048828125,735.5800170898438,31323,0.0,0.0,0.0
2026-09-24 12:02:00-04:00,735.5800170898438,735.7271118164062,735.4600219726562,735.6500854492188,28572,0.0,0.0,0.0
2026-09-24 12:03:00-04:00,735.593994140625,735.5999755859375,735.4423217773438,735.5900268554688,15075,0.0,0.0,0.0
2026-09-24 12:04:00-04:00,735.5700073242188,735.77001953125,735.47998046875,735.739990234375,13710,0.0,0.0,0.0
2026-09-24 12:05:00-04:00,735.7423706054688,735.8099975585938,735.5798950195312,735.7899780273438,18922,0.0,0.0,0.0
2026-09-24 12:06:00-04:00,735.7999877929688,735.7999877929688,735.4199829101562,735.5750122070312,31108,0.0,0.0,0.0
2026-09-24 12:07:00-04:00,735.5599975585938,735.5900268554688,735.260009765625,735.3800048828125,98007,0.0,0.0,0.0
2026-09-24 12:08:00-04:00,735.3250122070312,735.405029296875,735.2501220703125,735.3800048828125,9920,0.0,0.0,0.0
2026-09-24 12:09:00-04:00,735.3699951171875,735.419921875,735.219970703125,735.3798828125,18696,0.0,0.0,0.0
2026-09-24 12:10:00-04:00,735.3699951171875,735.4949951171875,735.3499755859375,735.39501953125,17001,0.0,0.0,0.0
2026-09-24 12:11:00-04:00,735.239990234375,735.3099975585938,735.0,735.0449829101562,31759,0.0,0.0,0.0
2026-09-24 12:12:00-04:00,735.0599975585938,735.260009765625,735.0599975585938,735.0800170898438,18583,0.0,0.0,0.0
2026-09-24 12:13:00-04:00,735.0800170898438,735.3671264648438,735.0,735.35498046875,21372,0.0,0.0,0.0
2026-09-24 12:14:00-04:00,735.3400268554688,736.3099975585938,735.3400268554688,736.2899780273438,68662,0.0,0.0,0.0
2026-09-24 12:15:00-04:00,736.22998046875,737.969970703125,736.1799926757812,737.72998046875,280922,0.0,0.0,0.0
2026-09-24 12:16:00-04:00,737.780029296875,739.9099731445312,737.6610107421875,739.5800170898438,302581,0.0,0.0,0.0
2026-09-24 12:17:00-04:00,739.469970703125,740.1699829101562,739.1699829101562,739.9000244140625,221295,0.0,0.0,0.0
2026-09-24 12:18:00-04:00,739.89501953125,740.77001953125,739.4500122070312,739.489990234375,256434,0.0,0.0,0.0
2026-09-24 12:19:00-04:00,739.469970703125,739.8499755859375,738.77001953125,739.1799926757812,231268,0.0,0.0,0.0
2026-09-24 12:20:00-04:00,739.1599731445312,739.8300170898438,739.0700073242188,739.4349975585938,161916,0.0,0.0,0.0
2026-09-24 12:21:00-04:00,739.4099731445312,739.4600219726562,738.9400024414062,739.0399780273438,108803,0.0,0.0,0.0
2026-09-24 12:22:00-04:00,739.0499877929688,739.72998046875,739.0499877929688,739.6300048828125,76382,0.0,0.0,0.0
2026-09-24 12:23:00-04:00,739.635009765625,739.7603149414062,739.2000122070312,739.3300170898438,146430,0.0,0.0,0.0
2026-09-24 12:24:00-04:00,739.280029296875,739.510009765625,739.0701293945312,739.364990234375,45701,0.0,0.0,0.0
2026-09-24 12:25:00-04:00,739.43798828125,739.5800170898438,738.5399780273438,738.5750122070312,67004,0.0,0.0,0.0
2026-09-24 12:26:00-04:00,738.5800170898438,739.02001953125,738.52001953125,738.9199829101562,39290,0.0,0.0,0.0
2026-09-24 12:27:00-04:00,738.9099731445312,739.4329833984375,738.4600219726562,739.4199829101562,80039,0.0,0.0,0.0
2026-09-24 12:28:00-04:00,739.4000244140625,739.8494873046875,739.4000244140625,739.7000122070312,294463,0.0,0.0,0.0
2026-09-24 12:29:00-04:00,739.7050170898438,739.72998046875,739.4550170898438,739.530029296875,59674,0.0,0.0,0.0
2026-09-24 12:30:00-04:00,739.5399780273438,739.6400146484375,739.3200073242188,739.5137939453125,26650,0.0,0.0,0.0
2026-09-24 12:31:00-04:00,739.5897827148438,739.6599731445312,739.0,739.0,45393,0.0,0.0,0.0
2026-09-24 12:32:00-04:00,739.010009765625,739.0499877929688,738.719970703125,738.9199829101562,108411,0.0,0.0,0.0
2026-09-24 12:33:00-04:00,738.9600219726562,739.2999877929688,738.9000244140625,739.2919921875,31413,0.0,0.0,0.0
2026-09-24 12:34:00-04:00,739.198486328125,739.2899780273438,738.9909057617188,739.2730712890625,27401,0.0,0.0,0.0
2026-09-24 12:35:00-04:00,739.2750244140625,739.739990234375,739.1599731445312,739.6702880859375,33410,0.0,0.0,0.0
2026-09-24 12:36:00-04:00,739.7050170898438,740.4199829101562,739.7050170898438,740.4199829101562,60486,0.0,0.0,0.0
2026-09-24 12:37:00-04:00,740.4400024414062,740.7691040039062,740.4357299804688,740.47998046875,114974,0.0,0.0,0.0
2026-09-24 12:38:00-04:00,740.469970703125,740.6099853515625,740.3900146484375,740.47998046875,37818,0.0,0.0,0.0
2026-09-24 12:39:00-04:00,740.5399780273438,740.72998046875,740.4500122070312,740.72998046875,37328,0.0,0.0,0.0
2026-09-24 12:40:00-04:00,740.739990234375,741.4940185546875,740.5700073242188,741.47998046875,96345,0.0,0.0,0.0
2026-09-24 12:41:00-04:00,741.47998046875,741.9000244140625,741.469970703125,741.9000244140625,126329,0.0,0.0,0.0
2026-09-24 12:42:00-04:00,741.9249877929688,742.3662109375,741.9249877929688,742.2949829101562,170629,0.0,0.0,0.0
2026-09-24 12:43:00-04:00,742.2999877929688,742.3400268554688,741.6500244140625,741.75,91179,0.0,0.0,0.0
2026-09-24 12:44:00-04:00,741.719970703125,741.8200073242188,740.7000122070312,740.72998046875,115156,0.0,0.0,0.0
2026-09-24 12:45:00-04:00,740.75,740.8300170898438,740.2360229492188,740.52001953125,112316,0.0,0.0,0.0
2026-09-24 12:46:00-04:00,740.47998046875,740.8499755859375,740.4299926757812,740.7150268554688,73371,0.0,0.0,0.0
2026-09-24 12:47:00-04:00,740.75,740.8200073242188,740.4500122070312,740.6199951171875,42029,0.0,0.0,0.0
2026-09-24 12:48:00-04:00,740.7520751953125,741.5349731445312,740.7520751953125,741.489990234375,48652,0.0,0.0,0.0
2026-09-24 12:49:00-04:00,741.469970703125,741.8400268554688,741.2999877929688,741.6849975585938,37785,0.0,0.0,0.0
2026-09-24 12:50:00-04:00,741.77001953125,741.8400268554688,741.4500732421875,741.6298828125,77161,0.0,0.0,0.0
2026-09-24 12:51:00-04:00,741.5850219726562,742.1400146484375,741.5623779296875,741.8690185546875,54345,0.0,0.0,0.0
2026-09-24 12:52:00-04:00,741.864990234375,741.9180908203125,741.1199951171875,741.1533813476562,48722,0.0,0.0,0.0
2026-09-24 12:53:00-04:00,741.2849731445312,741.2999877929688,740.8400268554688,740.9500122070312,36801,0.0,0.0,0.0
2026-09-24 12:54:00-04:00,740.9600219726562,741.3400268554688,740.8900146484375,741.1248779296875,49334,0.0,0.0,0.0
2026-09-24 12:55:00-04:00,741.1300048828125,741.47998046875,741.0750122070312,741.2750244140625,23839,0.0,0.0,0.0
2026-09-24 12:56:00-04:00,741.27001953125,742.0050048828125,741.219970703125,742.0,36393,0.0,0.0,0.0
2026-09-24 12:57:00-04:00,742.0,742.4080200195312,741.9600219726562,741.9600219726562,127941,0.0,0.0,0.0
2026-09-24 12:58:00-04:00,741.968017578125,742.159912109375,741.9299926757812,742.0125122070312,32292,0.0,0.0,0.0
2026-09-24 12:59:00-04:00,742.0399780273438,742.0399780273438,741.8099975585938,741.8599853515625,52610,0.0,0.0,0.0
2026-09-24 13:00:00-04:00,741.8599853515625,741.8599853515625,741.2380981445312,741.3499755859375,64111,0.0,0.0,0.0
2026-09-24 13:01:00-04:00,741.3499755859375,741.8900146484375,741.2999877929688,741.6699829101562,41481,0.0,0.0,0.0
2026-09-24 13:02:00-04:00,741.75,741.75,741.0700073242188,741.7100219726562,39370,0.0,0.0,0.0
2026-09-24 13:03:00-04:00,741.7940063476562,742.469970703125,741.760009765625,742.1900024414062,141096,0.0,0.0,0.0
2026-09-24 13:04:00-04:00,742.1900024414062,742.239990234375,741.719970703125,742.2000122070312,117296,0.0,0.0,0.0
2026-09-24 13:05:00-04:00,742.25,742.6500244140625,742.0900268554688,742.1514892578125,94981,0.0,0.0,0.0
2026-09-24 13:06:00-04:00,742.1599731445312,742.3599853515625,742.010009765625,742.1099853515625,48457,0.0,0.0,0.0
2026-09-24 13:07:00-04:00,742.0599975585938,742.3150024414062,741.9500122070312,741.9500122070312,54267,0.0,0.0,0.0
2026-09-24 13:08:00-04:00,741.8800048828125,742.1300048828125,741.7899780273438,742.0999755859375,35690,0.0,0.0,0.0
2026-09-24 13:09:00-04:00,742.1300048828125,742.1300048828125,741.8200073242188,741.8200073242188,17847,0.0,0.0,0.0
2026-09-24 13:10:00-04:00,741.7999877929688,741.8001098632812,741.1699829101562,741.3699951171875,81951,0.0,0.0,0.0
2026-09-24 13:11:00-04:00,741.3900146484375,741.4400024414062,741.1300048828125,741.2750244140625,43306,0.0,0.0,0.0
2026-09-24 13:12:00-04:00,741.29052734375,741.3900756835938,741.1400146484375,741.260009765625,37634,0.0,0.0,0.0
2026-09-24 13:13:00-04:00,741.1900024414062,741.5800170898438,741.010009765625,741.5800170898438,52890,0.0,0.0,0.0
2026-09-24 13:14:00-04:00,741.5700073242188,741.8995971679688,741.5399780273438,741.7899780273438,111937,0.0,0.0,0.0
2026-09-24 13:15:00-04:00,741.8400268554688,741.8400268554688,741.280029296875,741.3497924804688,16634,0.0,0.0,0.0
2026-09-24 13:16:00-04:00,741.3419799804688,741.5549926757812,741.27001953125,741.2849731445312,46671,0.0,0.0,0.0
2026-09-24 13:17:00-04:00,741.44091796875,741.5079956054688,741.1900024414062,741.1900024414062,17748,0.0,0.0,0.0
2026-09-24 13:18:00-04:00,741.1900024414062,741.7000122070312,741.1900024414062,741.5999755859375,221892,0.0,0.0,0.0
2026-09-24 13:19:00-04:00,741.5800170898438,741.5800170898438,740.719970703125,740.739990234375,65052,0.0,0.0,0.0
2026-09-24 13:20:00-04:00,740.719970703125,740.7686767578125,740.4201049804688,740.7238159179688,50732,0.0,0.0,0.0
2026-09-24 13:21:00-04:00,740.7650146484375,740.9099731445312,740.594970703125,740.7050170898438,49661,0.0,0.0,0.0
2026-09-24 13:22:00-04:00,740.739990234375,741.0599975585938,740.6699829101562,740.89501953125,37391,0.0,0.0,0.0
2026-09-24 13:23:00-04:00,740.8800048828125,741.010009765625,740.6900024414062,740.7899780273438,29707,0.0,0.0,0.0
2026-09-24 13:24:00-04:00,740.8200073242188,741.030029296875,740.414794921875,740.47998046875,23308,0.0,0.0,0.0
2026-09-24 13:25:00-04:00,740.47998046875,740.5499877929688,740.1300048828125,740.1392822265625,17354,0.0,0.0,0.0
2026-09-24 13:26:00-04:00,740.1525268554688,740.260009765625,739.6199951171875,739.7849731445312,75455,0.0,0.0,0.0
2026-09-24 13:27:00-04:00,739.72998046875,740.02001953125,739.7249755859375,739.9732055664062,28169,0.0,0.0,0.0
2026-09-24 13:28:00-04:00,739.9902954101562,740.4603271484375,739.989990234375,740.4600219726562,24487,0.0,0.0,0.0
2026-09-24 13:29:00-04:00,740.3892211914062,740.5599975585938,740.3892211914062,740.4600219726562,31026,0.0,0.0,0.0
2026-09-24 13:30:00-04:00,740.47998046875,740.9000244140625,740.4099731445312,740.8300170898438,59950,0.0,0.0,0.0
2026-09-24 13:31:00-04:00,740.8499755859375,741.0800170898438,740.719970703125,740.8900146484375,36894,0.0,0.0,0.0
2026-09-24 13:32:00-04:00,740.868408203125,740.9400024414062,740.5999755859375,740.760009765625,15075,0.0,0.0,0.0
2026-09-24 13:33:00-04:00,740.7100219726562,740.7127075195312,740.4199829101562,740.489990234375,25646,0.0,0.0,0.0
2026-09-24 13:34:00-04:00,740.52001953125,740.5299072265625,740.0349731445312,740.0399780273438,20303,0.0,0.0,0.0
2026-09-24 13:35:00-04:00,740.0599975585938,740.260009765625,739.969970703125,740.030029296875,39871,0.0,0.0,0.0
2026-09-24 13:36:00-04:00,740.010009765625,740.25,739.97998046875,740.0800170898438,47189,0.0,0.0,0.0
2026-09-24 13:37:00-04:00,740.0328979492188,740.1796264648438,739.8237915039062,739.8936767578125,24811,0.0,0.0,0.0
2026-09-24 13:38:00-04:00,739.8350219726562,739.9199829101562,739.5700073242188,739.7449951171875,23624,0.0,0.0,0.0
2026-09-24 13:39:00-04:00,739.7899780273438,740.1099853515625,739.7899780273438,739.9000854492188,18051,0.0,0.0,0.0
2026-09-24 13:40:00-04:00,739.9099731445312,740.1790161132812,739.9099731445312,740.010009765625,18627,0.0,0.0,0.0
2026-09-24 13:41:00-04:00,740.0401000976562,740.0700073242188,739.719970703125,739.8350219726562,31928,0.0,0.0,0.0
2026-09-24 13:42:00-04:00,739.9400024414062,740.1500244140625,739.7899780273438,739.8049926757812,14514,0.0,0.0,0.0
2026-09-24 13:43:00-04:00,739.8099975585938,739.8099975585938,738.97998046875,739.1599731445312,54413,0.0,0.0,0.0
2026-09-24 13:44:00-04:00,739.1300048828125,739.27001953125,738.9500122070312,738.969970703125,37017,0.0,0.0,0.0
2026-09-24 13:45:00-04:00,738.9500122070312,739.1799926757812,738.81201171875,739.1300048828125,56868,0.0,0.0,0.0
2026-09-24 13:46:00-04:00,739.1010131835938,739.469970703125,739.0900268554688,739.340087890625,23898,0.0,0.0,0.0
2026-09-24 13:47:00-04:00,739.4503784179688,739.719970703125,739.3049926757812,739.7000122070312,27450,0.0,0.0,0.0
2026-09-24 13:48:00-04:00,739.719970703125,739.7526245117188,739.4099731445312,739.489990234375,35446,0.0,0.0,0.0
2026-09-24 13:49:00-04:00,739.489990234375,739.7999877929688,739.489990234375,739.6199951171875,25567,0.0,0.0,0.0
2026-09-24 13:50:00-04:00,739.6500244140625,739.75,739.489990234375,739.5800170898438,10061,0.0,0.0,0.0
2026-09-24 13:51:00-04:00,739.5700073242188,739.6900024414062,739.4099731445312,739.4099731445312,72315,0.0,0.0,0.0
2026-09-24 13:52:00-04:00,739.4849853515625,739.6500244140625,739.22998046875,739.3200073242188,21906,0.0,0.0,0.0
2026-09-24 13:53:00-04:00,739.3499755859375,739.4500122070312,739.1400146484375,739.1500244140625,45109,0.0,0.0,0.0
2026-09-24 13:54:00-04:00,739.1699829101562,739.260009765625,738.9299926757812,739.1702270507812,29101,0.0,0.0,0.0
2026-09-24 13:55:00-04:00,739.1799926757812,739.310302734375,739.0,739.0,8109,0.0,0.0,0.0
2026-09-24 13:56:00-04:00,738.97998046875,739.6998901367188,738.9500122070312,739.5634765625,35352,0.0,0.0,0.0
2026-09-24 13:57:00-04:00,739.510009765625,739.510009765625,739.27001953125,739.4000854492188,12098,0.0,0.0,0.0
2026-09-24 13:58:00-04:00,739.4176025390625,739.4500122070312,739.1849975585938,739.4299926757812,15016,0.0,0.0,0.0
2026-09-24 13:59:00-04:00,739.4199829101562,739.739990234375,739.3858032226562,739.530029296875,31744,0.0,0.0,0.0
2026-09-24 14:00:00-04:00,739.5689697265625,739.5689697265625,739.260009765625,739.2780151367188,41809,0.0,0.0,0.0
2026-09-24 14:01:00-04:00,739.2899780273438,739.3099975585938,738.5250244140625,738.7487182617188,70785,0.0,0.0,0.0
2026-09-24 14:02:00-04:00,738.77001953125,738.77001953125,738.3499755859375,738.4099731445312,37165,0.0,0.0,0.0
2026-09-24 14:03:00-04:00,738.4000244140625,738.4000244140625,737.77001953125,738.0264892578125,66017,0.0,0.0,0.0
2026-09-24 14:04:00-04:00,738.030029296875,738.219970703125,737.760009765625,737.8283081054688,44867,0.0,0.0,0.0
2026-09-24 14:05:00-04:00,737.8499755859375,738.1834106445312,737.8300170898438,738.1110229492188,37386,0.0,0.0,0.0
2026-09-24 14:06:00-04:00,738.0800170898438,738.7000122070312,737.9299926757812,738.5411987304688,60893,0.0,0.0,0.0
2026-09-24 14:07:00-04:00,738.47998046875,738.8370971679688,738.3699951171875,738.6099853515625,43187,0.0,0.0,0.0
2026-09-24 14:08:00-04:00,738.72998046875,739.3499755859375,738.72998046875,739.0900268554688,59445,0.0,0.0,0.0
2026-09-24 14:09:00-04:00,739.1300048828125,739.3499755859375,739.0900268554688,739.168701171875,31580,0.0,0.0,0.0
2026-09-24 14:10:00-04:00,739.197509765625,739.4000244140625,739.1300048828125,739.1799926757812,24524,0.0,0.0,0.0
2026-09-24 14:11:00-04:00,739.2449951171875,739.6848754882812,739.2449951171875,739.4199829101562,54789,0.0,0.0,0.0
2026-09-24 14:12:00-04:00,739.4299926757812,739.47998046875,739.1699829101562,739.1699829101562,17806,0.0,0.0,0.0
2026-09-24 14:13:00-04:00,739.1300048828125,739.2899780273438,739.0499877929688,739.2283935546875,79633,0.0,0.0,0.0
2026-09-24 14:14:00-04:00,739.1799926757812,739.510009765625,739.1799926757812,739.4600219726562,14888,0.0,0.0,0.0
2026-09-24 14:15:00-04:00,739.469970703125,739.6599731445312,739.3599853515625,739.5900268554688,26779,0.0,0.0,0.0
2026-09-24 14:16:00-04:00,739.5700073242188,740.0499877929688,739.5700073242188,739.8900146484375,63203,0.0,0.0,0.0
2026-09-24 14:17:00-04:00,739.9600219726562,740.09912109375,739.8599853515625,740.080078125,30371,0.0,0.0,0.0
2026-09-24 14:18:00-04:00,740.0999755859375,740.2899780273438,739.8200073242188,739.885009765625,54855,0.0,0.0,0.0
2026-09-24 14:19:00-04:00,739.8300170898438,739.969970703125,739.75,739.969970703125,12787,0.0,0.0,0.0
2026-09-24 14:20:00-04:00,739.97998046875,740.030029296875,739.4500122070312,739.519775390625,29130,0.0,0.0,0.0
2026-09-24 14:21:00-04:00,739.52001953125,739.7899780273438,739.52001953125,739.77001953125,12712,0.0,0.0,0.0
2026-09-24 14:22:00-04:00,739.7899780273438,739.8800048828125,739.72998046875,739.72998046875,15659,0.0,0.0,0.0
2026-09-24 14:23:00-04:00,739.8200073242188,740.1400146484375,739.77001953125,740.0900268554688,11495,0.0,0.0,0.0
2026-09-24 14:24:00-04:00,740.0100708007812,740.0700073242188,739.9600219726562,740.0399780273438,12049,0.0,0.0,0.0
2026-09-24 14:25:00-04:00,740.010009765625,740.7000122070312,739.97998046875,740.2999877929688,117036,0.0,0.0,0.0
2026-09-24 14:26:00-04:00,740.3900756835938,740.8499755859375,740.3900756835938,740.64697265625,46360,0.0,0.0,0.0
2026-09-24 14:27:00-04:00,740.6500244140625,740.6817016601562,740.5,740.52001953125,20773,0.0,0.0,0.0
2026-09-24 14:28:00-04:00,740.530029296875,740.72998046875,740.469970703125,740.5900268554688,31174,0.0,0.0,0.0
2026-09-24 14:29:00-04:00,740.60498046875,740.6900024414062,740.489990234375,740.5650024414062,13869,0.0,0.0,0.0
2026-09-24 14:30:00-04:00,740.5850219726562,740.6799926757812,740.510009765625,740.510009765625,33701,0.0,0.0,0.0
2026-09-24 14:31:00-04:00,740.5650024414062,740.5999755859375,740.1400146484375,740.4000244140625,26740,0.0,0.0,0.0
2026-09-24 14:32:00-04:00,740.3400268554688,740.375,740.030029296875,740.1599731445312,21858,0.0,0.0,0.0
2026-09-24 14:33:00-04:00,740.2349853515625,740.3499755859375,740.2050170898438,740.2100219726562,11686,0.0,0.0,0.0
2026-09-24 14:34:00-04:00,740.25,740.3350219726562,740.02001953125,740.030029296875,21027,0.0,0.0,0.0
2026-09-24 14:35:00-04:00,740.010009765625,740.0399780273438,739.7000122070312,739.7620239257812,64096,0.0,0.0,0.0
2026-09-24 14:36:00-04:00,739.7620239257812,740.0599975585938,739.72998046875,739.9500122070312,36557,0.0,0.0,0.0
2026-09-24 14:37:00-04:00,739.905029296875,740.1199951171875,739.8800048828125,740.0,23756,0.0,0.0,0.0
2026-09-24 14:38:00-04:00,740.0250244140625,741.02001953125,739.9794921875,740.97998046875,141374,0.0,0.0,0.0
2026-09-24 14:39:00-04:00,741.0050048828125,741.5999755859375,740.719970703125,740.8400268554688,154293,0.0,0.0,0.0
2026-09-24 14:40:00-04:00,740.8499755859375,740.8499755859375,740.3400268554688,740.4650268554688,27305,0.0,0.0,0.0
2026-09-24 14:41:00-04:00,740.4600830078125,740.6099853515625,740.37451171875,740.52001953125,33116,0.0,0.0,0.0
2026-09-24 14:42:00-04:00,740.5499877929688,740.6799926757812,740.260009765625,740.4199829101562,29829,0.0,0.0,0.0
2026-09-24 14:43:00-04:00,740.3599853515625,740.3900146484375,740.1967163085938,740.3599853515625,35313,0.0,0.0,0.0
2026-09-24 14:44:00-04:00,740.4337158203125,740.5800170898438,740.35498046875,740.4500122070312,64541,0.0,0.0,0.0
2026-09-24 14:45:00-04:00,740.5,740.8099975585938,740.5,740.6708984375,13348,0.0,0.0,0.0
2026-09-24 14:46:00-04:00,740.6810302734375,740.780029296875,740.6199951171875,740.719970703125,20489,0.0,0.0,0.0
2026-09-24 14:47:00-04:00,740.719970703125,740.7999877929688,740.6199951171875,740.6599731445312,23694,0.0,0.0,0.0
2026-09-24 14:48:00-04:00,740.6649780273438,740.8200073242188,740.6099853515625,740.7700805664062,14033,0.0,0.0,0.0
2026-09-24 14:49:00-04:00,740.739990234375,740.7999877929688,740.6099853515625,740.72998046875,31669,0.0,0.0,0.0
2026-09-24 14:50:00-04:00,740.7224731445312,741.2462768554688,740.6599731445312,741.0850219726562,38379,0.0,0.0,0.0
2026-09-24 14:51:00-04:00,741.1099853515625,741.1099853515625,740.7999877929688,740.989990234375,37951,0.0,0.0,0.0
2026-09-24 14:52:00-04:00,741.010009765625,741.4600219726562,741.010009765625,741.326171875,49423,0.0,0.0,0.0
2026-09-24 14:53:00-04:00,741.27001953125,741.2750244140625,741.1500244140625,741.2150268554688,14932,0.0,0.0,0.0
2026-09-24 14:54:00-04:00,741.190673828125,741.239990234375,741.1199951171875,741.1599731445312,39020,0.0,0.0,0.0
2026-09-24 14:55:00-04:00,741.2080078125,741.469970703125,741.1900024414062,741.4102172851562,26305,0.0,0.0,0.0
2026-09-24 14:56:00-04:00,741.427490234375,741.6900024414062,741.4099731445312,741.659912109375,22198,0.0,0.0,0.0
2026-09-24 14:57:00-04:00,741.6400146484375,741.8099975585938,741.6400146484375,741.7672119140625,16824,0.0,0.0,0.0
2026-09-24 14:58:00-04:00,741.72998046875,741.8099975585938,741.5650024414062,741.739990234375,33357,0.0,0.0,0.0
2026-09-24 14:59:00-04:00,741.7100219726562,741.75,741.4520874023438,741.5250244140625,25440,0.0,0.0,0.0
2026-09-24 15:00:00-04:00,741.469970703125,741.602294921875,741.239990234375,741.4400024414062,123877,0.0,0.0,0.0
2026-09-24 15:01:00-04:00,741.39501953125,741.4400024414062,740.8300170898438,741.01220703125,85025,0.0,0.0,0.0
2026-09-24 15:02:00-04:00,741.010009765625,741.0700073242188,740.5814208984375,740.6400146484375,46846,0.0,0.0,0.0
2026-09-24 15:03:00-04:00,740.635009765625,740.6500244140625,740.2899780273438,740.3099975585938,30010,0.0,0.0,0.0
2026-09-24 15:04:00-04:00,740.3250122070312,740.4415893554688,740.260009765625,740.4415893554688,26255,0.0,0.0,0.0
2026-09-24 15:05:00-04:00,740.4299926757812,740.6199951171875,740.4299926757812,740.6099853515625,18228,0.0,0.0,0.0
2026-09-24 15:06:00-04:00,740.6405029296875,740.7230834960938,740.5159912109375,740.5700073242188,20419,0.0,0.0,0.0
2026-09-24 15:07:00-04:00,740.56201171875,740.7296142578125,740.380126953125,740.6500244140625,19544,0.0,0.0,0.0
2026-09-24 15:08:00-04:00,740.6699829101562,740.75,740.5671997070312,740.5999755859375,10826,0.0,0.0,0.0
2026-09-24 15:09:00-04:00,740.5700073242188,740.6199951171875,740.4299926757812,740.5650024414062,44267,0.0,0.0,0.0
2026-09-24 15:10:00-04:00,740.5599975585938,740.6799926757812,740.2650146484375,740.2849731445312,13000,0.0,0.0,0.0
2026-09-24 15:11:00-04:00,740.280029296875,740.389892578125,740.219970703125,740.3515014648438,52490,0.0,0.0,0.0
2026-09-24 15:12:00-04:00,740.3200073242188,740.4400024414062,740.2650146484375,740.4100952148438,20422,0.0,0.0,0.0
2026-09-24 15:13:00-04:00,740.4199829101562,740.6500244140625,740.3900146484375,740.4849853515625,13724,0.0,0.0,0.0
2026-09-24 15:14:00-04:00,740.5399780273438,740.5399780273438,740.260009765625,740.280029296875,33782,0.0,0.0,0.0
2026-09-24 15:15:00-04:00,740.2600708007812,740.6099853515625,740.2600708007812,740.5499877929688,21477,0.0,0.0,0.0
2026-09-24 15:16:00-04:00,740.5700073242188,740.9400024414062,740.5399780273438,740.8905029296875,18479,0.0,0.0,0.0
2026-09-24 15:17:00-04:00,740.9400024414062,741.0700073242188,740.8599853515625,740.9622192382812,35191,0.0,0.0,0.0
2026-09-24 15:18:00-04:00,740.9722900390625,741.260009765625,740.969970703125,741.1199951171875,35544,0.0,0.0,0.0
2026-09-24 15:19:00-04:00,741.1699829101562,741.1900024414062,740.9199829101562,741.0999755859375,49845,0.0,0.0,0.0
2026-09-24 15:20:00-04:00,741.1300048828125,741.2050170898438,740.9801025390625,741.010009765625,14178,0.0,0.0,0.0
2026-09-24 15:21:00-04:00,741.02001953125,741.0974731445312,740.8400268554688,741.094970703125,14039,0.0,0.0,0.0
2026-09-24 15:22:00-04:00,741.0700073242188,741.169921875,741.02001953125,741.0701293945312,29677,0.0,0.0,0.0
2026-09-24 15:23:00-04:00,741.0449829101562,741.0850219726562,740.930419921875,741.0850219726562,17642,0.0,0.0,0.0
2026-09-24 15:24:00-04:00,741.0700073242188,741.2999267578125,741.0501098632812,741.239990234375,47687,0.0,0.0,0.0
2026-09-24 15:25:00-04:00,741.260009765625,741.3779907226562,741.239990234375,741.239990234375,19337,0.0,0.0,0.0
2026-09-24 15:26:00-04:00,741.22998046875,741.3300170898438,741.1500244140625,741.2999877929688,46445,0.0,0.0,0.0
2026-09-24 15:27:00-04:00,741.2849731445312,741.2999877929688,741.1699829101562,741.1699829101562,11166,0.0,0.0,0.0
2026-09-24 15:28:00-04:00,741.1300048828125,741.2098999023438,741.0399780273438,741.1019897460938,14583,0.0,0.0,0.0
2026-09-24 15:29:00-04:00,741.0598754882812,741.0700073242188,740.7420043945312,740.8400268554688,27448,0.0,0.0,0.0
2026-09-24 15:30:00-04:00,740.85498046875,741.0009765625,740.7901000976562,740.9450073242188,21340,0.0,0.0,0.0
2026-09-24 15:31:00-04:00,740.9600219726562,741.1749877929688,740.9299926757812,741.1699829101562,30609,0.0,0.0,0.0
2026-09-24 15:32:00-04:00,741.1799926757812,741.1799926757812,740.7800903320312,740.8399047851562,47046,0.0,0.0,0.0
2026-09-24 15:33:00-04:00,740.8400268554688,741.0,740.8300170898438,741.0,35634,0.0,0.0,0.0
2026-09-24 15:34:00-04:00,741.0,741.25,740.969970703125,741.2310180664062,15291,0.0,0.0,0.0
2026-09-24 15:35:00-04:00,741.2550048828125,741.280029296875,740.9299926757812,741.02001953125,14890,0.0,0.0,0.0
2026-09-24 15:36:00-04:00,741.030029296875,741.2000122070312,741.030029296875,741.1500244140625,53432,0.0,0.0,0.0
2026-09-24 15:37:00-04:00,741.090087890625,741.090087890625,740.8250122070312,740.885009765625,26674,0.0,0.0,0.0
2026-09-24 15:38:00-04:00,740.9099731445312,741.0040283203125,740.8250122070312,740.9500122070312,14081,0.0,0.0,0.0
2026-09-24 15:39:00-04:00,740.969970703125,741.1699829101562,740.9600219726562,741.1699829101562,55813,0.0,0.0,0.0
2026-09-24 15:40:00-04:00,741.1699829101562,741.3200073242188,741.02001953125,741.030029296875,1069600,0.0,0.0,0.0
2026-09-24 15:41:00-04:00,740.989990234375,741.159912109375,740.989990234375,741.1400146484375,27591,0.0,0.0,0.0
2026-09-24 15:42:00-04:00,741.1500244140625,741.1500244140625,740.9425048828125,740.9425048828125,19575,0.0,0.0,0.0
2026-09-24 15:43:00-04:00,740.97900390625,741.0800170898438,740.8900146484375,741.02001953125,35648,0.0,0.0,0.0
2026-09-24 15:44:00-04:00,741.010009765625,741.0999755859375,740.8709716796875,740.9400024414062,26463,0.0,0.0,0.0
2026-09-24 15:45:00-04:00,740.9299926757812,741.0800170898438,740.8400268554688,740.9400024414062,29740,0.0,0.0,0.0
2026-09-24 15:46:00-04:00,740.989990234375,741.0700073242188,740.9099731445312,741.0399780273438,45317,0.0,0.0,0.0
2026-09-24 15:47:00-04:00,741.0499877929688,741.162109375,741.0349731445312,741.0349731445312,23499,0.0,0.0,0.0
2026-09-24 15:48:00-04:00,741.0449829101562,741.0499877929688,740.8809204101562,740.9500122070312,537051,0.0,0.0,0.0
2026-09-24 15:49:00-04:00,740.9299926757812,741.0,740.81982421875,740.8499755859375,126942,0.0,0.0,0.0
2026-09-24 15:50:00-04:00,740.8499755859375,741.4500122070312,740.8400268554688,741.1199951171875,417820,0.0,0.0,0.0
2026-09-24 15:51:00-04:00,741.0599975585938,741.6300048828125,741.030029296875,741.5449829101562,119434,0.0,0.0,0.0
2026-09-24 15:52:00-04:00,741.5499877929688,741.7000122070312,741.4949951171875,741.635009765625,72213,0.0,0.0,0.0
2026-09-24 15:53:00-04:00,741.6500244140625,741.8599853515625,741.6300048828125,741.7000122070312,81071,0.0,0.0,0.0
2026-09-24 15:54:00-04:00,741.6900024414062,741.719970703125,741.5,741.5650024414062,180525,0.0,0.0,0.0
2026-09-24 15:55:00-04:00,741.5800170898438,741.5800170898438,741.22998046875,741.510009765625,111176,0.0,0.0,0.0
2026-09-24 15:56:00-04:00,741.5150146484375,741.6500244140625,741.2999877929688,741.3599853515625,89053,0.0,0.0,0.0
2026-09-24 15:57:00-04:00,741.3800048828125,741.4019775390625,741.239990234375,741.35498046875,108235,0.0,0.0,0.0
2026-09-24 15:58:00-04:00,741.35498046875,741.5,741.3319702148438,741.344970703125,342968,0.0,0.0,0.0
2026-09-24 15:59:00-04:00,741.3400268554688,741.510009765625,741.0599975585938,741.0599975585938,671512,0.0,0.0,0.0
2026-09-25 09:30:00-04:00,742.8400268554688,742.8400268554688,741.7000122070312,742.489990234375,1647322,0.0,0.0,0.0
2026-09-25 09:31:00-04:00,742.5499877929688,742.8099975585938,741.9400024414062,742.0549926757812,268227,0.0,0.0,0.0
2026-09-25 09:32:00-04:00,742.0700073242188,742.5399780273438,741.6599731445312,742.5050048828125,179768,0.0,0.0,0.0
2026-09-25 09:33:00-04:00,742.510009765625,742.9000244140625,742.25,742.89501953125,199268,0.0,0.0,0.0
2026-09-25 09:34:00-04:00,742.9000244140625,743.6799926757812,742.8300170898438,743.614990234375,207539,0.0,0.0,0.0
2026-09-25 09:35:00-04:00,743.594970703125,744.0999755859375,743.5599975585938,743.8699951171875,115339,0.0,0.0,0.0
2026-09-25 09:36:00-04:00,743.8099975585938,743.97998046875,743.5900268554688,743.7100219726562,118884,0.0,0.0,0.0
2026-09-25 09:37:00-04:00,743.739990234375,743.97998046875,743.6099853515625,743.8300170898438,76900,0.0,0.0,0.0
2026-09-25 09:38:00-04:00,743.7449951171875,744.280029296875,743.719970703125,743.9600219726562,182731,0.0,0.0,0.0
2026-09-25 09:39:00-04:00,744.0599975585938,744.1400146484375,743.4500122070312,744.09912109375,82084,0.0,0.0,0.0
2026-09-25 09:40:00-04:00,744.0900268554688,744.280029296875,743.875,744.280029296875,95734,0.0,0.0,0.0
2026-09-25 09:41:00-04:00,744.280029296875,744.5750122070312,744.2249755859375,744.4249877929688,84178,0.0,0.0,0.0
2026-09-25 09:42:00-04:00,744.385009765625,744.385009765625,743.8300170898438,744.3800048828125,64079,0.0,0.0,0.0
2026-09-25 09:43:00-04:00,744.3380126953125,744.3499755859375,743.7849731445312,743.9550170898438,67246,0.0,0.0,0.0
2026-09-25 09:44:00-04:00,743.9500122070312,744.2680053710938,743.6599731445312,744.2650146484375,75231,0.0,0.0,0.0
2026-09-25 09:45:00-04:00,744.2750244140625,744.5499877929688,743.8358764648438,743.8499755859375,154394,0.0,0.0,0.0
2026-09-25 09:46:00-04:00,743.8599853515625,744.25,743.6500244140625,744.1400146484375,111170,0.0,0.0,0.0
2026-09-25 09:47:00-04:00,744.1199951171875,744.5150146484375,743.9199829101562,744.4000244140625,64969,0.0,0.0,0.0
2026-09-25 09:48:00-04:00,744.4299926757812,744.530029296875,743.5650024414062,743.719970703125,185912,0.0,0.0,0.0
2026-09-25 09:49:00-04:00,743.75,744.3099975585938,743.75,744.1909790039062,83398,0.0,0.0,0.0
2026-09-25 09:50:00-04:00,744.219970703125,744.3900146484375,744.0399780273438,744.2850952148438,52043,0.0,0.0,0.0
2026-09-25 09:51:00-04:00,744.2849731445312,744.4600219726562,744.1199951171875,744.1220703125,37325,0.0,0.0,0.0
2026-09-25 09:52:00-04:00,744.1397705078125,744.7498779296875,744.135009765625,744.6749877929688,62206,0.0,0.0,0.0
2026-09-25 09:53:00-04:00,744.64501953125,744.9299926757812,744.469970703125,744.8699951171875,55396,0.0,0.0,0.0
2026-09-25 09:54:00-04:00,744.875,745.3099975585938,744.8001098632812,745.0601196289062,131850,0.0,0.0,0.0
2026-09-25 09:55:00-04:00,745.0599975585938,745.4199829101562,745.0599975585938,745.2849731445312,124210,0.0,0.0,0.0
2026-09-25 09:56:00-04:00,745.2899780273438,745.3200073242188,744.8309936523438,745.010009765625,80066,0.0,0.0,0.0
2026-09-25 09:57:00-04:00,745.0050048828125,745.0050048828125,744.3800048828125,744.5535278320312,51416,0.0,0.0,0.0
2026-09-25 09:58:00-04:00,744.489990234375,744.7999877929688,744.4199829101562,744.5499877929688,62782,0.0,0.0,0.0
2026-09-25 09:59:00-04:00,744.60498046875,744.7899780273438,744.2899780273438,744.72998046875,39372,0.0,0.0,0.0
2026-09-25 10:00:00-04:00,744.760009765625,744.8900146484375,743.9741821289062,744.030029296875,87488,0.0,0.0,0.0
2026-09-25 10:01:00-04:00,744.0650024414062,744.0750122070312,743.4500122070312,743.4500122070312,105408,0.0,0.0,0.0
2026-09-25 10:02:00-04:00,743.4600219726562,743.6500244140625,742.9600219726562,743.3800048828125,124344,0.0,0.0,0.0
2026-09-25 10:03:00-04:00,743.3499755859375,743.3800048828125,742.8200073242188,743.3699951171875,83954,0.0,0.0,0.0
2026-09-25 10:04:00-04:00,743.3499755859375,743.3599853515625,742.3800048828125,742.5,161696,0.0,0.0,0.0
2026-09-25 10:05:00-04:00,742.489990234375,742.489990234375,741.3599853515625,741.3800048828125,171473,0.0,0.0,0.0
2026-09-25 10:06:00-04:00,741.3800048828125,742.02001953125,741.2899780273438,741.989990234375,155433,0.0,0.0,0.0
2026-09-25 10:07:00-04:00,741.969970703125,742.5700073242188,741.9600219726562,742.2000732421875,149617,0.0,0.0,0.0
2026-09-25 10:08:00-04:00,742.219970703125,742.6400146484375,741.9600219726562,742.6400146484375,91625,0.0,0.0,0.0
2026-09-25 10:09:00-04:00,742.6199951171875,742.7999877929688,742.27001953125,742.5999755859375,76222,0.0,0.0,0.0
2026-09-25 10:10:00-04:00,742.5999755859375,742.9500122070312,742.3499755859375,742.3499755859375,76555,0.0,0.0,0.0
2026-09-25 10:11:00-04:00,742.3499755859375,742.8499755859375,742.0308837890625,742.6699829101562,70138,0.0,0.0,0.0
2026-09-25 10:12:00-04:00,742.7100219726562,742.7100219726562,742.2100219726562,742.2550048828125,43682,0.0,0.0,0.0
2026-09-25 10:13:00-04:00,742.2349853515625,742.3150024414062,741.6199951171875,741.75,177293,0.0,0.0,0.0
2026-09-25 10:14:00-04:00,741.75,741.8099975585938,740.8109741210938,740.989990234375,185906,0.0,0.0,0.0
2026-09-25 10:15:00-04:00,741.0,741.1500244140625,739.8499755859375,740.9199829101562,193490,0.0,0.0,0.0
2026-09-25 10:16:00-04:00,740.8900146484375,741.280029296875,740.239990234375,740.3300170898438,124194,0.0,0.0,0.0
2026-09-25 10:17:00-04:00,740.3599853515625,740.4500122070312,739.7100219726562,740.0236206054688,192548,0.0,0.0,0.0
2026-09-25 10:18:00-04:00,740.010009765625,740.6900024414062,739.989990234375,740.2119750976562,92915,0.0,0.0,0.0
2026-09-25 10:19:00-04:00,740.1799926757812,740.7100219726562,739.6400146484375,740.5349731445312,70355,0.0,0.0,0.0
2026-09-25 10:20:00-04:00,740.489990234375,741.0499877929688,740.260009765625,740.9600219726562,123325,0.0,0.0,0.0
2026-09-25 10:21:00-04:00,741.0,741.219970703125,740.489990234375,740.7100219726562,113062,0.0,0.0,0.0
2026-09-25 10:22:00-04:00,740.6599731445312,741.0999755859375,740.5999755859375,740.9299926757812,110376,0.0,0.0,0.0
2026-09-25 10:23:00-04:00,740.989990234375,741.3599853515625,740.8900146484375,740.9705200195312,113582,0.0,0.0,0.0
2026-09-25 10:24:00-04:00,741.02001953125,741.47998046875,740.9500122070312,741.2999877929688,67942,0.0,0.0,0.0
2026-09-25 10:25:00-04:00,741.3400268554688,741.5999755859375,740.989990234375,741.5999755859375,70989,0.0,0.0,0.0
2026-09-25 10:26:00-04:00,741.62939453125,741.9000244140625,741.4099731445312,741.489990234375,48497,0.0,0.0,0.0
2026-09-25 10:27:00-04:00,741.5,741.5800170898438,741.239990234375,741.280029296875,36014,0.0,0.0,0.0
2026-09-25 10:28:00-04:00,741.27001953125,741.3198852539062,740.6900024414062,741.1199951171875,57509,0.0,0.0,0.0
2026-09-25 10:29:00-04:00,741.0999755859375,741.469970703125,740.6699829101562,740.77001953125,46040,0.0,0.0,0.0
2026-09-25 10:30:00-04:00,740.780029296875,741.0999755859375,740.489990234375,740.719970703125,67331,0.0,0.0,0.0
2026-09-25 10:31:00-04:00,740.8699951171875,741.1900024414062,740.7150268554688,741.1600952148438,67123,0.0,0.0,0.0
2026-09-25 10:32:00-04:00,741.219970703125,741.5399780273438,741.1500244140625,741.405029296875,66427,0.0,0.0,0.0
2026-09-25 10:33:00-04:00,741.4349975585938,741.780029296875,741.3400268554688,741.510009765625,60379,0.0,0.0,0.0
2026-09-25 10:34:00-04:00,741.510009765625,742.0,741.4500122070312,741.7249755859375,394239,0.0,0.0,0.0
2026-09-25 10:35:00-04:00,741.7349853515625,742.0894775390625,741.5,741.8900146484375,146983,0.0,0.0,0.0
2026-09-25 10:36:00-04:00,741.8323974609375,741.9749755859375,741.6099853515625,741.760009765625,37094,0.0,0.0,0.0
2026-09-25 10:37:00-04:00,741.7100219726562,742.010009765625,741.6300048828125,741.9099731445312,158980,0.0,0.0,0.0
2026-09-25 10:38:00-04:00,741.9600219726562,742.4981079101562,741.9199829101562,742.0549926757812,157467,0.0,0.0,0.0
2026-09-25 10:39:00-04:00,742.0599975585938,742.25,742.0418701171875,742.2150268554688,26470,0.0,0.0,0.0
2026-09-25 10:40:00-04:00,742.239990234375,742.3099975585938,741.6699829101562,741.7150268554688,37210,0.0,0.0,0.0
2026-09-25 10:41:00-04:00,741.6962280273438,741.989990234375,741.1900024414062,741.22998046875,55571,0.0,0.0,0.0
2026-09-25 10:42:00-04:00,741.2550048828125,741.5405883789062,741.0499877929688,741.4000244140625,63005,0.0,0.0,0.0
2026-09-25 10:43:00-04:00,741.4099731445312,741.4500122070312,741.0,741.0999755859375,28227,0.0,0.0,0.0
2026-09-25 10:44:00-04:00,741.0900268554688,741.510009765625,740.9552001953125,741.510009765625,37199,0.0,0.0,0.0
2026-09-25 10:45:00-04:00,741.5800170898438,741.5999755859375,741.0499877929688,741.530029296875,38756,0.0,0.0,0.0
2026-09-25 10:46:00-04:00,741.530029296875,742.0999755859375,741.2000732421875,741.6599731445312,139543,0.0,0.0,0.0
2026-09-25 10:47:00-04:00,741.6699829101562,741.9199829101562,741.4600219726562,741.7550048828125,48572,0.0,0.0,0.0
2026-09-25 10:48:00-04:00,741.7427978515625,741.8300170898438,741.4100952148438,741.4815063476562,36593,0.0,0.0,0.0
2026-09-25 10:49:00-04:00,741.489990234375,742.3300170898438,741.4600219726562,742.2000122070312,46428,0.0,0.0,0.0
2026-09-25 10:50:00-04:00,742.155029296875,742.2100219726562,741.77001953125,742.0499877929688,49515,0.0,0.0,0.0
2026-09-25 10:51:00-04:00,742.0800170898438,742.2100219726562,741.4199829101562,741.4324951171875,48139,0.0,0.0,0.0
2026-09-25 10:52:00-04:00,741.4500732421875,741.5499877929688,741.25,741.3699951171875,30089,0.0,0.0,0.0
2026-09-25 10:53:00-04:00,741.3900146484375,741.8599853515625,741.3599853515625,741.6500244140625,40337,0.0,0.0,0.0
2026-09-25 10:54:00-04:00,741.7750854492188,742.1300048828125,741.719970703125,742.0800170898438,88878,0.0,0.0,0.0
2026-09-25 10:55:00-04:00,742.02001953125,742.5828247070312,742.02001953125,742.5601196289062,60678,0.0,0.0,0.0
2026-09-25 10:56:00-04:00,742.5499877929688,742.8499755859375,742.489990234375,742.489990234375,91651,0.0,0.0,0.0
2026-09-25 10:57:00-04:00,742.510009765625,742.8400268554688,742.5,742.7249755859375,24396,0.0,0.0,0.0
2026-09-25 10:58:00-04:00,742.6900024414062,742.9500122070312,742.47998046875,742.9428100585938,37291,0.0,0.0,0.0
2026-09-25 10:59:00-04:00,742.9400024414062,743.0800170898438,742.8499755859375,742.96142578125,40029,0.0,0.0,0.0
2026-09-25 11:00:00-04:00,742.9299926757812,742.97998046875,742.75,742.8699951171875,38939,0.0,0.0,0.0
2026-09-25 11:01:00-04:00,742.8900146484375,743.3900146484375,742.84912109375,743.2650146484375,103258,0.0,0.0,0.0
2026-09-25 11:02:00-04:00,743.2440185546875,743.5900268554688,743.22998046875,743.4949951171875,167036,0.0,0.0,0.0
2026-09-25 11:03:00-04:00,743.47998046875,743.780029296875,743.47998046875,743.5700073242188,173082,0.0,0.0,0.0
2026-09-25 11:04:00-04:00,743.5650024414062,743.97998046875,743.530029296875,743.7050170898438,68216,0.0,0.0,0.0
2026-09-25 11:05:00-04:00,743.7100219726562,744.0499877929688,743.6900024414062,743.8400268554688,180392,0.0,0.0,0.0
2026-09-25 11:06:00-04:00,743.8499755859375,744.05810546875,743.8200073242188,743.8505249023438,171337,0.0,0.0,0.0
2026-09-25 11:07:00-04:00,743.8699951171875,743.989990234375,743.77001953125,743.8200073242188,30477,0.0,0.0,0.0
2026-09-25 11:08:00-04:00,743.8499755859375,743.8699951171875,743.6599731445312,743.7899780273438,45690,0.0,0.0,0.0
2026-09-25 11:09:00-04:00,743.780029296875,743.8499755859375,743.47998046875,743.52001953125,65772,0.0,0.0,0.0
2026-09-25 11:10:00-04:00,743.489990234375,743.5650024414062,743.0,743.1777954101562,64218,0.0,0.0,0.0
2026-09-25 11:11:00-04:00,743.1799926757812,743.2100219726562,742.530029296875,742.68017578125,75605,0.0,0.0,0.0
2026-09-25 11:12:00-04:00,742.6900024414062,742.9193115234375,742.5999755859375,742.7349853515625,47378,0.0,0.0,0.0
2026-09-25 11:13:00-04:00,742.7449951171875,742.9400024414062,742.6699829101562,742.8400268554688,32969,0.0,0.0,0.0
2026-09-25 11:14:00-04:00,742.8099975585938,743.0,742.75,742.8800048828125,27041,0.0,0.0,0.0
2026-09-25 11:15:00-04:00,742.9199829101562,743.0050048828125,742.7902221679688,742.9550170898438,19997,0.0,0.0,0.0
2026-09-25 11:16:00-04:00,742.969970703125,743.280029296875,742.9199829101562,743.260009765625,25499,0.0,0.0,0.0
2026-09-25 11:17:00-04:00,743.25,743.3049926757812,743.0599975585938,743.0811157226562,23485,0.0,0.0,0.0
2026-09-25 11:18:00-04:00,743.02001953125,743.219970703125,742.97998046875,743.0576171875,23660,0.0,0.0,0.0
2026-09-25 11:19:00-04:00,743.030029296875,743.030029296875,742.469970703125,742.6600952148438,25981,0.0,0.0,0.0
2026-09-25 11:20:00-04:00,742.6699829101562,742.969970703125,742.4199829101562,742.9498901367188,123117,0.0,0.0,0.0
2026-09-25 11:21:00-04:00,742.9793090820312,743.4500122070312,742.72998046875,742.9600219726562,70379,0.0,0.0,0.0
2026-09-25 11:22:00-04:00,742.969970703125,743.1099853515625,742.8599853515625,743.010009765625,270809,0.0,0.0,0.0
2026-09-25 11:23:00-04:00,743.0,743.239990234375,742.9500122070312,742.9500122070312,85064,0.0,0.0,0.0
2026-09-25 11:24:00-04:00,742.9998779296875,743.0250244140625,742.6099853515625,742.6849975585938,32973,0.0,0.0,0.0
2026-09-25 11:25:00-04:00,742.7091064453125,742.8499755859375,742.5827026367188,742.6900024414062,0,0.0,0.0,0.0
2026-09-25 11:26:00-04:00,742.5750122070312,742.9199829101562,742.510009765625,742.9199829101562,22054,0.0,0.0,0.0
2026-09-25 11:27:00-04:00,742.9249877929688,743.0,742.6900024414062,742.7100219726562,27384,0.0,0.0,0.0
2026-09-25 11:28:00-04:00,742.72998046875,742.780029296875,742.5700073242188,742.7100219726562,12095,0.0,0.0,0.0
2026-09-25 11:29:00-04:00,742.7150268554688,743.0399780273438,742.6900024414062,742.6900024414062,315024,0.0,0.0,0.0
2026-09-25 11:30:00-04:00,742.7109985351562,743.5599975585938,742.6900024414062,743.260009765625,132857,0.0,0.0,0.0
2026-09-25 11:31:00-04:00,743.22998046875,743.6699829101562,743.1400146484375,743.6699829101562,30354,0.0,0.0,0.0
2026-09-25 11:32:00-04:00,743.6500244140625,743.8200073242188,743.5399780273438,743.6900024414062,40223,0.0,0.0,0.0
2026-09-25 11:33:00-04:00,743.6699829101562,743.719970703125,743.4299926757812,743.52001953125,28380,0.0,0.0,0.0
2026-09-25 11:34:00-04:00,743.5399780273438,743.5999755859375,742.7550048828125,742.780029296875,127805,0.0,0.0,0.0
2026-09-25 11:35:00-04:00,742.760009765625,742.9199829101562,742.3400268554688,742.594970703125,49328,0.0,0.0,0.0
2026-09-25 11:36:00-04:00,742.530029296875,742.5700073242188,742.0050048828125,742.0700073242188,32925,0.0,0.0,0.0
2026-09-25 11:37:00-04:00,742.0999755859375,742.219970703125,741.780029296875,742.1400146484375,40286,0.0,0.0,0.0
2026-09-25 11:38:00-04:00,742.1500244140625,742.1594848632812,741.5900268554688,741.7130126953125,43500,0.0,0.0,0.0
2026-09-25 11:39:00-04:00,741.6649780273438,741.8400268554688,741.530029296875,741.719970703125,35273,0.0,0.0,0.0
2026-09-25 11:40:00-04:00,741.7265014648438,742.02001953125,741.52099609375,742.0,44019,0.0,0.0,0.0
2026-09-25 11:41:00-04:00,742.0,742.119873046875,741.8599853515625,741.989990234375,97414,0.0,0.0,0.0
2026-09-25 11:42:00-04:00,741.989990234375,742.0800170898438,741.6110229492188,741.7449951171875,34462,0.0,0.0,0.0
2026-09-25 11:43:00-04:00,741.7410278320312,741.8200073242188,741.489990234375,741.5549926757812,17224,0.0,0.0,0.0
2026-09-25 11:44:00-04:00,741.5430297851562,741.5900268554688,741.1799926757812,741.25,36249,0.0,0.0,0.0
2026-09-25 11:45:00-04:00,741.22998046875,741.3800048828125,741.1099853515625,741.1400146484375,40394,0.0,0.0,0.0
2026-09-25 11:46:00-04:00,741.1199951171875,741.5999755859375,740.8800048828125,741.5650024414062,67346,0.0,0.0,0.0
2026-09-25 11:47:00-04:00,741.5684814453125,741.718994140625,741.52001953125,741.5623779296875,24617,0.0,0.0,0.0
2026-09-25 11:48:00-04:00,741.5499877929688,741.8599853515625,741.385009765625,741.6799926757812,32445,0.0,0.0,0.0
2026-09-25 11:49:00-04:00,741.739990234375,741.9199829101562,741.6599731445312,741.9099731445312,29950,0.0,0.0,0.0
2026-09-25 11:50:00-04:00,741.969970703125,742.0399780273438,741.739990234375,741.8480224609375,26310,0.0,0.0,0.0
2026-09-25 11:51:00-04:00,741.7550048828125,741.77001953125,740.8900146484375,740.8900146484375,29650,0.0,0.0,0.0
2026-09-25 11:52:00-04:00,740.8800048828125,741.1699829101562,740.72998046875,740.989990234375,73093,0.0,0.0,0.0
2026-09-25 11:53:00-04:00,740.989990234375,741.1400146484375,740.9500122070312,741.0700073242188,32021,0.0,0.0,0.0
2026-09-25 11:54:00-04:00,741.0800170898438,742.0,740.97998046875,741.7789916992188,144363,0.0,0.0,0.0
2026-09-25 11:55:00-04:00,741.739990234375,742.1099853515625,741.7349853515625,742.0050048828125,31613,0.0,0.0,0.0
2026-09-25 11:56:00-04:00,742.02001953125,742.4000244140625,741.9500122070312,742.4000244140625,46203,0.0,0.0,0.0
2026-09-25 11:57:00-04:00,742.4000854492188,742.6099853515625,742.4000854492188,742.5999755859375,52668,0.0,0.0,0.0
2026-09-25 11:58:00-04:00,742.6400146484375,743.3900146484375,742.6246948242188,743.2150268554688,108404,0.0,0.0,0.0
2026-09-25 11:59:00-04:00,743.1898803710938,743.791015625,743.1300048828125,743.6909790039062,75620,0.0,0.0,0.0
2026-09-25 12:00:00-04:00,743.7235107421875,744.4099731445312,743.4849853515625,744.3499755859375,137012,0.0,0.0,0.0
2026-09-25 12:01:00-04:00,744.3400268554688,744.5499877929688,744.1245727539062,744.1900024414062,288324,0.0,0.0,0.0
2026-09-25 12:02:00-04:00,744.1799926757812,744.8300170898438,744.1701049804688,744.7899780273438,122792,0.0,0.0,0.0
2026-09-25 12:03:00-04:00,744.739990234375,745.2000122070312,744.5800170898438,745.1599731445312,208487,0.0,0.0,0.0
2026-09-25 12:04:00-04:00,745.1599731445312,745.1599731445312,744.6799926757812,745.0999755859375,159321,0.0,0.0,0.0
2026-09-25 12:05:00-04:00,745.0700073242188,745.6599731445312,744.8599853515625,745.5800170898438,216634,0.0,0.0,0.0
2026-09-25 12:06:00-04:00,745.5399780273438,745.614990234375,745.1799926757812,745.4500122070312,111177,0.0,0.0,0.0
2026-09-25 12:07:00-04:00,745.52001953125,745.5850219726562,745.1799926757812,745.2650146484375,143516,0.0,0.0,0.0
2026-09-25 12:08:00-04:00,745.260009765625,745.510009765625,745.0599975585938,745.2109985351562,72619,0.0,0.0,0.0
2026-09-25 12:09:00-04:00,745.2000122070312,745.530029296875,744.9774780273438,745.4400024414062,92529,0.0,0.0,0.0
2026-09-25 12:10:00-04:00,745.489990234375,745.9010009765625,745.4249877929688,745.5700073242188,129148,0.0,0.0,0.0
2026-09-25 12:11:00-04:00,745.5800170898438,745.6115112304688,745.2349853515625,745.5679931640625,75338,0.0,0.0,0.0
2026-09-25 12:12:00-04:00,745.530029296875,745.780029296875,745.3250122070312,745.4301147460938,108492,0.0,0.0,0.0
2026-09-25 12:13:00-04:00,745.3800048828125,745.510009765625,745.3004150390625,745.489990234375,48560,0.0,0.0,0.0
2026-09-25 12:14:00-04:00,745.4580078125,745.4580078125,744.9000244140625,745.330078125,55526,0.0,0.0,0.0
2026-09-25 12:15:00-04:00,745.2979736328125,745.6599731445312,745.2100219726562,745.5499877929688,29265,0.0,0.0,0.0
2026-09-25 12:16:00-04:00,745.5549926757812,745.8400268554688,745.3599853515625,745.82421875,34992,0.0,0.0,0.0
2026-09-25 12:17:00-04:00,745.7899780273438,745.9149780273438,745.1486206054688,745.1486206054688,38226,0.0,0.0,0.0
2026-09-25 12:18:00-04:00,745.180419921875,745.180419921875,744.655029296875,744.760009765625,77034,0.0,0.0,0.0
2026-09-25 12:19:00-04:00,744.7650146484375,744.8400268554688,744.5900268554688,744.760009765625,31394,0.0,0.0,0.0
2026-09-25 12:20:00-04:00,744.760009765625,744.8599853515625,744.1300048828125,744.1599731445312,95922,0.0,0.0,0.0
2026-09-25 12:21:00-04:00,744.1699829101562,744.3049926757812,743.8800048828125,744.25,97137,0.0,0.0,0.0
2026-09-25 12:22:00-04:00,744.22998046875,744.3107299804688,743.7999877929688,744.0349731445312,72290,0.0,0.0,0.0
2026-09-25 12:23:00-04:00,744.0250244140625,744.0999145507812,743.2899780273438,743.75,126552,0.0,0.0,0.0
2026-09-25 12:24:00-04:00,743.760009765625,743.989990234375,743.6599731445312,743.89501953125,46064,0.0,0.0,0.0
2026-09-25 12:25:00-04:00,743.9099731445312,744.3900146484375,743.8300170898438,744.1837768554688,63832,0.0,0.0,0.0
2026-09-25 12:26:00-04:00,744.1799926757812,745.0989990234375,744.0999755859375,745.0880126953125,82018,0.0,0.0,0.0
2026-09-25 12:27:00-04:00,745.0750122070312,745.25,745.024169921875,745.0800170898438,48624,0.0,0.0,0.0
2026-09-25 12:28:00-04:00,745.0800170898438,745.122802734375,744.8599853515625,745.0880126953125,25021,0.0,0.0,0.0
2026-09-25 12:29:00-04:00,745.0700073242188,745.3699951171875,745.0700073242188,745.3099975585938,35248,0.0,0.0,0.0
2026-09-25 12:30:00-04:00,745.3400268554688,745.3400268554688,744.9099731445312,745.1199951171875,32239,0.0,0.0,0.0
2026-09-25 12:31:00-04:00,745.1300048828125,745.27001953125,745.030029296875,745.2299194335938,21530,0.0,0.0,0.0
2026-09-25 12:32:00-04:00,745.239990234375,745.47998046875,745.0700073242188,745.1749877929688,30507,0.0,0.0,0.0
2026-09-25 12:33:00-04:00,745.2000122070312,745.4500122070312,745.1500244140625,745.4500122070312,20569,0.0,0.0,0.0
2026-09-25 12:34:00-04:00,745.47998046875,745.489990234375,743.8499755859375,744.2598876953125,279452,0.0,0.0,0.0
2026-09-25 12:35:00-04:00,744.2650146484375,744.64501953125,744.2650146484375,744.5595092773438,60722,0.0,0.0,0.0
2026-09-25 12:36:00-04:00,744.5499877929688,744.5700073242188,744.2000122070312,744.4810180664062,11867,0.0,0.0,0.0
2026-09-25 12:37:00-04:00,744.489990234375,745.1199951171875,744.489990234375,744.8200073242188,30360,0.0,0.0,0.0
2026-09-25 12:38:00-04:00,744.7319946289062,744.7999877929688,744.4299926757812,744.7999877929688,26492,0.0,0.0,0.0
2026-09-25 12:39:00-04:00,744.75,744.9141235351562,744.6605224609375,744.6729736328125,25222,0.0,0.0,0.0
2026-09-25 12:40:00-04:00,744.7009887695312,744.8300170898438,744.489990234375,744.5,31307,0.0,0.0,0.0
2026-09-25 12:41:00-04:00,744.530029296875,744.719970703125,744.4000244140625,744.5800170898438,32135,0.0,0.0,0.0
2026-09-25 12:42:00-04:00,744.635009765625,745.0499877929688,744.52001953125,744.5800170898438,50043,0.0,0.0,0.0
2026-09-25 12:43:00-04:00,744.594970703125,745.1599731445312,744.594970703125,745.0300903320312,34453,0.0,0.0,0.0
2026-09-25 12:44:00-04:00,745.0700073242188,745.22998046875,744.8099975585938,744.8699951171875,45240,0.0,0.0,0.0
2026-09-25 12:45:00-04:00,744.85498046875,744.8679809570312,744.551025390625,744.739990234375,17619,0.0,0.0,0.0
2026-09-25 12:46:00-04:00,744.7401123046875,744.875,744.6608276367188,744.6799926757812,13472,0.0,0.0,0.0
2026-09-25 12:47:00-04:00,744.6799926757812,744.739990234375,744.5599975585938,744.5650024414062,64818,0.0,0.0,0.0
2026-09-25 12:48:00-04:00,744.5599975585938,744.5999755859375,744.0800170898438,744.1201171875,66798,0.0,0.0,0.0
2026-09-25 12:49:00-04:00,744.1279907226562,744.3314208984375,743.905029296875,744.3021850585938,47964,0.0,0.0,0.0
2026-09-25 12:50:00-04:00,744.3699951171875,744.4600219726562,744.219970703125,744.3200073242188,41806,0.0,0.0,0.0
2026-09-25 12:51:00-04:00,744.3599853515625,744.4400024414062,744.260009765625,744.405029296875,21542,0.0,0.0,0.0
2026-09-25 12:52:00-04:00,744.405029296875,744.6392822265625,744.3599853515625,744.5748901367188,29713,0.0,0.0,0.0
2026-09-25 12:53:00-04:00,744.5903930664062,744.72998046875,744.47998046875,744.47998046875,11407,0.0,0.0,0.0
2026-09-25 12:54:00-04:00,744.4000244140625,744.6099853515625,744.3201293945312,744.5050048828125,6788,0.0,0.0,0.0
2026-09-25 12:55:00-04:00,744.5963134765625,744.7550048828125,744.5269165039062,744.6054077148438,12762,0.0,0.0,0.0
2026-09-25 12:56:00-04:00,744.6199951171875,744.8099975585938,744.489990234375,744.5549926757812,24657,0.0,0.0,0.0
2026-09-25 12:57:00-04:00,744.5599975585938,744.5599975585938,744.260009765625,744.2850952148438,40480,0.0,0.0,0.0
2026-09-25 12:58:00-04:00,744.3200073242188,744.3699951171875,744.1500244140625,744.2349853515625,22031,0.0,0.0,0.0
2026-09-25 12:59:00-04:00,744.2188110351562,744.4600219726562,743.8499755859375,744.2399291992188,92112,0.0,0.0,0.0
2026-09-25 13:00:00-04:00,744.280029296875,744.3699951171875,744.135009765625,744.2249755859375,23745,0.0,0.0,0.0
2026-09-25 13:01:00-04:00,744.25,744.9099731445312,744.25,744.8516235351562,56791,0.0,0.0,0.0
2026-09-25 13:02:00-04:00,744.8400268554688,745.1690063476562,744.739990234375,745.0399780273438,31712,0.0,0.0,0.0
2026-09-25 13:03:00-04:00,745.030029296875,745.2498779296875,744.9500122070312,745.030029296875,30149,0.0,0.0,0.0
2026-09-25 13:04:00-04:00,745.0599975585938,745.0599975585938,744.8499755859375,745.0,23974,0.0,0.0,0.0
2026-09-25 13:05:00-04:00,744.9739990234375,745.1599731445312,744.9299926757812,745.0,24251,0.0,0.0,0.0
2026-09-25 13:06:00-04:00,744.9650268554688,745.0800170898438,744.9099731445312,744.9299926757812,11744,0.0,0.0,0.0
2026-09-25 13:07:00-04:00,744.9400024414062,744.969970703125,744.7009887695312,744.85498046875,23653,0.0,0.0,0.0
2026-09-25 13:08:00-04:00,744.9000244140625,744.9000244140625,744.5,744.739990234375,20446,0.0,0.0,0.0
2026-09-25 13:09:00-04:00,744.8200073242188,745.1199951171875,744.77001953125,745.010009765625,23624,0.0,0.0,0.0
2026-09-25 13:10:00-04:00,745.0,745.010009765625,744.8699951171875,744.9099731445312,181817,0.0,0.0,0.0
2026-09-25 13:11:00-04:00,744.9500122070312,744.9500122070312,744.6599731445312,744.6599731445312,15032,0.0,0.0,0.0
2026-09-25 13:12:00-04:00,744.719970703125,744.8599853515625,744.5499877929688,744.8599853515625,18321,0.0,0.0,0.0
2026-09-25 13:13:00-04:00,744.8900146484375,745.2100219726562,744.8598022460938,745.0700073242188,24203,0.0,0.0,0.0
2026-09-25 13:14:00-04:00,745.0449829101562,745.27001953125,744.97998046875,745.25,28116,0.0,0.0,0.0
2026-09-25 13:15:00-04:00,745.2550048828125,745.3400268554688,745.135009765625,745.280029296875,52838,0.0,0.0,0.0
2026-09-25 13:16:00-04:00,745.2894897460938,745.2894897460938,745.1199951171875,745.1199951171875,9440,0.0,0.0,0.0
2026-09-25 13:17:00-04:00,745.135009765625,745.3900146484375,745.0999755859375,745.10498046875,23583,0.0,0.0,0.0
2026-09-25 13:18:00-04:00,745.1099853515625,745.1099853515625,744.9019775390625,745.010009765625,10886,0.0,0.0,0.0
2026-09-25 13:19:00-04:00,745.02001953125,745.0999755859375,744.9600219726562,744.97998046875,12445,0.0,0.0,0.0
2026-09-25 13:20:00-04:00,745.0,745.1898803710938,744.989990234375,745.155029296875,30390,0.0,0.0,0.0
2026-09-25 13:21:00-04:00,745.0999755859375,745.1300048828125,745.030029296875,745.0800170898438,31381,0.0,0.0,0.0
2026-09-25 13:22:00-04:00,745.0800170898438,745.25,745.0698852539062,745.110107421875,18255,0.0,0.0,0.0
2026-09-25 13:23:00-04:00,745.1400146484375,745.2999877929688,745.0999755859375,745.219970703125,41554,0.0,0.0,0.0
2026-09-25 13:24:00-04:00,745.260009765625,745.3200073242188,745.1900024414062,745.260009765625,19774,0.0,0.0,0.0
2026-09-25 13:25:00-04:00,745.3099975585938,745.3300170898438,745.1881713867188,745.1881713867188,18285,0.0,0.0,0.0
2026-09-25 13:26:00-04:00,745.2000122070312,745.219970703125,745.0999755859375,745.1300048828125,12136,0.0,0.0,0.0
2026-09-25 13:27:00-04:00,745.093017578125,745.1400146484375,745.030029296875,745.094970703125,8262,0.0,0.0,0.0
2026-09-25 13:28:00-04:00,745.0750122070312,745.2100219726562,745.0750122070312,745.1950073242188,7718,0.0,0.0,0.0
2026-09-25 13:29:00-04:00,745.135009765625,745.1928100585938,745.0927124023438,745.1928100585938,17391,0.0,0.0,0.0
2026-09-25 13:30:00-04:00,745.2000122070312,745.2999877929688,745.0700073242188,745.1699829101562,29022,0.0,0.0,0.0
2026-09-25 13:31:00-04:00,745.1599731445312,745.1599731445312,744.7999877929688,744.8200073242188,28444,0.0,0.0,0.0
2026-09-25 13:32:00-04:00,744.8200073242188,744.9400024414062,744.8200073242188,744.9349975585938,25367,0.0,0.0,0.0
2026-09-25 13:33:00-04:00,744.9500122070312,745.0900268554688,744.77001953125,744.77001953125,23405,0.0,0.0,0.0
2026-09-25 13:34:00-04:00,744.7849731445312,744.8099975585938,744.4802856445312,744.72998046875,28234,0.0,0.0,0.0
2026-09-25 13:35:00-04:00,744.7493896484375,744.8200073242188,744.6400756835938,744.7371826171875,17190,0.0,0.0,0.0
2026-09-25 13:36:00-04:00,744.7349853515625,744.843505859375,744.5850219726562,744.6300048828125,18626,0.0,0.0,0.0
2026-09-25 13:37:00-04:00,744.5999755859375,744.619873046875,744.423583984375,744.5247802734375,32724,0.0,0.0,0.0
2026-09-25 13:38:00-04:00,744.5549926757812,744.7100219726562,744.510009765625,744.6500244140625,13719,0.0,0.0,0.0
2026-09-25 13:39:00-04:00,744.635009765625,745.0900268554688,744.5999755859375,744.8200073242188,46368,0.0,0.0,0.0
2026-09-25 13:40:00-04:00,744.8350219726562,745.0999755859375,744.7899780273438,744.9157104492188,18829,0.0,0.0,0.0
2026-09-25 13:41:00-04:00,744.8800048828125,745.2000122070312,744.8800048828125,745.114990234375,16727,0.0,0.0,0.0
2026-09-25 13:42:00-04:00,745.14501953125,745.25,745.125,745.2100219726562,45725,0.0,0.0,0.0
2026-09-25 13:43:00-04:00,745.1799926757812,745.1799926757812,744.969970703125,745.0499877929688,45034,0.0,0.0,0.0
2026-09-25 13:44:00-04:00,745.02001953125,745.125,744.7899780273438,744.8900146484375,57429,0.0,0.0,0.0
2026-09-25 13:45:00-04:00,744.8200073242188,744.948974609375,744.7750244140625,744.8400268554688,22493,0.0,0.0,0.0
2026-09-25 13:46:00-04:00,744.8599853515625,744.9000244140625,744.7899780273438,744.8201293945312,7954,0.0,0.0,0.0
2026-09-25 13:47:00-04:00,744.8400268554688,744.8499755859375,744.72998046875,744.7899780273438,11560,0.0,0.0,0.0
2026-09-25 13:48:00-04:00,744.780029296875,744.9099731445312,744.75,744.8804931640625,19391,0.0,0.0,0.0
2026-09-25 13:49:00-04:00,744.969970703125,745.2000122070312,744.969970703125,745.2000122070312,16647,0.0,0.0,0.0
2026-09-25 13:50:00-04:00,745.1699829101562,745.1950073242188,745.0704956054688,745.14501953125,12730,0.0,0.0,0.0
2026-09-25 13:51:00-04:00,745.1500854492188,745.1649780273438,745.02001953125,745.0549926757812,27072,0.0,0.0,0.0
2026-09-25 13:52:00-04:00,745.0399780273438,745.0401000976562,744.7349853515625,744.7349853515625,15737,0.0,0.0,0.0
2026-09-25 13:53:00-04:00,744.7249755859375,744.8699951171875,744.6824951171875,744.8300170898438,25359,0.0,0.0,0.0
2026-09-25 13:54:00-04:00,744.8098754882812,744.8099975585938,744.5200805664062,744.719970703125,16204,0.0,0.0,0.0
2026-09-25 13:55:00-04:00,744.739990234375,744.8300170898438,744.7020263671875,744.7620239257812,7070,0.0,0.0,0.0
2026-09-25 13:56:00-04:00,744.8400268554688,744.9498901367188,744.77001953125,744.9400024414062,11778,0.0,0.0,0.0
2026-09-25 13:57:00-04:00,744.8803100585938,744.9149780273438,744.8452758789062,744.8452758789062,7410,0.0,0.0,0.0
2026-09-25 13:58:00-04:00,744.8599853515625,745.0,744.8599853515625,744.9400024414062,10079,0.0,0.0,0.0
2026-09-25 13:59:00-04:00,744.9000244140625,745.0180053710938,744.9000244140625,745.0180053710938,26115,0.0,0.0,0.0
2026-09-25 14:00:00-04:00,745.02001953125,745.1199951171875,744.969970703125,744.969970703125,38617,0.0,0.0,0.0
2026-09-25 14:01:00-04:00,744.9598999023438,745.1099853515625,744.9199829101562,745.0999755859375,8773,0.0,0.0,0.0
2026-09-25 14:02:00-04:00,745.0900268554688,745.0999755859375,744.9099731445312,744.9409790039062,10126,0.0,0.0,0.0
2026-09-25 14:03:00-04:00,745.0,745.0549926757812,744.9600219726562,745.010009765625,8228,0.0,0.0,0.0
2026-09-25 14:04:00-04:00,744.97998046875,744.97998046875,744.8599853515625,744.8699951171875,9831,0.0,0.0,0.0
2026-09-25 14:05:00-04:00,744.8800048828125,744.9749755859375,744.8200073242188,744.8200073242188,14767,0.0,0.0,0.0
2026-09-25 14:06:00-04:00,744.830078125,744.905029296875,744.7849731445312,744.905029296875,12201,0.0,0.0,0.0
2026-09-25 14:07:00-04:00,744.8099975585938,744.8499755859375,744.6749877929688,744.75,23587,0.0,0.0,0.0
2026-09-25 14:08:00-04:00,744.760009765625,745.018310546875,744.72998046875,745.0,10438,0.0,0.0,0.0
2026-09-25 14:09:00-04:00,745.0399780273438,745.0899047851562,744.9801025390625,745.0650024414062,16751,0.0,0.0,0.0
2026-09-25 14:10:00-04:00,745.0549926757812,745.0900268554688,745.010986328125,745.02001953125,8814,0.0,0.0,0.0
2026-09-25 14:11:00-04:00,745.0,745.0,744.9199829101562,744.97998046875,9906,0.0,0.0,0.0
2026-09-25 14:12:00-04:00,744.9429931640625,745.1400146484375,744.8800048828125,745.0900268554688,21761,0.0,0.0,0.0
2026-09-25 14:13:00-04:00,745.1102294921875,745.280029296875,745.1102294921875,745.260009765625,54022,0.0,0.0,0.0
2026-09-25 14:14:00-04:00,745.2550048828125,745.4299926757812,745.1799926757812,745.4005126953125,41410,0.0,0.0,0.0
2026-09-25 14:15:00-04:00,745.4075927734375,745.4500122070312,745.3201293945312,745.3201293945312,15785,0.0,0.0,0.0
2026-09-25 14:16:00-04:00,745.3200073242188,745.419921875,745.2999877929688,745.2999877929688,12796,0.0,0.0,0.0
2026-09-25 14:17:00-04:00,745.3499145507812,745.3699951171875,745.3099975585938,745.3599853515625,14624,0.0,0.0,0.0
2026-09-25 14:18:00-04:00,745.3676147460938,745.4456787109375,745.2224731445312,745.22998046875,36134,0.0,0.0,0.0
2026-09-25 14:19:00-04:00,745.2119750976562,745.2150268554688,745.0800170898438,745.2100219726562,14852,0.0,0.0,0.0
2026-09-25 14:20:00-04:00,745.2100219726562,745.27001953125,745.1995849609375,745.22998046875,23662,0.0,0.0,0.0
2026-09-25 14:21:00-04:00,745.2449951171875,745.2449951171875,745.0700073242188,745.0900268554688,13854,0.0,0.0,0.0
2026-09-25 14:22:00-04:00,745.0900268554688,745.1900024414062,744.9940185546875,744.9940185546875,19047,0.0,0.0,0.0
2026-09-25 14:23:00-04:00,745.0200805664062,745.14501953125,745.010009765625,745.1275024414062,10227,0.0,0.0,0.0
2026-09-25 14:24:00-04:00,745.1749877929688,745.25,745.1699829101562,745.1890258789062,13011,0.0,0.0,0.0
2026-09-25 14:25:00-04:00,745.1699829101562,745.274169921875,745.1599731445312,745.1699829101562,10281,0.0,0.0,0.0
2026-09-25 14:26:00-04:00,745.1600952148438,745.1600952148438,744.4749755859375,744.6199951171875,158732,0.0,0.0,0.0
2026-09-25 14:27:00-04:00,744.5750122070312,744.6900024414062,744.0999755859375,744.2000122070312,46125,0.0,0.0,0.0
2026-09-25 14:28:00-04:00,744.260009765625,744.4299926757812,744.0700073242188,744.3099975585938,72581,0.0,0.0,0.0
2026-09-25 14:29:00-04:00,744.2999877929688,744.5299072265625,744.1799926757812,744.510009765625,126766,0.0,0.0,0.0
2026-09-25 14:30:00-04:00,744.5399780273438,744.89501953125,744.5399780273438,744.8499755859375,29971,0.0,0.0,0.0
2026-09-25 14:31:00-04:00,744.8499755859375,745.111083984375,744.8400268554688,744.989990234375,57329,0.0,0.0,0.0
2026-09-25 14:32:00-04:00,744.97998046875,745.1300048828125,744.9299926757812,744.9349975585938,75384,0.0,0.0,0.0
2026-09-25 14:33:00-04:00,744.989990234375,745.0798950195312,744.905029296875,745.0,9821,0.0,0.0,0.0
2026-09-25 14:34:00-04:00,745.030029296875,745.030029296875,744.8699951171875,744.8800048828125,14791,0.0,0.0,0.0
2026-09-25 14:35:00-04:00,744.85498046875,744.8800048828125,744.7000122070312,744.8400268554688,15397,0.0,0.0,0.0
2026-09-25 14:36:00-04:00,744.8565063476562,744.9000244140625,744.8250122070312,744.8350219726562,19543,0.0,0.0,0.0
2026-09-25 14:37:00-04:00,744.8101196289062,744.8699951171875,744.3200073242188,744.3800048828125,32640,0.0,0.0,0.0
2026-09-25 14:38:00-04:00,744.364990234375,744.3800048828125,744.2249755859375,744.3300170898438,45969,0.0,0.0,0.0
2026-09-25 14:39:00-04:00,744.3400268554688,744.3699951171875,744.1799926757812,744.2000122070312,38195,0.0,0.0,0.0
2026-09-25 14:40:00-04:00,744.2100219726562,744.2100219726562,743.97998046875,744.1099243164062,59624,0.0,0.0,0.0
2026-09-25 14:41:00-04:00,744.1500244140625,744.2899780273438,744.119384765625,744.260009765625,20397,0.0,0.0,0.0
2026-09-25 14:42:00-04:00,744.27001953125,744.5150146484375,744.2680053710938,744.5,27732,0.0,0.0,0.0
2026-09-25 14:43:00-04:00,744.4949951171875,744.5501098632812,744.4401245117188,744.530029296875,15480,0.0,0.0,0.0
2026-09-25 14:44:00-04:00,744.52001953125,744.719970703125,744.47998046875,744.719970703125,15044,0.0,0.0,0.0
2026-09-25 14:45:00-04:00,744.7000732421875,744.77001953125,744.6300048828125,744.6400146484375,20383,0.0,0.0,0.0
2026-09-25 14:46:00-04:00,744.655029296875,744.6849975585938,744.4500122070312,744.4749755859375,40928,0.0,0.0,0.0
2026-09-25 14:47:00-04:00,744.4553833007812,744.4749755859375,744.239990234375,744.239990234375,25266,0.0,0.0,0.0
2026-09-25 14:48:00-04:00,744.2750244140625,744.4199829101562,744.25,744.3900146484375,133417,0.0,0.0,0.0
2026-09-25 14:49:00-04:00,744.4000244140625,744.4295043945312,744.3375854492188,744.3375854492188,18854,0.0,0.0,0.0
2026-09-25 14:50:00-04:00,744.3400268554688,744.375,744.239990234375,744.2999877929688,21836,0.0,0.0,0.0
2026-09-25 14:51:00-04:00,744.27001953125,744.3779907226562,744.1810302734375,744.3099975585938,19517,0.0,0.0,0.0
2026-09-25 14:52:00-04:00,744.3099975585938,744.419921875,744.2750244140625,744.3972778320312,25886,0.0,0.0,0.0
2026-09-25 14:53:00-04:00,744.3900146484375,744.4099731445312,744.280029296875,744.3200073242188,42531,0.0,0.0,0.0
2026-09-25 14:54:00-04:00,744.3099975585938,744.3200073242188,744.1019897460938,744.1799926757812,21092,0.0,0.0,0.0
2026-09-25 14:55:00-04:00,744.1599731445312,744.260009765625,744.159912109375,744.1699829101562,30592,0.0,0.0,0.0
2026-09-25 14:56:00-04:00,744.1799926757812,744.22998046875,744.0599975585938,744.0599975585938,15178,0.0,0.0,0.0
2026-09-25 14:57:00-04:00,744.0549926757812,744.1099243164062,743.97998046875,744.0599975585938,30683,0.0,0.0,0.0
2026-09-25 14:58:00-04:00,744.0750122070312,744.159912109375,743.989990234375,744.159912109375,15010,0.0,0.0,0.0
2026-09-25 14:59:00-04:00,744.1464233398438,744.1649780273438,743.9400024414062,743.9500122070312,19466,0.0,0.0,0.0
2026-09-25 15:00:00-04:00,743.989990234375,744.25,743.989990234375,744.0399780273438,42486,0.0,0.0,0.0
2026-09-25 15:01:00-04:00,744.0800170898438,744.4099731445312,743.9600219726562,744.0,61834,0.0,0.0,0.0
2026-09-25 15:02:00-04:00,744.0150146484375,744.030029296875,743.860107421875,743.9467163085938,28233,0.0,0.0,0.0
2026-09-25 15:03:00-04:00,743.9500122070312,744.0999755859375,743.8499755859375,744.0800170898438,45782,0.0,0.0,0.0
2026-09-25 15:04:00-04:00,744.0800170898438,744.2899780273438,744.0700073242188,744.2352294921875,58334,0.0,0.0,0.0
2026-09-25 15:05:00-04:00,744.2418212890625,744.3800048828125,744.1699829101562,744.3099975585938,28170,0.0,0.0,0.0
2026-09-25 15:06:00-04:00,744.3099975585938,744.4000244140625,744.1699829101562,744.2000732421875,21153,0.0,0.0,0.0
2026-09-25 15:07:00-04:00,744.2050170898438,744.489990234375,744.1900024414062,744.4299926757812,27205,0.0,0.0,0.0
2026-09-25 15:08:00-04:00,744.4600219726562,744.5,744.3900756835938,744.489990234375,15904,0.0,0.0,0.0
2026-09-25 15:09:00-04:00,744.47998046875,744.489990234375,744.3200073242188,744.3800048828125,13087,0.0,0.0,0.0
2026-09-25 15:10:00-04:00,744.4199829101562,744.489990234375,744.385009765625,744.4650268554688,24915,0.0,0.0,0.0
2026-09-25 15:11:00-04:00,744.4500122070312,744.4500122070312,744.2899780273438,744.4000244140625,16525,0.0,0.0,0.0
2026-09-25 15:12:00-04:00,744.388427734375,744.5499877929688,744.344970703125,744.5098876953125,17730,0.0,0.0,0.0
2026-09-25 15:13:00-04:00,744.52001953125,744.5999755859375,744.4299926757812,744.5900268554688,17395,0.0,0.0,0.0
2026-09-25 15:14:00-04:00,744.5750122070312,744.7000122070312,744.5499877929688,744.6699829101562,109039,0.0,0.0,0.0
2026-09-25 15:15:00-04:00,744.6699829101562,744.7899169921875,744.5700073242188,744.6300048828125,21167,0.0,0.0,0.0
2026-09-25 15:16:00-04:00,744.6300048828125,744.6409912109375,744.5200805664062,744.5700073242188,15802,0.0,0.0,0.0
2026-09-25 15:17:00-04:00,744.552490234375,744.6099853515625,744.469970703125,744.530029296875,23686,0.0,0.0,0.0
2026-09-25 15:18:00-04:00,744.5900268554688,744.6099853515625,744.52001953125,744.6099243164062,13126,0.0,0.0,0.0
2026-09-25 15:19:00-04:00,744.5800170898438,744.5800170898438,744.3699951171875,744.3699951171875,22791,0.0,0.0,0.0
2026-09-25 15:20:00-04:00,744.4000244140625,744.4500122070312,744.2318725585938,744.239990234375,53909,0.0,0.0,0.0
2026-09-25 15:21:00-04:00,744.2100219726562,744.3499755859375,744.1799926757812,744.2999877929688,22821,0.0,0.0,0.0
2026-09-25 15:22:00-04:00,744.3099975585938,744.3350219726562,744.0800170898438,744.1057739257812,21799,0.0,0.0,0.0
2026-09-25 15:23:00-04:00,744.0900268554688,744.135009765625,744.02001953125,744.125,24025,0.0,0.0,0.0
2026-09-25 15:24:00-04:00,744.135009765625,744.3300170898438,744.1199951171875,744.2000122070312,17306,0.0,0.0,0.0
2026-09-25 15:25:00-04:00,744.2000122070312,744.2100219726562,744.0499877929688,744.0800170898438,22982,0.0,0.0,0.0
2026-09-25 15:26:00-04:00,744.0712280273438,744.0900268554688,743.72998046875,743.8699951171875,152862,0.0,0.0,0.0
2026-09-25 15:27:00-04:00,743.8699951171875,743.9848022460938,743.8099975585938,743.9299926757812,29756,0.0,0.0,0.0
2026-09-25 15:28:00-04:00,743.9299926757812,744.0399780273438,743.8350219726562,743.8555908203125,23188,0.0,0.0,0.0
2026-09-25 15:29:00-04:00,743.8400268554688,743.9000244140625,743.7349853515625,743.8699951171875,37069,0.0,0.0,0.0
2026-09-25 15:30:00-04:00,743.8699951171875,743.905029296875,743.6900024414062,743.75,151906,0.0,0.0,0.0
2026-09-25 15:31:00-04:00,743.75,743.9395751953125,743.7100219726562,743.9299926757812,175857,0.0,0.0,0.0
2026-09-25 15:32:00-04:00,743.9400024414062,743.969970703125,743.8300170898438,743.9110107421875,83986,0.0,0.0,0.0
2026-09-25 15:33:00-04:00,743.9000244140625,743.9375,743.7899780273438,743.844970703125,78902,0.0,0.0,0.0
2026-09-25 15:34:00-04:00,743.8300170898438,743.8499755859375,743.52001953125,743.530029296875,138859,0.0,0.0,0.0
2026-09-25 15:35:00-04:00,743.5349731445312,743.5700073242188,743.4500122070312,743.52001953125,85747,0.0,0.0,0.0
2026-09-25 15:36:00-04:00,743.510009765625,743.5770263671875,743.3510131835938,743.5700073242188,45654,0.0,0.0,0.0
2026-09-25 15:37:00-04:00,743.5532836914062,744.0798950195312,743.5250244140625,744.010009765625,108022,0.0,0.0,0.0
2026-09-25 15:38:00-04:00,744.030029296875,744.25,743.97998046875,744.1300048828125,56355,0.0,0.0,0.0
2026-09-25 15:39:00-04:00,744.131103515625,744.22998046875,744.0800170898438,744.2000122070312,174811,0.0,0.0,0.0
2026-09-25 15:40:00-04:00,744.1900024414062,744.1900024414062,744.010009765625,744.1099853515625,47479,0.0,0.0,0.0
2026-09-25 15:41:00-04:00,744.094970703125,744.277099609375,744.06689453125,744.1599731445312,85907,0.0,0.0,0.0
2026-09-25 15:42:00-04:00,744.1749877929688,744.3900146484375,744.1749877929688,744.3200073242188,74294,0.0,0.0,0.0
2026-09-25 15:43:00-04:00,744.3400268554688,744.6300048828125,744.3389892578125,744.6199951171875,49425,0.0,0.0,0.0
2026-09-25 15:44:00-04:00,744.6192016601562,744.6400146484375,744.3800048828125,744.4450073242188,76646,0.0,0.0,0.0
2026-09-25 15:45:00-04:00,744.4600219726562,745.0,744.4600219726562,744.8499755859375,162381,0.0,0.0,0.0
2026-09-25 15:46:00-04:00,744.8499755859375,745.0999755859375,744.7901000976562,745.0598754882812,80163,0.0,0.0,0.0
2026-09-25 15:47:00-04:00,745.0399780273438,745.0800170898438,744.8945922851562,744.969970703125,74734,0.0,0.0,0.0
2026-09-25 15:48:00-04:00,744.989990234375,745.010009765625,744.8300170898438,744.875,70192,0.0,0.0,0.0
2026-09-25 15:49:00-04:00,744.8800048828125,744.9299926757812,744.8200073242188,744.8599853515625,80657,0.0,0.0,0.0
2026-09-25 15:50:00-04:00,744.8699951171875,745.3900756835938,744.8699951171875,745.3900756835938,132523,0.0,0.0,0.0
2026-09-25 15:51:00-04:00,745.4000244140625,745.510009765625,745.143798828125,745.280029296875,97116,0.0,0.0,0.0
2026-09-25 15:52:00-04:00,745.2899780273438,745.4000244140625,745.1799926757812,745.219970703125,76565,0.0,0.0,0.0
2026-09-25 15:53:00-04:00,745.2000122070312,745.3599853515625,745.1201782226562,745.239990234375,90787,0.0,0.0,0.0
2026-09-25 15:54:00-04:00,745.260009765625,745.2899780273438,744.8900146484375,744.9299926757812,119657,0.0,0.0,0.0
2026-09-25 15:55:00-04:00,744.9500122070312,745.0999755859375,744.6599731445312,744.6599731445312,387475,0.0,0.0,0.0
2026-09-25 15:56:00-04:00,744.6799926757812,744.7000122070312,744.4232788085938,744.510009765625,918147,0.0,0.0,0.0
2026-09-25 15:57:00-04:00,744.510009765625,744.77001953125,744.510009765625,744.719970703125,263859,0.0,0.0,0.0
2026-09-25 15:58:00-04:00,744.7319946289062,744.8200073242188,744.6099853515625,744.6900024414062,244669,0.0,0.0,0.0
2026-09-25 15:59:00-04:00,744.6799926757812,744.72998046875,744.280029296875,744.4400024414062,496550,0.0,0.0,0.0
2026-09-28 09:30:00-04:00,740.4550170898438,740.698974609375,739.8099975585938,739.860107421875,2288985,0.0,0.0,0.0
2026-09-28 09:31:00-04:00,739.8800048828125,740.3629150390625,739.4146728515625,740.2399291992188,143318,0.0,0.0,0.0
2026-09-28 09:32:00-04:00,740.2830200195312,741.4199829101562,740.2420043945312,740.9249877929688,171965,0.0,0.0,0.0
2026-09-28 09:33:00-04:00,740.8900146484375,740.9299926757812,739.8499755859375,740.2449951171875,128638,0.0,0.0,0.0
2026-09-28 09:34:00-04:00,740.280029296875,740.280029296875,739.4299926757812,739.5189819335938,83876,0.0,0.0,0.0
2026-09-28 09:35:00-04:00,739.489990234375,739.489990234375,738.1099853515625,738.3099975585938,166776,0.0,0.0,0.0
2026-09-28 09:36:00-04:00,738.27001953125,739.1699829101562,738.0449829101562,739.013671875,150891,0.0,0.0,0.0
2026-09-28 09:37:00-04:00,739.0599975585938,739.27001953125,738.6400146484375,738.6400146484375,76290,0.0,0.0,0.0
2026-09-28 09:38:00-04:00,738.6799926757812,738.9384765625,738.2119750976562,738.6599731445312,83126,0.0,0.0,0.0
2026-09-28 09:39:00-04:00,738.7100219726562,739.1599731445312,738.6199951171875,738.6599731445312,71997,0.0,0.0,0.0
2026-09-28 09:40:00-04:00,738.6799926757812,739.02001953125,738.4819946289062,738.739990234375,49187,0.0,0.0,0.0
2026-09-28 09:41:00-04:00,738.8142700195312,738.8142700195312,738.1599731445312,738.25,101645,0.0,0.0,0.0
2026-09-28 09:42:00-04:00,738.280029296875,738.8300170898438,738.2160034179688,738.5999755859375,43270,0.0,0.0,0.0
2026-09-28 09:43:00-04:00,738.6300048828125,738.77001953125,738.4500122070312,738.6099853515625,65251,0.0,0.0,0.0
2026-09-28 09:44:00-04:00,738.6879272460938,738.6879272460938,737.6500244140625,737.9799194335938,106526,0.0,0.0,0.0
2026-09-28 09:45:00-04:00,737.919921875,738.0800170898438,737.5399780273438,737.7000122070312,72568,0.0,0.0,0.0
2026-09-28 09:46:00-04:00,737.719970703125,738.0,737.4400024414062,737.8599853515625,74982,0.0,0.0,0.0
2026-09-28 09:47:00-04:00,737.9000244140625,738.530029296875,737.7899780273438,738.1179809570312,103738,0.0,0.0,0.0
2026-09-28 09:48:00-04:00,738.2750244140625,738.5800170898438,737.969970703125,738.4099731445312,40981,0.0,0.0,0.0
2026-09-28 09:49:00-04:00,738.4450073242188,738.7899169921875,738.1599731445312,738.3150024414062,92200,0.0,0.0,0.0
2026-09-28 09:50:00-04:00,738.2999877929688,738.489990234375,737.6599731445312,737.8599853515625,78432,0.0,0.0,0.0
2026-09-28 09:51:00-04:00,737.8400268554688,737.8400268554688,737.219970703125,737.3699951171875,84006,0.0,0.0,0.0
2026-09-28 09:52:00-04:00,737.39501953125,737.9099731445312,737.2803955078125,737.8098754882812,71390,0.0,0.0,0.0
2026-09-28 09:53:00-04:00,737.8699951171875,738.760009765625,737.8200073242188,738.6099853515625,75071,0.0,0.0,0.0
2026-09-28 09:54:00-04:00,738.6599731445312,739.1900024414062,738.5599975585938,738.8400268554688,63957,0.0,0.0,0.0
2026-09-28 09:55:00-04:00,738.8499755859375,739.239990234375,738.5700073242188,738.6400146484375,105131,0.0,0.0,0.0
2026-09-28 09:56:00-04:00,738.5750122070312,738.6199951171875,738.22998046875,738.3599853515625,54501,0.0,0.0,0.0
2026-09-28 09:57:00-04:00,738.3599853515625,739.0499877929688,738.3200073242188,739.0247802734375,55741,0.0,0.0,0.0
2026-09-28 09:58:00-04:00,739.061279296875,739.1599731445312,738.8400268554688,738.9099731445312,46491,0.0,0.0,0.0
2026-09-28 09:59:00-04:00,738.9000244140625,738.97998046875,738.6400146484375,738.8250122070312,25963,0.0,0.0,0.0
2026-09-28 10:00:00-04:00,738.8300170898438,738.9299926757812,738.4500122070312,738.9299926757812,27335,0.0,0.0,0.0
2026-09-28 10:01:00-04:00,738.9299926757812,738.969970703125,738.4199829101562,738.5,32137,0.0,0.0,0.0
2026-09-28 10:02:00-04:00,738.5750122070312,738.5900268554688,738.1699829101562,738.3070068359375,115591,0.0,0.0,0.0
2026-09-28 10:03:00-04:00,738.2899780273438,738.385009765625,737.8599853515625,738.010009765625,36005,0.0,0.0,0.0
2026-09-28 10:04:00-04:00,737.9600219726562,738.02001953125,737.4500122070312,737.4949951171875,47324,0.0,0.0,0.0
2026-09-28 10:05:00-04:00,737.510009765625,737.541015625,736.969970703125,737.1099853515625,99975,0.0,0.0,0.0
2026-09-28 10:06:00-04:00,737.0999755859375,737.280029296875,736.8400268554688,737.280029296875,96341,0.0,0.0,0.0
2026-09-28 10:07:00-04:00,737.3090209960938,737.4400024414062,736.8499145507812,737.0499267578125,70292,0.0,0.0,0.0
2026-09-28 10:08:00-04:00,737.0499877929688,737.1599731445312,736.780029296875,736.8800048828125,63045,0.0,0.0,0.0
2026-09-28 10:09:00-04:00,736.9299926757812,737.2249755859375,736.7100219726562,736.7100219726562,48631,0.0,0.0,0.0
2026-09-28 10:10:00-04:00,736.7000122070312,736.7000122070312,736.219970703125,736.2387084960938,116467,0.0,0.0,0.0
2026-09-28 10:11:00-04:00,736.2490844726562,736.2598266601562,735.780029296875,735.97998046875,333671,0.0,0.0,0.0
2026-09-28 10:12:00-04:00,735.97998046875,736.0999755859375,735.7000122070312,735.8101196289062,137246,0.0,0.0,0.0
2026-09-28 10:13:00-04:00,735.8400268554688,736.1199951171875,735.6799926757812,735.9600219726562,90188,0.0,0.0,0.0
2026-09-28 10:14:00-04:00,735.9400024414062,735.9550170898438,735.3099975585938,735.659912109375,128755,0.0,0.0,0.0
2026-09-28 10:15:00-04:00,735.6599731445312,736.4299926757812,735.6599731445312,736.0850219726562,93758,0.0,0.0,0.0
2026-09-28 10:16:00-04:00,736.0999755859375,736.4299926757812,735.9299926757812,736.4080810546875,77916,0.0,0.0,0.0
2026-09-28 10:17:00-04:00,736.4299926757812,736.7999877929688,736.2999877929688,736.7899780273438,87351,0.0,0.0,0.0
2026-09-28 10:18:00-04:00,736.8049926757812,736.989990234375,736.6950073242188,736.844970703125,92740,0.0,0.0,0.0
2026-09-28 10:19:00-04:00,736.8499755859375,737.0,736.7990112304688,736.8699951171875,62902,0.0,0.0,0.0
2026-09-28 10:20:00-04:00,736.8200073242188,737.1500244140625,736.4600219726562,737.0499877929688,95593,0.0,0.0,0.0
2026-09-28 10:21:00-04:00,737.0499877929688,737.155029296875,736.594970703125,736.8099975585938,34082,0.0,0.0,0.0
2026-09-28 10:22:00-04:00,736.8400268554688,737.5300903320312,736.8375854492188,737.510009765625,57498,0.0,0.0,0.0
2026-09-28 10:23:00-04:00,737.489990234375,737.489990234375,737.1599731445312,737.239990234375,30946,0.0,0.0,0.0
2026-09-28 10:24:00-04:00,737.2338256835938,737.25,737.0499877929688,737.25,44886,0.0,0.0,0.0
2026-09-28 10:25:00-04:00,737.219970703125,737.27001953125,736.8099975585938,736.8300170898438,46092,0.0,0.0,0.0
2026-09-28 10:26:00-04:00,736.8699951171875,736.9299926757812,736.4749755859375,736.6950073242188,152127,0.0,0.0,0.0
2026-09-28 10:27:00-04:00,736.77001953125,736.8400268554688,736.6099853515625,736.70947265625,318576,0.0,0.0,0.0
2026-09-28 10:28:00-04:00,736.6699829101562,736.8099975585938,736.52001953125,736.739990234375,33856,0.0,0.0,0.0
2026-09-28 10:29:00-04:00,736.75,736.75,736.1699829101562,736.3099975585938,43322,0.0,0.0,0.0
2026-09-28 10:30:00-04:00,736.280029296875,736.3499755859375,736.1300048828125,736.2650146484375,31636,0.0,0.0,0.0
2026-09-28 10:31:00-04:00,736.2374267578125,736.3200073242188,736.0800170898438,736.239990234375,84194,0.0,0.0,0.0
2026-09-28 10:32:00-04:00,736.239990234375,736.47998046875,736.1400146484375,736.4600219726562,110683,0.0,0.0,0.0
2026-09-28 10:33:00-04:00,736.4600219726562,736.6500244140625,736.1099853515625,736.260009765625,48730,0.0,0.0,0.0
2026-09-28 10:34:00-04:00,736.2650146484375,736.3599853515625,736.219970703125,736.260009765625,32842,0.0,0.0,0.0
2026-09-28 10:35:00-04:00,736.260009765625,736.3499755859375,736.02001953125,736.0800170898438,46219,0.0,0.0,0.0
2026-09-28 10:36:00-04:00,736.0999755859375,736.27001953125,735.9199829101562,735.97998046875,50489,0.0,0.0,0.0
2026-09-28 10:37:00-04:00,735.969970703125,736.1300048828125,735.4299926757812,735.4500122070312,133852,0.0,0.0,0.0
2026-09-28 10:38:00-04:00,735.4299926757812,735.469970703125,734.8800048828125,735.1099853515625,275517,0.0,0.0,0.0
2026-09-28 10:39:00-04:00,735.0900268554688,735.3499755859375,735.0,735.0700073242188,123100,0.0,0.0,0.0
2026-09-28 10:40:00-04:00,735.1199951171875,735.385009765625,734.9600219726562,735.1500244140625,63731,0.0,0.0,0.0
2026-09-28 10:41:00-04:00,735.1300048828125,735.27001953125,734.830078125,735.130126953125,101470,0.0,0.0,0.0
2026-09-28 10:42:00-04:00,735.1400146484375,735.1400146484375,734.5701293945312,734.6500244140625,65355,0.0,0.0,0.0
2026-09-28 10:43:00-04:00,734.6300048828125,734.6500244140625,733.5700073242188,733.7299194335938,391591,0.0,0.0,0.0
2026-09-28 10:44:00-04:00,733.719970703125,733.719970703125,733.2999877929688,733.3699951171875,295009,0.0,0.0,0.0
2026-09-28 10:45:00-04:00,733.3900146484375,733.489990234375,732.6309814453125,732.8699951171875,189853,0.0,0.0,0.0
2026-09-28 10:46:00-04:00,732.8900146484375,733.0499877929688,732.5650024414062,732.6849975585938,224346,0.0,0.0,0.0
2026-09-28 10:47:00-04:00,732.6599731445312,732.6699829101562,731.739990234375,731.9949951171875,485995,0.0,0.0,0.0
2026-09-28 10:48:00-04:00,732.0050048828125,732.1950073242188,731.6300048828125,732.0999755859375,251463,0.0,0.0,0.0
2026-09-28 10:49:00-04:00,732.1199951171875,732.469970703125,732.1199951171875,732.3300170898438,209119,0.0,0.0,0.0
2026-09-28 10:50:00-04:00,732.3300170898438,733.0,732.239990234375,732.7999877929688,230862,0.0,0.0,0.0
2026-09-28 10:51:00-04:00,732.77197265625,732.8599853515625,732.3200073242188,732.3400268554688,97744,0.0,0.0,0.0
2026-09-28 10:52:00-04:00,732.3099975585938,732.6500244140625,732.1699829101562,732.3099975585938,97825,0.0,0.0,0.0
2026-09-28 10:53:00-04:00,732.2689208984375,732.6199951171875,732.1699829101562,732.260009765625,88524,0.0,0.0,0.0
2026-09-28 10:54:00-04:00,732.2899780273438,732.4450073242188,732.0399780273438,732.1699829101562,125739,0.0,0.0,0.0
2026-09-28 10:55:00-04:00,732.1699829101562,732.2899780273438,731.989990234375,732.02001953125,194440,0.0,0.0,0.0
2026-09-28 10:56:00-04:00,732.0449829101562,732.9199829101562,732.0449829101562,732.8599853515625,92177,0.0,0.0,0.0
2026-09-28 10:57:00-04:00,732.8300170898438,733.0800170898438,732.5999755859375,732.9500122070312,72838,0.0,0.0,0.0
2026-09-28 10:58:00-04:00,732.9749755859375,733.1599731445312,732.6900024414062,732.8200073242188,105213,0.0,0.0,0.0
2026-09-28 10:59:00-04:00,732.8400268554688,732.9194946289062,732.5900268554688,732.8905029296875,53074,0.0,0.0,0.0
2026-09-28 11:00:00-04:00,732.9400024414062,733.260009765625,732.8499755859375,733.030029296875,82389,0.0,0.0,0.0
2026-09-28 11:01:00-04:00,733.0700073242188,733.5,732.9974975585938,733.219970703125,89883,0.0,0.0,0.0
2026-09-28 11:02:00-04:00,733.2999877929688,733.5599975585938,733.25,733.3900756835938,69656,0.0,0.0,0.0
2026-09-28 11:03:00-04:00,733.4199829101562,733.7899780273438,733.4099731445312,733.760009765625,103824,0.0,0.0,0.0
2026-09-28 11:04:00-04:00,733.77001953125,733.77001953125,733.5499877929688,733.6699829101562,35016,0.0,0.0,0.0
2026-09-28 11:05:00-04:00,733.7100219726562,733.8800048828125,733.5800170898438,733.6901245117188,189558,0.0,0.0,0.0
2026-09-28 11:06:00-04:00,733.72998046875,734.0900268554688,733.3900146484375,734.0189819335938,103906,0.0,0.0,0.0
2026-09-28 11:07:00-04:00,734.0599975585938,734.6395874023438,734.0599975585938,734.5808715820312,155732,0.0,0.0,0.0
2026-09-28 11:08:00-04:00,734.6199951171875,734.8300170898438,734.4732055664062,734.5150146484375,85894,0.0,0.0,0.0
2026-09-28 11:09:00-04:00,734.5399780273438,734.8900146484375,734.510009765625,734.8900146484375,79803,0.0,0.0,0.0
2026-09-28 11:10:00-04:00,734.9000244140625,735.02001953125,734.5800170898438,734.5800170898438,106014,0.0,0.0,0.0
2026-09-28 11:11:00-04:00,734.6099853515625,735.0399780273438,734.5549926757812,734.8200073242188,52419,0.0,0.0,0.0
2026-09-28 11:12:00-04:00,734.780029296875,735.0399780273438,734.719970703125,734.989990234375,147809,0.0,0.0,0.0
2026-09-28 11:13:00-04:00,735.0150146484375,735.1199951171875,734.7849731445312,734.8599853515625,68177,0.0,0.0,0.0
2026-09-28 11:14:00-04:00,734.823974609375,734.8400268554688,734.4849853515625,734.6599731445312,160969,0.0,0.0,0.0
2026-09-28 11:15:00-04:00,734.6500244140625,734.6799926757812,734.4299926757812,734.4299926757812,74589,0.0,0.0,0.0
2026-09-28 11:16:00-04:00,734.4249877929688,734.4301147460938,734.0302734375,734.1300048828125,74929,0.0,0.0,0.0
2026-09-28 11:17:00-04:00,734.1199951171875,734.1599731445312,733.8499755859375,734.1019897460938,56545,0.0,0.0,0.0
2026-09-28 11:18:00-04:00,734.1309814453125,734.2777099609375,733.9168701171875,734.0999755859375,44861,0.0,0.0,0.0
2026-09-28 11:19:00-04:00,734.0850219726562,734.4000244140625,733.9509887695312,734.25,38467,0.0,0.0,0.0
2026-09-28 11:20:00-04:00,734.25,734.3699951171875,734.1300048828125,734.3400268554688,24748,0.0,0.0,0.0
2026-09-28 11:21:00-04:00,734.3201293945312,734.3599853515625,734.0,734.1500244140625,50608,0.0,0.0,0.0
2026-09-28 11:22:00-04:00,734.02099609375,734.2000122070312,733.964599609375,734.02001953125,57519,0.0,0.0,0.0
2026-09-28 11:23:00-04:00,734.02001953125,734.3800048828125,734.02001953125,734.2949829101562,34712,0.0,0.0,0.0
2026-09-28 11:24:00-04:00,734.2999877929688,734.5800170898438,734.1799926757812,734.4199829101562,1572167,0.0,0.0,0.0
2026-09-28 11:25:00-04:00,734.4099731445312,734.9400024414062,734.1500244140625,734.780029296875,137817,0.0,0.0,0.0
2026-09-28 11:26:00-04:00,734.7449951171875,735.10498046875,734.5900268554688,735.0999755859375,65292,0.0,0.0,0.0
2026-09-28 11:27:00-04:00,735.110107421875,735.110107421875,734.8400268554688,734.909912109375,34419,0.0,0.0,0.0
2026-09-28 11:28:00-04:00,734.93798828125,735.02001953125,734.72998046875,734.8599853515625,30489,0.0,0.0,0.0
2026-09-28 11:29:00-04:00,734.8511962890625,735.02001953125,734.7449951171875,734.9251708984375,36165,0.0,0.0,0.0
2026-09-28 11:30:00-04:00,734.9299926757812,735.0,734.7000122070312,734.9600219726562,147500,0.0,0.0,0.0
2026-09-28 11:31:00-04:00,734.9199829101562,734.97998046875,734.4464721679688,734.530029296875,26122,0.0,0.0,0.0
2026-09-28 11:32:00-04:00,734.5399780273438,734.9349975585938,734.5399780273438,734.8399047851562,152384,0.0,0.0,0.0
2026-09-28 11:33:00-04:00,734.9000244140625,734.9600219726562,734.52001953125,734.5499877929688,20322,0.0,0.0,0.0
2026-09-28 11:34:00-04:00,734.5800170898438,734.9534301757812,734.5499877929688,734.89501953125,42627,0.0,0.0,0.0
2026-09-28 11:35:00-04:00,734.9229736328125,735.0574951171875,734.7650146484375,734.97998046875,49376,0.0,0.0,0.0
2026-09-28 11:36:00-04:00,735.0050048828125,735.510009765625,735.0050048828125,735.47998046875,95748,0.0,0.0,0.0
2026-09-28 11:37:00-04:00,735.4949951171875,735.6300048828125,735.4000244140625,735.5098876953125,66965,0.0,0.0,0.0
2026-09-28 11:38:00-04:00,735.510009765625,735.7899780273438,735.4600219726562,735.7050170898438,56942,0.0,0.0,0.0
2026-09-28 11:39:00-04:00,735.6749877929688,735.8099975585938,735.5999755859375,735.6950073242188,37416,0.0,0.0,0.0
2026-09-28 11:40:00-04:00,735.72998046875,735.7338256835938,734.9199829101562,734.9650268554688,96327,0.0,0.0,0.0
2026-09-28 11:41:00-04:00,734.97998046875,735.030029296875,734.4550170898438,734.489990234375,65895,0.0,0.0,0.0
2026-09-28 11:42:00-04:00,734.489990234375,734.6400146484375,734.3900146484375,734.3900146484375,55984,0.0,0.0,0.0
2026-09-28 11:43:00-04:00,734.3800048828125,734.4299926757812,734.0599975585938,734.0599975585938,28050,0.0,0.0,0.0
2026-09-28 11:44:00-04:00,734.0750122070312,734.4500122070312,734.0499877929688,734.4500122070312,26451,0.0,0.0,0.0
2026-09-28 11:45:00-04:00,734.4400024414062,734.4500122070312,734.2100219726562,734.4299926757812,33832,0.0,0.0,0.0
2026-09-28 11:46:00-04:00,734.3800048828125,734.6199951171875,734.2349853515625,734.4600219726562,59484,0.0,0.0,0.0
2026-09-28 11:47:00-04:00,734.4600219726562,734.6544799804688,734.4119873046875,734.5999755859375,26116,0.0,0.0,0.0
2026-09-28 11:48:00-04:00,734.6099853515625,734.77001953125,734.5999755859375,734.5999755859375,34019,0.0,0.0,0.0
2026-09-28 11:49:00-04:00,734.6300048828125,734.8499755859375,734.6199951171875,734.7050170898438,20414,0.0,0.0,0.0
2026-09-28 11:50:00-04:00,734.719970703125,735.0599975585938,734.6799926757812,734.8699951171875,51142,0.0,0.0,0.0
2026-09-28 11:51:00-04:00,734.875,734.875,734.60498046875,734.7000122070312,41763,0.0,0.0,0.0
2026-09-28 11:52:00-04:00,734.7100219726562,734.8099975585938,734.5800170898438,734.6500244140625,35915,0.0,0.0,0.0
2026-09-28 11:53:00-04:00,734.6400146484375,734.9099731445312,734.52001953125,734.8300170898438,46456,0.0,0.0,0.0
2026-09-28 11:54:00-04:00,734.8350219726562,735.22998046875,734.7899780273438,735.22998046875,126011,0.0,0.0,0.0
2026-09-28 11:55:00-04:00,735.239990234375,735.489990234375,735.219970703125,735.385009765625,63596,0.0,0.0,0.0
2026-09-28 11:56:00-04:00,735.39501953125,735.6500244140625,735.3499755859375,735.60498046875,35288,0.0,0.0,0.0
2026-09-28 11:57:00-04:00,735.64501953125,735.6699829101562,735.3822021484375,735.4400024414062,50781,0.0,0.0,0.0
2026-09-28 11:58:00-04:00,735.489990234375,735.5999755859375,735.3900146484375,735.5499877929688,29189,0.0,0.0,0.0
2026-09-28 11:59:00-04:00,735.5399780273438,735.719970703125,735.530029296875,735.6300048828125,27827,0.0,0.0,0.0
2026-09-28 12:00:00-04:00,735.5963134765625,735.6799926757812,735.1799926757812,735.3499755859375,59374,0.0,0.0,0.0
2026-09-28 12:01:00-04:00,735.3300170898438,735.4500122070312,735.090087890625,735.219970703125,40623,0.0,0.0,0.0
2026-09-28 12:02:00-04:00,735.2449951171875,735.3099975585938,735.1599731445312,735.27001953125,26906,0.0,0.0,0.0
2026-09-28 12:03:00-04:00,735.27001953125,735.375,735.1099853515625,735.2249755859375,80047,0.0,0.0,0.0
2026-09-28 12:04:00-04:00,735.22998046875,735.3599853515625,735.1400146484375,735.3099975585938,43333,0.0,0.0,0.0
2026-09-28 12:05:00-04:00,735.1799926757812,735.3250122070312,735.0714111328125,735.1099853515625,146164,0.0,0.0,0.0
2026-09-28 12:06:00-04:00,735.14501953125,735.4299926757812,735.0491943359375,735.4000244140625,35861,0.0,0.0,0.0
2026-09-28 12:07:00-04:00,735.3900146484375,735.6300048828125,735.3200073242188,735.510009765625,26346,0.0,0.0,0.0
2026-09-28 12:08:00-04:00,735.510009765625,735.7899169921875,735.4899291992188,735.6500244140625,38040,0.0,0.0,0.0
2026-09-28 12:09:00-04:00,735.6199951171875,735.6500854492188,735.4299926757812,735.6199951171875,22546,0.0,0.0,0.0
2026-09-28 12:10:00-04:00,735.6400146484375,735.9000244140625,735.6300048828125,735.760009765625,44938,0.0,0.0,0.0
2026-09-28 12:11:00-04:00,735.7999877929688,735.969970703125,735.7000122070312,735.7000122070312,48397,0.0,0.0,0.0
2026-09-28 12:12:00-04:00,735.7000122070312,735.77001953125,735.3300170898438,735.4650268554688,31527,0.0,0.0,0.0
2026-09-28 12:13:00-04:00,735.4199829101562,735.4891967773438,735.3099975585938,735.4000244140625,12256,0.0,0.0,0.0
2026-09-28 12:14:00-04:00,735.4000244140625,735.510009765625,735.4000244140625,735.4650268554688,23148,0.0,0.0,0.0
2026-09-28 12:15:00-04:00,735.4299926757812,735.6199951171875,735.375,735.5399780273438,27994,0.0,0.0,0.0
2026-09-28 12:16:00-04:00,735.5449829101562,736.97998046875,735.4299926757812,736.8400268554688,297097,0.0,0.0,0.0
2026-09-28 12:17:00-04:00,736.8099975585938,737.25,736.52001953125,736.7736206054688,251116,0.0,0.0,0.0
2026-09-28 12:18:00-04:00,736.77001953125,737.030029296875,736.6799926757812,736.7100219726562,75318,0.0,0.0,0.0
2026-09-28 12:19:00-04:00,736.6699829101562,736.8800048828125,736.3599853515625,736.8800048828125,74265,0.0,0.0,0.0
2026-09-28 12:20:00-04:00,736.864990234375,737.8909912109375,736.6500244140625,737.7050170898438,206242,0.0,0.0,0.0
2026-09-28 12:21:00-04:00,737.7100219726562,738.0999755859375,737.6300048828125,737.875,332089,0.0,0.0,0.0
2026-09-28 12:22:00-04:00,737.9398803710938,738.1699829101562,737.8300170898438,737.969970703125,349610,0.0,0.0,0.0
2026-09-28 12:23:00-04:00,737.969970703125,738.1099853515625,737.5349731445312,737.9299926757812,114587,0.0,0.0,0.0
2026-09-28 12:24:00-04:00,737.9210205078125,738.47998046875,737.8200073242188,738.2412719726562,237390,0.0,0.0,0.0
2026-09-28 12:25:00-04:00,738.27001953125,738.7849731445312,738.2000122070312,738.7200927734375,119686,0.0,0.0,0.0
2026-09-28 12:26:00-04:00,738.7379760742188,740.239990234375,738.6300048828125,739.9299926757812,254508,0.0,0.0,0.0
2026-09-28 12:27:00-04:00,739.9400024414062,740.3800048828125,739.7000122070312,740.0349731445312,441106,0.0,0.0,0.0
2026-09-28 12:28:00-04:00,740.059326171875,740.3499755859375,739.5612182617188,739.7100219726562,159267,0.0,0.0,0.0
2026-09-28 12:29:00-04:00,739.7000122070312,740.0050048828125,739.260986328125,739.4337768554688,107676,0.0,0.0,0.0
2026-09-28 12:30:00-04:00,739.3900146484375,739.5499877929688,738.8300170898438,739.0599975585938,153006,0.0,0.0,0.0
2026-09-28 12:31:00-04:00,739.0499877929688,739.1799926757812,738.8900146484375,739.0700073242188,108772,0.0,0.0,0.0
2026-09-28 12:32:00-04:00,739.0599975585938,739.0999755859375,737.9199829101562,738.0927124023438,251193,0.0,0.0,0.0
2026-09-28 12:33:00-04:00,738.0900268554688,738.627685546875,738.0700073242188,738.52001953125,125189,0.0,0.0,0.0
2026-09-28 12:34:00-04:00,738.52001953125,738.8499755859375,738.4600219726562,738.760009765625,50128,0.0,0.0,0.0
2026-09-28 12:35:00-04:00,738.8099975585938,738.97998046875,738.6649780273438,738.8300170898438,96813,0.0,0.0,0.0
2026-09-28 12:36:00-04:00,738.8099975585938,739.1561889648438,738.8099975585938,739.1199951171875,43400,0.0,0.0,0.0
2026-09-28 12:37:00-04:00,739.1099853515625,739.1500244140625,738.75,738.969970703125,25073,0.0,0.0,0.0
2026-09-28 12:38:00-04:00,738.9495849609375,738.97998046875,738.2999877929688,738.3385009765625,56125,0.0,0.0,0.0
2026-09-28 12:39:00-04:00,738.2999877929688,738.3499755859375,738.1400146484375,738.3049926757812,57436,0.0,0.0,0.0
2026-09-28 12:40:00-04:00,738.3049926757812,738.5,738.0900268554688,738.1019897460938,48791,0.0,0.0,0.0
2026-09-28 12:41:00-04:00,738.0499877929688,738.1400146484375,737.6300048828125,737.6699829101562,28566,0.0,0.0,0.0
2026-09-28 12:42:00-04:00,737.6300048828125,737.7100219726562,737.3300170898438,737.3300170898438,47373,0.0,0.0,0.0
2026-09-28 12:43:00-04:00,737.3300170898438,737.530029296875,737.1900024414062,737.4199829101562,79730,0.0,0.0,0.0
2026-09-28 12:44:00-04:00,737.4299926757812,737.5999755859375,737.385009765625,737.489990234375,63139,0.0,0.0,0.0
2026-09-28 12:45:00-04:00,737.5,738.0599975585938,737.489990234375,737.6400146484375,110790,0.0,0.0,0.0
2026-09-28 12:46:00-04:00,737.625,738.0599975585938,737.4600219726562,737.8150024414062,47202,0.0,0.0,0.0
2026-09-28 12:47:00-04:00,737.780029296875,737.9099731445312,737.6400146484375,737.6950073242188,38223,0.0,0.0,0.0
2026-09-28 12:48:00-04:00,737.6699829101562,737.6699829101562,737.3200073242188,737.3400268554688,25089,0.0,0.0,0.0
2026-09-28 12:49:00-04:00,737.3499755859375,737.5900268554688,737.3099975585938,737.5599975585938,16999,0.0,0.0,0.0
2026-09-28 12:50:00-04:00,737.5800170898438,737.77001953125,737.409912109375,737.4398803710938,38187,0.0,0.0,0.0
2026-09-28 12:51:00-04:00,737.4199829101562,737.5349731445312,737.1799926757812,737.4199829101562,47908,0.0,0.0,0.0
2026-09-28 12:52:00-04:00,737.3900756835938,737.5999755859375,737.2222290039062,737.5250244140625,25732,0.0,0.0,0.0
2026-09-28 12:53:00-04:00,737.5449829101562,737.6199951171875,737.3422241210938,737.5800170898438,23271,0.0,0.0,0.0
2026-09-28 12:54:00-04:00,737.5700073242188,737.7738037109375,737.5700073242188,737.6973876953125,154716,0.0,0.0,0.0
2026-09-28 12:55:00-04:00,737.6599731445312,737.8099975585938,737.5999755859375,737.6682739257812,21778,0.0,0.0,0.0
2026-09-28 12:56:00-04:00,737.6699829101562,737.739990234375,737.5399780273438,737.6500244140625,12238,0.0,0.0,0.0
2026-09-28 12:57:00-04:00,737.6699829101562,737.6699829101562,737.47998046875,737.5449829101562,33877,0.0,0.0,0.0
2026-09-28 12:58:00-04:00,737.5900268554688,737.6533813476562,737.489990234375,737.52001953125,30854,0.0,0.0,0.0
2026-09-28 12:59:00-04:00,737.510009765625,737.6535034179688,737.4000244140625,737.6300048828125,104060,0.0,0.0,0.0
2026-09-28 13:00:00-04:00,737.5499877929688,737.5499877929688,736.9100952148438,737.0349731445312,57183,0.0,0.0,0.0
2026-09-28 13:01:00-04:00,737.041015625,737.3699951171875,736.9619750976562,737.2650146484375,36354,0.0,0.0,0.0
2026-09-28 13:02:00-04:00,737.1950073242188,737.2100219726562,736.9199829101562,737.0999755859375,15266,0.0,0.0,0.0
2026-09-28 13:03:00-04:00,737.0399780273438,737.1599731445312,736.989990234375,737.125,10533,0.0,0.0,0.0
2026-09-28 13:04:00-04:00,737.125,737.280029296875,737.0599975585938,737.1900024414062,10620,0.0,0.0,0.0
2026-09-28 13:05:00-04:00,737.25,737.27001953125,736.9550170898438,736.9550170898438,13554,0.0,0.0,0.0
2026-09-28 13:06:00-04:00,736.9349975585938,737.0700073242188,736.719970703125,737.0599975585938,47869,0.0,0.0,0.0
2026-09-28 13:07:00-04:00,737.0399780273438,737.1199951171875,736.780029296875,736.7999877929688,16437,0.0,0.0,0.0
2026-09-28 13:08:00-04:00,736.7449951171875,736.7855224609375,736.64501953125,736.7698974609375,36468,0.0,0.0,0.0
2026-09-28 13:09:00-04:00,736.75,736.8795166015625,736.6799926757812,736.719970703125,19753,0.0,0.0,0.0
2026-09-28 13:10:00-04:00,736.760009765625,736.8300170898438,736.6900024414062,736.7349853515625,1013627,0.0,0.0,0.0
2026-09-28 13:11:00-04:00,736.780029296875,739.52001953125,736.7650146484375,739.3200073242188,291804,0.0,0.0,0.0
2026-09-28 13:12:00-04:00,739.260009765625,739.7000122070312,738.72998046875,738.9500122070312,218009,0.0,0.0,0.0
2026-09-28 13:13:00-04:00,738.9500122070312,739.6300048828125,738.905029296875,739.4500122070312,108291,0.0,0.0,0.0
2026-09-28 13:14:00-04:00,739.4445190429688,739.6749877929688,739.0599975585938,739.6699829101562,73835,0.0,0.0,0.0
2026-09-28 13:15:00-04:00,739.6599731445312,739.6599731445312,738.6400146484375,739.2899780273438,99769,0.0,0.0,0.0
2026-09-28 13:16:00-04:00,739.2863159179688,739.4299926757812,739.010009765625,739.1749877929688,52404,0.0,0.0,0.0
2026-09-28 13:17:00-04:00,739.2659912109375,739.280029296875,738.22998046875,738.60498046875,183730,0.0,0.0,0.0
2026-09-28 13:18:00-04:00,738.5999755859375,738.6699829101562,738.0,738.0108032226562,94393,0.0,0.0,0.0
2026-09-28 13:19:00-04:00,738.030029296875,738.030029296875,737.6500244140625,737.75,116751,0.0,0.0,0.0
2026-09-28 13:20:00-04:00,737.72998046875,737.739990234375,737.4749755859375,737.68798828125,47588,0.0,0.0,0.0
2026-09-28 13:21:00-04:00,737.6400146484375,737.8200073242188,737.6199951171875,737.6798706054688,27201,0.0,0.0,0.0
2026-09-28 13:22:00-04:00,737.7100219726562,737.969970703125,737.6500244140625,737.8040771484375,27742,0.0,0.0,0.0
2026-09-28 13:23:00-04:00,737.8800048828125,738.1099853515625,737.8157958984375,737.8900146484375,39863,0.0,0.0,0.0
2026-09-28 13:24:00-04:00,737.9299926757812,738.239990234375,737.9199829101562,738.160400390625,17512,0.0,0.0,0.0
2026-09-28 13:25:00-04:00,738.0900268554688,738.3098754882812,738.0150146484375,738.1799926757812,53066,0.0,0.0,0.0
2026-09-28 13:26:00-04:00,738.1749877929688,738.1799926757812,737.5499877929688,737.5499877929688,29200,0.0,0.0,0.0
2026-09-28 13:27:00-04:00,737.5599975585938,737.7050170898438,737.489990234375,737.5999755859375,14764,0.0,0.0,0.0
2026-09-28 13:28:00-04:00,737.655029296875,737.8699951171875,737.655029296875,737.8599853515625,38202,0.0,0.0,0.0
2026-09-28 13:29:00-04:00,737.8200073242188,737.9299926757812,737.75,737.8099975585938,19741,0.0,0.0,0.0
2026-09-28 13:30:00-04:00,737.7999877929688,738.1099853515625,737.7899780273438,738.0239868164062,17090,0.0,0.0,0.0
2026-09-28 13:31:00-04:00,738.030029296875,738.3099975585938,737.989990234375,738.3099975585938,29819,0.0,0.0,0.0
2026-09-28 13:32:00-04:00,738.3298950195312,738.489990234375,738.3099975585938,738.3599853515625,105481,0.0,0.0,0.0
2026-09-28 13:33:00-04:00,738.3350219726562,738.4299926757812,738.155029296875,738.155029296875,34117,0.0,0.0,0.0
2026-09-28 13:34:00-04:00,738.1199951171875,738.2949829101562,737.969970703125,738.2473754882812,18993,0.0,0.0,0.0
2026-09-28 13:35:00-04:00,738.22998046875,738.4299926757812,738.2100219726562,738.3800048828125,111953,0.0,0.0,0.0
2026-09-28 13:36:00-04:00,738.4194946289062,738.5,738.280029296875,738.4199829101562,25613,0.0,0.0,0.0
2026-09-28 13:37:00-04:00,738.469970703125,738.510009765625,737.8671264648438,737.9000244140625,32756,0.0,0.0,0.0
2026-09-28 13:38:00-04:00,737.8900146484375,738.260009765625,737.8599853515625,738.219970703125,17154,0.0,0.0,0.0
2026-09-28 13:39:00-04:00,738.1699829101562,738.239990234375,738.1300048828125,738.155029296875,19371,0.0,0.0,0.0
2026-09-28 13:40:00-04:00,738.14990234375,738.27001953125,738.0999145507812,738.1799926757812,9329,0.0,0.0,0.0
2026-09-28 13:41:00-04:00,738.1849975585938,738.322021484375,738.10498046875,738.25,13341,0.0,0.0,0.0
2026-09-28 13:42:00-04:00,738.2249755859375,738.22998046875,737.8599853515625,738.030029296875,32801,0.0,0.0,0.0
2026-09-28 13:43:00-04:00,738.0399780273438,738.0900268554688,738.0,738.0499877929688,10193,0.0,0.0,0.0
2026-09-28 13:44:00-04:00,738.0599975585938,738.0800170898438,737.9500122070312,738.0700073242188,10471,0.0,0.0,0.0
2026-09-28 13:45:00-04:00,738.0700073242188,738.3300170898438,738.0050048828125,738.010009765625,13114,0.0,0.0,0.0
2026-09-28 13:46:00-04:00,738.0499877929688,738.1599731445312,737.969970703125,738.1599731445312,22420,0.0,0.0,0.0
2026-09-28 13:47:00-04:00,738.1199951171875,738.1199951171875,737.9600219726562,737.9600219726562,10824,0.0,0.0,0.0
2026-09-28 13:48:00-04:00,737.9400024414062,738.4149780273438,737.9199829101562,738.4149780273438,19400,0.0,0.0,0.0
2026-09-28 13:49:00-04:00,738.4099731445312,738.4299926757812,738.0700073242188,738.3099975585938,15312,0.0,0.0,0.0
2026-09-28 13:50:00-04:00,738.280029296875,738.3599853515625,738.1500244140625,738.1500244140625,218717,0.0,0.0,0.0
2026-09-28 13:51:00-04:00,738.159912109375,738.22998046875,737.989990234375,738.22998046875,32735,0.0,0.0,0.0
2026-09-28 13:52:00-04:00,738.2349853515625,738.3200073242188,738.1199951171875,738.1400146484375,19100,0.0,0.0,0.0
2026-09-28 13:53:00-04:00,738.0999755859375,738.2000122070312,738.0750122070312,738.1300048828125,13151,0.0,0.0,0.0
2026-09-28 13:54:00-04:00,738.0900268554688,738.2899780273438,738.0900268554688,738.1900024414062,28506,0.0,0.0,0.0
2026-09-28 13:55:00-04:00,738.25,738.25,737.7100219726562,738.114990234375,97209,0.0,0.0,0.0
2026-09-28 13:56:00-04:00,738.0750122070312,738.1599731445312,737.9650268554688,738.0499877929688,26482,0.0,0.0,0.0
2026-09-28 13:57:00-04:00,738.0150146484375,738.1199951171875,737.9500122070312,737.9500122070312,12402,0.0,0.0,0.0
2026-09-28 13:58:00-04:00,738.0,738.22998046875,737.9500122070312,738.0399169921875,22877,0.0,0.0,0.0
2026-09-28 13:59:00-04:00,738.0700073242188,738.1199951171875,737.97998046875,738.0800170898438,9518,0.0,0.0,0.0
2026-09-28 14:00:00-04:00,738.0850219726562,738.2000122070312,737.7999877929688,737.8400268554688,12467,0.0,0.0,0.0
2026-09-28 14:01:00-04:00,737.8499755859375,737.9099731445312,737.51171875,737.7802124023438,44650,0.0,0.0,0.0
2026-09-28 14:02:00-04:00,737.7899780273438,738.1400146484375,737.780029296875,738.1400146484375,18189,0.0,0.0,0.0
2026-09-28 14:03:00-04:00,738.0910034179688,738.239990234375,738.0750122070312,738.2080078125,37134,0.0,0.0,0.0
2026-09-28 14:04:00-04:00,738.1699829101562,738.4210815429688,738.1699829101562,738.3699951171875,527126,0.0,0.0,0.0
2026-09-28 14:05:00-04:00,738.3800048828125,738.469970703125,738.22998046875,738.4000244140625,62916,0.0,0.0,0.0
2026-09-28 14:06:00-04:00,738.3980102539062,738.4398803710938,738.1300048828125,738.2030029296875,165852,0.0,0.0,0.0
2026-09-28 14:07:00-04:00,738.2100219726562,738.239990234375,738.010009765625,738.1099853515625,48555,0.0,0.0,0.0
2026-09-28 14:08:00-04:00,738.0798950195312,738.1799926757812,738.0,738.1799926757812,8557,0.0,0.0,0.0
2026-09-28 14:09:00-04:00,738.1599731445312,738.25,738.0700073242188,738.1699829101562,34654,0.0,0.0,0.0
2026-09-28 14:10:00-04:00,738.1594848632812,738.4299926757812,738.1400146484375,738.3049926757812,19843,0.0,0.0,0.0
2026-09-28 14:11:00-04:00,738.3200073242188,738.394287109375,738.219970703125,738.344970703125,26947,0.0,0.0,0.0
2026-09-28 14:12:00-04:00,738.3784790039062,738.5499877929688,738.260009765625,738.2899780273438,32568,0.0,0.0,0.0
2026-09-28 14:13:00-04:00,738.27001953125,738.2750244140625,738.1500244140625,738.22998046875,17834,0.0,0.0,0.0
2026-09-28 14:14:00-04:00,738.239990234375,738.4293212890625,738.2338256835938,738.3800048828125,14567,0.0,0.0,0.0
2026-09-28 14:15:00-04:00,738.4099731445312,738.5399780273438,738.3599853515625,738.4000244140625,21475,0.0,0.0,0.0
2026-09-28 14:16:00-04:00,738.3900756835938,738.47998046875,738.3201293945312,738.4799194335938,33385,0.0,0.0,0.0
2026-09-28 14:17:00-04:00,738.510009765625,738.5299072265625,738.0800170898438,738.0800170898438,20082,0.0,0.0,0.0
2026-09-28 14:18:00-04:00,738.0599975585938,738.2205810546875,737.9650268554688,738.1400146484375,24255,0.0,0.0,0.0
2026-09-28 14:19:00-04:00,738.1199951171875,738.1599731445312,737.95361328125,737.95361328125,12677,0.0,0.0,0.0
2026-09-28 14:20:00-04:00,737.9550170898438,738.0825805664062,737.9450073242188,737.97998046875,17864,0.0,0.0,0.0
2026-09-28 14:21:00-04:00,738.010009765625,738.135009765625,737.9500122070312,738.135009765625,21119,0.0,0.0,0.0
2026-09-28 14:22:00-04:00,738.0900268554688,738.2100219726562,738.0750122070312,738.1500244140625,15855,0.0,0.0,0.0
2026-09-28 14:23:00-04:00,738.14990234375,738.14990234375,737.72998046875,737.7501220703125,27524,0.0,0.0,0.0
2026-09-28 14:24:00-04:00,737.75,737.7896728515625,737.5900268554688,737.7896728515625,20204,0.0,0.0,0.0
2026-09-28 14:25:00-04:00,737.77001953125,737.8699951171875,737.75,737.8499755859375,34044,0.0,0.0,0.0
2026-09-28 14:26:00-04:00,737.85498046875,737.9749755859375,737.8400268554688,737.9299926757812,22349,0.0,0.0,0.0
2026-09-28 14:27:00-04:00,737.9400024414062,738.0399780273438,737.9299926757812,738.0,16481,0.0,0.0,0.0
2026-09-28 14:28:00-04:00,737.989990234375,738.0599975585938,737.9000244140625,737.9749755859375,12570,0.0,0.0,0.0
2026-09-28 14:29:00-04:00,737.9500122070312,737.969970703125,737.885009765625,737.9299926757812,17190,0.0,0.0,0.0
2026-09-28 14:30:00-04:00,737.9149780273438,738.1799926757812,737.7000122070312,737.9099731445312,127805,0.0,0.0,0.0
2026-09-28 14:31:00-04:00,737.8800048828125,737.9000244140625,737.5,737.6400146484375,44876,0.0,0.0,0.0
2026-09-28 14:32:00-04:00,737.64501953125,737.6500244140625,737.4609985351562,737.5250244140625,41247,0.0,0.0,0.0
2026-09-28 14:33:00-04:00,737.5499877929688,737.6749877929688,737.5499877929688,737.6199951171875,46004,0.0,0.0,0.0
2026-09-28 14:34:00-04:00,737.594970703125,737.8599853515625,737.5800170898438,737.7899780273438,18328,0.0,0.0,0.0
2026-09-28 14:35:00-04:00,737.7750244140625,737.8049926757812,737.6900024414062,737.75,11109,0.0,0.0,0.0
2026-09-28 14:36:00-04:00,737.7150268554688,737.77001953125,737.5900268554688,737.7449951171875,18615,0.0,0.0,0.0
2026-09-28 14:37:00-04:00,737.7150268554688,737.7999877929688,737.6500244140625,737.7100219726562,13726,0.0,0.0,0.0
2026-09-28 14:38:00-04:00,737.7000122070312,737.7050170898438,737.3699951171875,737.3800048828125,137799,0.0,0.0,0.0
2026-09-28 14:39:00-04:00,737.3699951171875,737.3699951171875,736.9400024414062,737.0399169921875,52685,0.0,0.0,0.0
2026-09-28 14:40:00-04:00,737.0800170898438,737.3900146484375,737.0100708007812,737.389892578125,33888,0.0,0.0,0.0
2026-09-28 14:41:00-04:00,737.3699951171875,737.6199951171875,737.364990234375,737.5800170898438,45070,0.0,0.0,0.0
2026-09-28 14:42:00-04:00,737.5599975585938,737.6699829101562,737.4099731445312,737.4500122070312,42815,0.0,0.0,0.0
2026-09-28 14:43:00-04:00,737.5399780273438,737.75,737.530029296875,737.75,106746,0.0,0.0,0.0
2026-09-28 14:44:00-04:00,737.7899780273438,738.0599975585938,737.739990234375,738.02001953125,45765,0.0,0.0,0.0
2026-09-28 14:45:00-04:00,738.0302124023438,738.0700073242188,737.9099731445312,737.9099731445312,39675,0.0,0.0,0.0
2026-09-28 14:46:00-04:00,737.9301147460938,738.02001953125,737.8499755859375,737.9299926757812,144561,0.0,0.0,0.0
2026-09-28 14:47:00-04:00,737.9400024414062,737.969970703125,737.6799926757812,737.9600219726562,25141,0.0,0.0,0.0
2026-09-28 14:48:00-04:00,737.9500122070312,738.2100219726562,737.72998046875,738.0349731445312,66145,0.0,0.0,0.0
2026-09-28 14:49:00-04:00,738.0399780273438,738.2999877929688,737.8699951171875,738.2000122070312,28890,0.0,0.0,0.0
2026-09-28 14:50:00-04:00,738.2000122070312,738.2999877929688,738.0900268554688,738.0999755859375,27047,0.0,0.0,0.0
2026-09-28 14:51:00-04:00,738.130126953125,738.2100219726562,737.9299926757812,738.2100219726562,24031,0.0,0.0,0.0
2026-09-28 14:52:00-04:00,738.216796875,738.3699951171875,738.2050170898438,738.260009765625,28135,0.0,0.0,0.0
2026-09-28 14:53:00-04:00,738.260009765625,738.6199951171875,738.17919921875,738.25,91525,0.0,0.0,0.0
2026-09-28 14:54:00-04:00,738.2550048828125,738.3800048828125,737.97998046875,738.3699951171875,23478,0.0,0.0,0.0
2026-09-28 14:55:00-04:00,738.352783203125,738.4024047851562,738.1599731445312,738.280029296875,93280,0.0,0.0,0.0
2026-09-28 14:56:00-04:00,738.3599853515625,738.47998046875,738.3300170898438,738.3800048828125,130056,0.0,0.0,0.0
2026-09-28 14:57:00-04:00,738.375,738.489990234375,738.3099975585938,738.3099975585938,13797,0.0,0.0,0.0
2026-09-28 14:58:00-04:00,738.3150024414062,738.6099853515625,738.2849731445312,738.5098876953125,68805,0.0,0.0,0.0
2026-09-28 14:59:00-04:00,738.4500122070312,738.530029296875,738.2999877929688,738.344970703125,139864,0.0,0.0,0.0
2026-09-28 15:00:00-04:00,738.3900146484375,738.4099731445312,737.72998046875,737.8400268554688,76580,0.0,0.0,0.0
2026-09-28 15:01:00-04:00,737.8300170898438,737.8400268554688,737.5800170898438,737.6099853515625,31274,0.0,0.0,0.0
2026-09-28 15:02:00-04:00,737.594970703125,737.6599731445312,737.3800048828125,737.4949951171875,93734,0.0,0.0,0.0
2026-09-28 15:03:00-04:00,737.5050048828125,737.8150024414062,737.47998046875,737.760009765625,38027,0.0,0.0,0.0
2026-09-28 15:04:00-04:00,737.7550048828125,737.8499755859375,737.7150268554688,737.7999877929688,19373,0.0,0.0,0.0
2026-09-28 15:05:00-04:00,737.7999877929688,737.9099731445312,737.7899780273438,737.8300170898438,19560,0.0,0.0,0.0
2026-09-28 15:06:00-04:00,737.7899780273438,737.85498046875,737.3499755859375,737.4299926757812,41259,0.0,0.0,0.0
2026-09-28 15:07:00-04:00,737.4409790039062,737.52001953125,737.280029296875,737.3900146484375,149191,0.0,0.0,0.0
2026-09-28 15:08:00-04:00,737.4099731445312,737.4500122070312,737.2899780273438,737.3699951171875,148488,0.0,0.0,0.0
2026-09-28 15:09:00-04:00,737.3800048828125,737.4299926757812,737.260009765625,737.2899780273438,21947,0.0,0.0,0.0
2026-09-28 15:10:00-04:00,737.2650146484375,737.27001953125,737.0999755859375,737.1900024414062,48103,0.0,0.0,0.0
2026-09-28 15:11:00-04:00,737.1950073242188,737.2899780273438,737.0999755859375,737.10009765625,51058,0.0,0.0,0.0
2026-09-28 15:12:00-04:00,737.0900268554688,737.1900024414062,737.0349731445312,737.1500244140625,42205,0.0,0.0,0.0
2026-09-28 15:13:00-04:00,737.1300048828125,737.25,736.8599853515625,736.9199829101562,62187,0.0,0.0,0.0
2026-09-28 15:14:00-04:00,736.8900146484375,736.9099731445312,736.780029296875,736.8499755859375,54849,0.0,0.0,0.0
2026-09-28 15:15:00-04:00,736.8499755859375,736.9199829101562,736.6807861328125,736.9000244140625,68718,0.0,0.0,0.0
2026-09-28 15:16:00-04:00,736.9000244140625,737.1799926757812,736.8099975585938,736.989990234375,187872,0.0,0.0,0.0
2026-09-28 15:17:00-04:00,736.97998046875,737.1900024414062,736.9149780273438,737.1799926757812,86567,0.0,0.0,0.0
2026-09-28 15:18:00-04:00,737.2000122070312,737.280029296875,737.1300048828125,737.2100219726562,62205,0.0,0.0,0.0
2026-09-28 15:19:00-04:00,737.219970703125,737.25,737.02001953125,737.1199951171875,37194,0.0,0.0,0.0
2026-09-28 15:20:00-04:00,737.1199951171875,737.27001953125,737.10498046875,737.1400146484375,56695,0.0,0.0,0.0
2026-09-28 15:21:00-04:00,737.151611328125,737.4349975585938,737.0150146484375,737.3499755859375,97650,0.0,0.0,0.0
2026-09-28 15:22:00-04:00,737.344970703125,737.3499755859375,737.1300048828125,737.25,60973,0.0,0.0,0.0
2026-09-28 15:23:00-04:00,737.260009765625,737.3150024414062,737.1300048828125,737.2100219726562,63941,0.0,0.0,0.0
2026-09-28 15:24:00-04:00,737.219970703125,737.3099975585938,737.1710205078125,737.3099975585938,51364,0.0,0.0,0.0
2026-09-28 15:25:00-04:00,737.3099975585938,737.52001953125,737.219970703125,737.4639892578125,91506,0.0,0.0,0.0
2026-09-28 15:26:00-04:00,737.4774780273438,737.5401000976562,737.344970703125,737.5,47174,0.0,0.0,0.0
2026-09-28 15:27:00-04:00,737.5,737.510009765625,737.239990234375,737.3300170898438,42018,0.0,0.0,0.0
2026-09-28 15:28:00-04:00,737.3200073242188,737.4600219726562,737.1749877929688,737.4299926757812,57333,0.0,0.0,0.0
2026-09-28 15:29:00-04:00,737.4299926757812,737.4299926757812,737.1599731445312,737.2999877929688,42533,0.0,0.0,0.0
2026-09-28 15:30:00-04:00,737.3099975585938,737.3699951171875,736.830078125,736.830078125,77058,0.0,0.0,0.0
2026-09-28 15:31:00-04:00,736.8250122070312,737.0150146484375,736.7999877929688,737.010009765625,72740,0.0,0.0,0.0
2026-09-28 15:32:00-04:00,737.0,737.3300170898438,736.7899780273438,737.0650024414062,117882,0.0,0.0,0.0
2026-09-28 15:33:00-04:00,737.0599975585938,737.3099975585938,736.9124755859375,737.030029296875,203896,0.0,0.0,0.0
2026-09-28 15:34:00-04:00,737.030029296875,737.2100219726562,736.8599853515625,737.1300048828125,57897,0.0,0.0,0.0
2026-09-28 15:35:00-04:00,737.1199951171875,737.2449951171875,736.9099731445312,736.9749755859375,74975,0.0,0.0,0.0
2026-09-28 15:36:00-04:00,736.969970703125,736.969970703125,736.6300048828125,736.6799926757812,153075,0.0,0.0,0.0
2026-09-28 15:37:00-04:00,736.7000122070312,736.7000122070312,736.489990234375,736.5150146484375,74049,0.0,0.0,0.0
2026-09-28 15:38:00-04:00,736.52001953125,736.5700073242188,736.280029296875,736.280029296875,53227,0.0,0.0,0.0
2026-09-28 15:39:00-04:00,736.2899780273438,736.2899780273438,735.989990234375,736.0599975585938,203151,0.0,0.0,0.0
2026-09-28 15:40:00-04:00,736.0700073242188,736.25,736.0650024414062,736.135009765625,71777,0.0,0.0,0.0
2026-09-28 15:41:00-04:00,736.135009765625,736.4500122070312,736.135009765625,736.3400268554688,234597,0.0,0.0,0.0
2026-09-28 15:42:00-04:00,736.3489990234375,736.5599975585938,736.25,736.5,113775,0.0,0.0,0.0
2026-09-28 15:43:00-04:00,736.52001953125,736.5687255859375,736.3599853515625,736.3599853515625,920771,0.0,0.0,0.0
2026-09-28 15:44:00-04:00,736.3599853515625,736.4650268554688,736.3400268554688,736.4249877929688,67011,0.0,0.0,0.0
2026-09-28 15:45:00-04:00,736.4299926757812,736.6099853515625,736.3699951171875,736.5999755859375,80193,0.0,0.0,0.0
2026-09-28 15:46:00-04:00,736.5999755859375,736.77001953125,736.5499877929688,736.6676025390625,96244,0.0,0.0,0.0
2026-09-28 15:47:00-04:00,736.6799926757812,736.7899780273438,736.5650024414062,736.7100219726562,58726,0.0,0.0,0.0
2026-09-28 15:48:00-04:00,736.7000122070312,736.7000122070312,736.4249877929688,736.5999755859375,101602,0.0,0.0,0.0
2026-09-28 15:49:00-04:00,736.5900268554688,736.594970703125,736.2899780273438,736.3400268554688,56479,0.0,0.0,0.0
2026-09-28 15:50:00-04:00,736.3400268554688,736.6099853515625,736.1099853515625,736.219970703125,162471,0.0,0.0,0.0
2026-09-28 15:51:00-04:00,736.260009765625,736.6276245117188,736.2009887695312,736.530029296875,72817,0.0,0.0,0.0
2026-09-28 15:52:00-04:00,736.530029296875,736.530029296875,736.2000122070312,736.2050170898438,877194,0.0,0.0,0.0
2026-09-28 15:53:00-04:00,736.2000122070312,736.2999877929688,736.1199951171875,736.1699829101562,109564,0.0,0.0,0.0
2026-09-28 15:54:00-04:00,736.1500244140625,736.1599731445312,735.8099975585938,735.8499755859375,258328,0.0,0.0,0.0
2026-09-28 15:55:00-04:00,735.8400268554688,736.260009765625,735.8300170898438,736.02001953125,520885,0.0,0.0,0.0
2026-09-28 15:56:00-04:00,736.030029296875,736.27001953125,736.0,736.219970703125,126398,0.0,0.0,0.0
2026-09-28 15:57:00-04:00,736.2000122070312,736.510009765625,736.1599731445312,736.510009765625,249411,0.0,0.0,0.0
2026-09-28 15:58:00-04:00,736.510009765625,736.7849731445312,736.405029296875,736.77001953125,396397,0.0,0.0,0.0
2026-09-28 15:59:00-04:00,736.760009765625,736.760009765625,736.4000244140625,736.5399780273438,951195,0.0,0.0,0.0
2026-09-29 09:30:00-04:00,740.1699829101562,740.5798950195312,739.135009765625,739.3308715820312,1299858,0.0,0.0,0.0
2026-09-29 09:31:00-04:00,739.397705078125,740.078125,738.9008178710938,738.9600830078125,105450,0.0,0.0,0.0
2026-09-29 09:32:00-04:00,739.1199951171875,739.3800048828125,738.8300170898438,739.1248779296875,92413,0.0,0.0,0.0
2026-09-29 09:33:00-04:00,739.1199951171875,739.1199951171875,738.0800170898438,738.0800170898438,128445,0.0,0.0,0.0
2026-09-29 09:34:00-04:00,738.0700073242188,738.2899780273438,737.6705932617188,737.8599853515625,118642,0.0,0.0,0.0
2026-09-29 09:35:00-04:00,737.8400268554688,738.0700073242188,737.2420043945312,737.510009765625,99295,0.0,0.0,0.0
2026-09-29 09:36:00-04:00,737.510009765625,737.9262084960938,737.3200073242188,737.6845703125,82763,0.0,0.0,0.0
2026-09-29 09:37:00-04:00,737.6895751953125,738.3961791992188,737.6895751953125,737.8900146484375,85338,0.0,0.0,0.0
2026-09-29 09:38:00-04:00,737.8400268554688,737.8400268554688,737.1799926757812,737.7498779296875,77470,0.0,0.0,0.0
2026-09-29 09:39:00-04:00,737.7435913085938,738.0,737.5750122070312,738.0,92661,0.0,0.0,0.0
2026-09-29 09:40:00-04:00,738.0399780273438,738.1099853515625,736.8300170898438,736.89501953125,59095,0.0,0.0,0.0
2026-09-29 09:41:00-04:00,736.8900756835938,737.1300048828125,736.7919921875,736.9299926757812,60699,0.0,0.0,0.0
2026-09-29 09:42:00-04:00,736.9500122070312,737.2218017578125,736.3150024414062,736.3800048828125,77260,0.0,0.0,0.0
2026-09-29 09:43:00-04:00,736.4099731445312,736.8800048828125,736.27001953125,736.3699951171875,62419,0.0,0.0,0.0
2026-09-29 09:44:00-04:00,736.3699951171875,736.8400268554688,736.2750244140625,736.7550048828125,54682,0.0,0.0,0.0
2026-09-29 09:45:00-04:00,736.780029296875,737.14990234375,736.6400756835938,737.14990234375,53724,0.0,0.0,0.0
2026-09-29 09:46:00-04:00,737.0700073242188,737.4199829101562,736.9838256835938,736.9940185546875,149202,0.0,0.0,0.0
2026-09-29 09:47:00-04:00,736.9500122070312,737.5499877929688,736.8800048828125,737.0700073242188,75812,0.0,0.0,0.0
2026-09-29 09:48:00-04:00,737.09130859375,737.3800048828125,736.7999877929688,736.9194946289062,55915,0.0,0.0,0.0
2026-09-29 09:49:00-04:00,736.9149780273438,737.1799926757812,736.60888671875,736.969970703125,82236,0.0,0.0,0.0
2026-09-29 09:50:00-04:00,737.0499877929688,737.469970703125,736.8900146484375,737.3800048828125,35331,0.0,0.0,0.0
2026-09-29 09:51:00-04:00,737.3499755859375,737.8200073242188,737.3200073242188,737.614990234375,154348,0.0,0.0,0.0
2026-09-29 09:52:00-04:00,737.6099853515625,738.0250244140625,737.3800048828125,738.0,56210,0.0,0.0,0.0
2026-09-29 09:53:00-04:00,737.9749755859375,738.280029296875,737.8798828125,738.10400390625,65006,0.0,0.0,0.0
2026-09-29 09:54:00-04:00,738.1201171875,738.1719970703125,737.9299926757812,738.0499877929688,50614,0.0,0.0,0.0
2026-09-29 09:55:00-04:00,738.0700073242188,738.739990234375,738.02099609375,738.739990234375,90997,0.0,0.0,0.0
2026-09-29 09:56:00-04:00,738.739990234375,738.8900146484375,738.5,738.5798950195312,89546,0.0,0.0,0.0
2026-09-29 09:57:00-04:00,738.5700073242188,738.6400146484375,738.1599731445312,738.3800048828125,107660,0.0,0.0,0.0
2026-09-29 09:58:00-04:00,738.3699951171875,738.5,738.135009765625,738.3900146484375,46928,0.0,0.0,0.0
2026-09-29 09:59:00-04:00,738.3350219726562,738.3350219726562,737.52001953125,737.7874755859375,79343,0.0,0.0,0.0
2026-09-29 10:00:00-04:00,737.7899780273438,738.9199829101562,737.7550048828125,738.4500122070312,68616,0.0,0.0,0.0
2026-09-29 10:01:00-04:00,738.4500122070312,738.7498779296875,738.0999755859375,738.1199951171875,38484,0.0,0.0,0.0
2026-09-29 10:02:00-04:00,738.0700073242188,738.0700073242188,737.6199951171875,737.9199829101562,81282,0.0,0.0,0.0
2026-09-29 10:03:00-04:00,737.9099731445312,738.4650268554688,737.780029296875,738.3685913085938,40817,0.0,0.0,0.0
2026-09-29 10:04:00-04:00,738.4199829101562,738.4199829101562,737.885986328125,738.2449951171875,55080,0.0,0.0,0.0
2026-09-29 10:05:00-04:00,738.25,738.3900146484375,737.9299926757812,738.260009765625,50211,0.0,0.0,0.0
2026-09-29 10:06:00-04:00,738.2100219726562,738.2100219726562,737.8400268554688,738.1400146484375,26732,0.0,0.0,0.0
2026-09-29 10:07:00-04:00,738.1199951171875,738.3599853515625,737.8099975585938,737.9500122070312,27134,0.0,0.0,0.0
2026-09-29 10:08:00-04:00,737.9600219726562,738.1599731445312,737.8699951171875,738.02099609375,38465,0.0,0.0,0.0
2026-09-29 10:09:00-04:00,738.0009765625,738.010009765625,737.5599975585938,737.72998046875,51471,0.0,0.0,0.0
2026-09-29 10:10:00-04:00,737.8599853515625,738.219970703125,737.8499755859375,738.1699829101562,42035,0.0,0.0,0.0
2026-09-29 10:11:00-04:00,738.2999877929688,738.3499755859375,737.4149780273438,737.5070190429688,47514,0.0,0.0,0.0
2026-09-29 10:12:00-04:00,737.47998046875,737.9598999023438,737.3300170898438,737.9598999023438,37864,0.0,0.0,0.0
2026-09-29 10:13:00-04:00,737.9598999023438,738.5700073242188,737.9598999023438,738.0499877929688,47513,0.0,0.0,0.0
2026-09-29 10:14:00-04:00,738.0599975585938,738.42919921875,738.0360107421875,738.2404174804688,27097,0.0,0.0,0.0
2026-09-29 10:15:00-04:00,738.25,738.3198852539062,737.6699829101562,737.7899780273438,66835,0.0,0.0,0.0
2026-09-29 10:16:00-04:00,737.760009765625,738.7550048828125,737.5599975585938,738.6300048828125,139983,0.0,0.0,0.0
2026-09-29 10:17:00-04:00,738.6798706054688,738.8099975585938,738.3699951171875,738.6199951171875,59619,0.0,0.0,0.0
2026-09-29 10:18:00-04:00,738.6099853515625,739.010009765625,738.5599975585938,738.9014892578125,35866,0.0,0.0,0.0
2026-09-29 10:19:00-04:00,738.8800048828125,739.236083984375,738.7000732421875,739.0,71654,0.0,0.0,0.0
2026-09-29 10:20:00-04:00,739.0549926757812,739.1799926757812,738.010009765625,738.1199951171875,174679,0.0,0.0,0.0
2026-09-29 10:21:00-04:00,738.125,738.75,738.0150146484375,738.6599731445312,76513,0.0,0.0,0.0
2026-09-29 10:22:00-04:00,738.7249755859375,739.239990234375,738.6199951171875,739.239990234375,47860,0.0,0.0,0.0
2026-09-29 10:23:00-04:00,739.2650146484375,739.385009765625,738.77001953125,739.1400146484375,97831,0.0,0.0,0.0
2026-09-29 10:24:00-04:00,739.155029296875,739.260009765625,738.781982421875,739.1329956054688,53403,0.0,0.0,0.0
2026-09-29 10:25:00-04:00,739.0999755859375,739.5698852539062,739.010009765625,739.4199829101562,61340,0.0,0.0,0.0
2026-09-29 10:26:00-04:00,739.4400024414062,739.7150268554688,739.3300170898438,739.7150268554688,49176,0.0,0.0,0.0
2026-09-29 10:27:00-04:00,739.760009765625,739.9199829101562,739.6300048828125,739.6900024414062,87918,0.0,0.0,0.0
2026-09-29 10:28:00-04:00,739.6400146484375,739.6900024414062,738.989990234375,739.010009765625,118639,0.0,0.0,0.0
2026-09-29 10:29:00-04:00,739.010009765625,739.2899780273438,738.9099731445312,739.2899780273438,157103,0.0,0.0,0.0
2026-09-29 10:30:00-04:00,739.3200073242188,739.7072143554688,739.2899780273438,739.580078125,25269,0.0,0.0,0.0
2026-09-29 10:31:00-04:00,739.6099853515625,739.8499755859375,739.4249877929688,739.739990234375,48833,0.0,0.0,0.0
2026-09-29 10:32:00-04:00,739.77001953125,739.9500122070312,739.3800048828125,739.5198974609375,124301,0.0,0.0,0.0
2026-09-29 10:33:00-04:00,739.489990234375,739.8099975585938,739.4600219726562,739.7849731445312,42304,0.0,0.0,0.0
2026-09-29 10:34:00-04:00,739.77001953125,739.8298950195312,739.530517578125,739.7000122070312,35708,0.0,0.0,0.0
2026-09-29 10:35:00-04:00,739.7000122070312,739.7999877929688,739.4500122070312,739.6950073242188,82254,0.0,0.0,0.0
2026-09-29 10:36:00-04:00,739.7000122070312,739.77001953125,739.52001953125,739.5399780273438,36784,0.0,0.0,0.0
2026-09-29 10:37:00-04:00,739.52001953125,739.5399780273438,739.010009765625,739.2299194335938,263826,0.0,0.0,0.0
2026-09-29 10:38:00-04:00,739.2249755859375,739.5994873046875,739.1099853515625,739.5994873046875,59298,0.0,0.0,0.0
2026-09-29 10:39:00-04:00,739.5798950195312,739.6561889648438,739.4199829101562,739.5250244140625,17049,0.0,0.0,0.0
2026-09-29 10:40:00-04:00,739.5399780273438,739.989990234375,738.97998046875,739.0999755859375,95144,0.0,0.0,0.0
2026-09-29 10:41:00-04:00,739.1649780273438,739.6207885742188,739.0700073242188,739.3300170898438,33223,0.0,0.0,0.0
2026-09-29 10:42:00-04:00,739.3300170898438,739.5800170898438,739.1599731445312,739.4600219726562,25169,0.0,0.0,0.0
2026-09-29 10:43:00-04:00,739.4400024414062,739.530029296875,739.1300048828125,739.1550903320312,16122,0.0,0.0,0.0
2026-09-29 10:44:00-04:00,739.1599731445312,739.3499755859375,738.969970703125,739.239990234375,22997,0.0,0.0,0.0
2026-09-29 10:45:00-04:00,739.280029296875,739.489990234375,739.2230224609375,739.47998046875,19832,0.0,0.0,0.0
2026-09-29 10:46:00-04:00,739.4450073242188,739.4503173828125,739.1099853515625,739.4299926757812,23895,0.0,0.0,0.0
2026-09-29 10:47:00-04:00,739.375,739.469970703125,739.25,739.4299926757812,45333,0.0,0.0,0.0
2026-09-29 10:48:00-04:00,739.5,739.72998046875,739.1699829101562,739.1900024414062,40868,0.0,0.0,0.0
2026-09-29 10:49:00-04:00,739.2138061523438,739.2138061523438,738.6300048828125,738.6400146484375,65245,0.0,0.0,0.0
2026-09-29 10:50:00-04:00,738.6500244140625,739.135009765625,738.6019897460938,739.135009765625,49951,0.0,0.0,0.0
2026-09-29 10:51:00-04:00,739.1649780273438,739.8599853515625,739.0700073242188,739.780029296875,37891,0.0,0.0,0.0
2026-09-29 10:52:00-04:00,739.825927734375,739.89501953125,739.7449951171875,739.75,51382,0.0,0.0,0.0
2026-09-29 10:53:00-04:00,739.7650146484375,739.8400268554688,739.260009765625,739.6900024414062,17283,0.0,0.0,0.0
2026-09-29 10:54:00-04:00,739.739990234375,739.989990234375,739.6600952148438,739.9450073242188,12785,0.0,0.0,0.0
2026-09-29 10:55:00-04:00,739.8983764648438,739.9500122070312,739.6420288085938,739.8599853515625,58777,0.0,0.0,0.0
2026-09-29 10:56:00-04:00,739.8201293945312,739.9600219726562,739.6900024414062,739.8499755859375,34637,0.0,0.0,0.0
2026-09-29 10:57:00-04:00,739.9199829101562,740.0800170898438,739.7000122070312,739.9299926757812,29273,0.0,0.0,0.0
2026-09-29 10:58:00-04:00,739.8699951171875,739.875,739.2750244140625,739.364013671875,63854,0.0,0.0,0.0
2026-09-29 10:59:00-04:00,739.3400268554688,739.4299926757812,738.9600219726562,739.0700073242188,43041,0.0,0.0,0.0
2026-09-29 11:00:00-04:00,739.114990234375,739.1500244140625,738.4450073242188,738.489990234375,82163,0.0,0.0,0.0
2026-09-29 11:01:00-04:00,738.4949951171875,738.8300170898438,738.3900146484375,738.8300170898438,66699,0.0,0.0,0.0
2026-09-29 11:02:00-04:00,738.8400268554688,738.8400268554688,738.27001953125,738.5599975585938,101836,0.0,0.0,0.0
2026-09-29 11:03:00-04:00,738.5379028320312,738.6801147460938,738.489990234375,738.5700073242188,49595,0.0,0.0,0.0
2026-09-29 11:04:00-04:00,738.5599975585938,738.7000122070312,738.3099975585938,738.3400268554688,47149,0.0,0.0,0.0
2026-09-29 11:05:00-04:00,738.3200073242188,738.4199829101562,738.0900268554688,738.2550048828125,68713,0.0,0.0,0.0
2026-09-29 11:06:00-04:00,738.27001953125,738.5903930664062,738.27001953125,738.3200073242188,30468,0.0,0.0,0.0
2026-09-29 11:07:00-04:00,738.3499755859375,738.3499755859375,738.0599975585938,738.1799926757812,36167,0.0,0.0,0.0
2026-09-29 11:08:00-04:00,738.2100219726562,738.2100219726562,737.7000122070312,738.0,71402,0.0,0.0,0.0
2026-09-29 11:09:00-04:00,738.0050048828125,738.2000122070312,737.7999877929688,737.989990234375,41649,0.0,0.0,0.0
2026-09-29 11:10:00-04:00,737.969970703125,738.2999877929688,737.9255981445312,738.0999755859375,64139,0.0,0.0,0.0
2026-09-29 11:11:00-04:00,738.1096801757812,738.1300048828125,737.7999877929688,737.9199829101562,60548,0.0,0.0,0.0
2026-09-29 11:12:00-04:00,737.8800048828125,737.8800048828125,737.469970703125,737.5700073242188,132425,0.0,0.0,0.0
2026-09-29 11:13:00-04:00,737.5482788085938,738.110107421875,737.5449829101562,738.110107421875,41970,0.0,0.0,0.0
2026-09-29 11:14:00-04:00,738.0831909179688,738.5050048828125,738.030029296875,738.5,44881,0.0,0.0,0.0
2026-09-29 11:15:00-04:00,738.489990234375,738.7374877929688,738.3699951171875,738.4591064453125,28932,0.0,0.0,0.0
2026-09-29 11:16:00-04:00,738.4600219726562,738.6500244140625,738.4099731445312,738.5,38547,0.0,0.0,0.0
2026-09-29 11:17:00-04:00,738.489990234375,738.530029296875,738.0999755859375,738.1810302734375,34951,0.0,0.0,0.0
2026-09-29 11:18:00-04:00,738.1599731445312,738.1799926757812,737.4600219726562,737.5,105868,0.0,0.0,0.0
2026-09-29 11:19:00-04:00,737.5150146484375,737.719970703125,737.22998046875,737.22998046875,78211,0.0,0.0,0.0
2026-09-29 11:20:00-04:00,737.22998046875,737.3900146484375,737.0499877929688,737.0499877929688,139559,0.0,0.0,0.0
2026-09-29 11:21:00-04:00,737.0700073242188,737.281982421875,736.97998046875,737.2100219726562,52668,0.0,0.0,0.0
2026-09-29 11:22:00-04:00,737.1699829101562,737.3599853515625,736.9000244140625,737.1051025390625,43065,0.0,0.0,0.0
2026-09-29 11:23:00-04:00,737.10498046875,737.155029296875,736.5700073242188,736.635009765625,64620,0.0,0.0,0.0
2026-09-29 11:24:00-04:00,736.6300048828125,736.72998046875,736.4000244140625,736.6500244140625,86775,0.0,0.0,0.0
2026-09-29 11:25:00-04:00,736.6646728515625,736.8099975585938,736.3699951171875,736.5599975585938,83247,0.0,0.0,0.0
2026-09-29 11:26:00-04:00,736.5700073242188,736.7249755859375,736.0650024414062,736.1900024414062,68267,0.0,0.0,0.0
2026-09-29 11:27:00-04:00,736.1900024414062,736.4600219726562,736.0,736.3699951171875,102266,0.0,0.0,0.0
2026-09-29 11:28:00-04:00,736.3599853515625,736.6599731445312,736.260009765625,736.4099731445312,69356,0.0,0.0,0.0
2026-09-29 11:29:00-04:00,736.3900756835938,736.5900268554688,736.2999877929688,736.510009765625,34290,0.0,0.0,0.0
2026-09-29 11:30:00-04:00,736.530029296875,736.7999267578125,736.530029296875,736.5999755859375,58206,0.0,0.0,0.0
2026-09-29 11:31:00-04:00,736.5499877929688,736.6400146484375,736.2899780273438,736.47998046875,28998,0.0,0.0,0.0
2026-09-29 11:32:00-04:00,736.47998046875,736.9299926757812,736.47998046875,736.9199829101562,42589,0.0,0.0,0.0
2026-09-29 11:33:00-04:00,736.9099731445312,737.4099731445312,736.9000244140625,737.39501953125,61512,0.0,0.0,0.0
2026-09-29 11:34:00-04:00,737.405029296875,737.72998046875,737.3900146484375,737.5700073242188,77035,0.0,0.0,0.0
2026-09-29 11:35:00-04:00,737.6500244140625,737.6500244140625,737.4000244140625,737.4450073242188,74402,0.0,0.0,0.0
2026-09-29 11:36:00-04:00,737.4199829101562,737.6199951171875,737.4199829101562,737.5399780273438,32720,0.0,0.0,0.0
2026-09-29 11:37:00-04:00,737.5399780273438,737.5800170898438,737.27001953125,737.4500122070312,48040,0.0,0.0,0.0
2026-09-29 11:38:00-04:00,737.3900146484375,737.8599853515625,737.280029296875,737.8499755859375,27651,0.0,0.0,0.0
2026-09-29 11:39:00-04:00,737.8699951171875,737.9099731445312,737.4600219726562,737.5802001953125,24511,0.0,0.0,0.0
2026-09-29 11:40:00-04:00,737.5900268554688,737.5900268554688,737.3837890625,737.5349731445312,15993,0.0,0.0,0.0
2026-09-29 11:41:00-04:00,737.5499877929688,737.5900268554688,736.864990234375,736.9400024414062,31388,0.0,0.0,0.0
2026-09-29 11:42:00-04:00,736.9600219726562,737.3800048828125,736.8800048828125,737.1494750976562,30132,0.0,0.0,0.0
2026-09-29 11:43:00-04:00,737.1199951171875,737.1199951171875,736.8300170898438,737.1099853515625,23801,0.0,0.0,0.0
2026-09-29 11:44:00-04:00,737.02001953125,737.260009765625,736.9600219726562,737.030029296875,16206,0.0,0.0,0.0
2026-09-29 11:45:00-04:00,737.0698852539062,737.25,737.0,737.0037231445312,6534,0.0,0.0,0.0
2026-09-29 11:46:00-04:00,737.02001953125,737.0449829101562,736.6400146484375,736.7100219726562,22390,0.0,0.0,0.0
2026-09-29 11:47:00-04:00,736.635009765625,737.8350219726562,736.5599975585938,737.5,178176,0.0,0.0,0.0
2026-09-29 11:48:00-04:00,737.3599853515625,737.4639892578125,737.0,737.3200073242188,24799,0.0,0.0,0.0
2026-09-29 11:49:00-04:00,737.4000244140625,737.6765747070312,737.2650146484375,737.5150146484375,23849,0.0,0.0,0.0
2026-09-29 11:50:00-04:00,737.6099853515625,737.8800048828125,737.3049926757812,737.3510131835938,34219,0.0,0.0,0.0
2026-09-29 11:51:00-04:00,737.3300170898438,737.4199829101562,736.875,737.0349731445312,23189,0.0,0.0,0.0
2026-09-29 11:52:00-04:00,737.02001953125,737.0850219726562,736.64990234375,736.8250122070312,22974,0.0,0.0,0.0
2026-09-29 11:53:00-04:00,736.8400268554688,736.969970703125,736.719970703125,736.7899780273438,53169,0.0,0.0,0.0
2026-09-29 11:54:00-04:00,736.7999877929688,737.030029296875,736.490478515625,736.8400268554688,28296,0.0,0.0,0.0
2026-09-29 11:55:00-04:00,736.8099975585938,736.8969116210938,736.594970703125,736.690185546875,11474,0.0,0.0,0.0
2026-09-29 11:56:00-04:00,736.7000122070312,737.0999755859375,736.7000122070312,737.010009765625,17247,0.0,0.0,0.0
2026-09-29 11:57:00-04:00,737.0800170898438,737.1500244140625,736.760009765625,736.844970703125,16972,0.0,0.0,0.0
2026-09-29 11:58:00-04:00,736.844970703125,737.2000122070312,736.8400268554688,737.0499877929688,16169,0.0,0.0,0.0
2026-09-29 11:59:00-04:00,737.0399780273438,737.3099975585938,737.0,737.3099975585938,17222,0.0,0.0,0.0
2026-09-29 12:00:00-04:00,737.3049926757812,737.3049926757812,736.9306030273438,737.0349731445312,15594,0.0,0.0,0.0
2026-09-29 12:01:00-04:00,737.02001953125,737.219970703125,736.9099731445312,737.0250244140625,95162,0.0,0.0,0.0
2026-09-29 12:02:00-04:00,737.010009765625,737.010009765625,736.5001220703125,736.8099975585938,32449,0.0,0.0,0.0
2026-09-29 12:03:00-04:00,736.8098754882812,736.8200073242188,736.6799926757812,736.7896728515625,39237,0.0,0.0,0.0
2026-09-29 12:04:00-04:00,736.8099975585938,736.8499755859375,736.4810180664062,736.5399780273438,28327,0.0,0.0,0.0
2026-09-29 12:05:00-04:00,736.5499877929688,736.75,736.4600219726562,736.5900268554688,16311,0.0,0.0,0.0
2026-09-29 12:06:00-04:00,736.6011962890625,736.8699951171875,736.489990234375,736.844970703125,37205,0.0,0.0,0.0
2026-09-29 12:07:00-04:00,736.8400268554688,737.1400146484375,736.7628784179688,737.0499877929688,34169,0.0,0.0,0.0
2026-09-29 12:08:00-04:00,737.0650024414062,737.25,736.8701171875,737.1599731445312,8842,0.0,0.0,0.0
2026-09-29 12:09:00-04:00,737.2249755859375,737.4400024414062,737.1599731445312,737.330810546875,14255,0.0,0.0,0.0
2026-09-29 12:10:00-04:00,737.3400268554688,737.4299926757812,737.2009887695312,737.239990234375,10741,0.0,0.0,0.0
2026-09-29 12:11:00-04:00,737.2525024414062,737.344970703125,737.030029296875,737.2999877929688,33254,0.0,0.0,0.0
2026-09-29 12:12:00-04:00,737.2994995117188,737.2994995117188,736.9600219726562,736.9600219726562,28021,0.0,0.0,0.0
2026-09-29 12:13:00-04:00,736.989990234375,737.1099853515625,736.6799926757812,736.6799926757812,23832,0.0,0.0,0.0
2026-09-29 12:14:00-04:00,736.7050170898438,736.780029296875,736.5700073242188,736.6099853515625,30237,0.0,0.0,0.0
2026-09-29 12:15:00-04:00,736.5999755859375,736.7623901367188,736.52001953125,736.75,15277,0.0,0.0,0.0
2026-09-29 12:16:00-04:00,736.760009765625,736.8900146484375,736.6199951171875,736.8800048828125,22997,0.0,0.0,0.0
2026-09-29 12:17:00-04:00,736.9000854492188,736.9500122070312,736.614990234375,736.6300048828125,78567,0.0,0.0,0.0
2026-09-29 12:18:00-04:00,736.625,736.6749877929688,736.4299926757812,736.6500244140625,31029,0.0,0.0,0.0
2026-09-29 12:19:00-04:00,736.6799926757812,736.77001953125,736.469970703125,736.7698974609375,17191,0.0,0.0,0.0
2026-09-29 12:20:00-04:00,736.8699951171875,736.9199829101562,736.8300170898438,736.8590087890625,24460,0.0,0.0,0.0
2026-09-29 12:21:00-04:00,736.7899780273438,737.1199951171875,736.5499877929688,736.5800170898438,45832,0.0,0.0,0.0
2026-09-29 12:22:00-04:00,736.5999755859375,736.9641723632812,736.5,736.89501953125,64038,0.0,0.0,0.0
2026-09-29 12:23:00-04:00,736.8599853515625,736.8900146484375,736.6599731445312,736.7507934570312,9531,0.0,0.0,0.0
2026-09-29 12:24:00-04:00,736.8800048828125,737.02001953125,736.8599243164062,736.8699951171875,6718,0.0,0.0,0.0
2026-09-29 12:25:00-04:00,736.8699951171875,737.1099853515625,736.8499755859375,737.0609741210938,18949,0.0,0.0,0.0
2026-09-29 12:26:00-04:00,737.0999755859375,737.2050170898438,737.010009765625,737.18359375,14263,0.0,0.0,0.0
2026-09-29 12:27:00-04:00,737.2435302734375,737.2999877929688,737.1400146484375,737.239990234375,12597,0.0,0.0,0.0
2026-09-29 12:28:00-04:00,737.2999877929688,737.3800048828125,737.219970703125,737.260009765625,31164,0.0,0.0,0.0
2026-09-29 12:29:00-04:00,737.2899780273438,737.3250122070312,737.1400756835938,737.239990234375,31551,0.0,0.0,0.0
2026-09-29 12:30:00-04:00,737.2319946289062,737.239990234375,736.9000244140625,736.9099731445312,21897,0.0,0.0,0.0
2026-09-29 12:31:00-04:00,736.9199829101562,737.1500244140625,736.77001953125,736.8599853515625,30223,0.0,0.0,0.0
2026-09-29 12:32:00-04:00,736.8699951171875,737.0,736.8049926757812,736.8400268554688,25236,0.0,0.0,0.0
2026-09-29 12:33:00-04:00,736.8699951171875,736.9998779296875,736.8499755859375,736.9000244140625,10439,0.0,0.0,0.0
2026-09-29 12:34:00-04:00,736.9099731445312,736.9299926757812,736.8101196289062,736.8699951171875,6072,0.0,0.0,0.0
2026-09-29 12:35:00-04:00,736.8826904296875,737.2249755859375,736.8826904296875,737.010009765625,11069,0.0,0.0,0.0
2026-09-29 12:36:00-04:00,736.9949951171875,737.1300048828125,736.8800048828125,737.0886840820312,7400,0.0,0.0,0.0
2026-09-29 12:37:00-04:00,737.0900268554688,737.1099853515625,736.9299926757812,737.0421752929688,24280,0.0,0.0,0.0
2026-09-29 12:38:00-04:00,737.02001953125,737.1300048828125,736.9199829101562,737.11962890625,13096,0.0,0.0,0.0
2026-09-29 12:39:00-04:00,737.010009765625,737.010009765625,736.8699951171875,736.9500122070312,65729,0.0,0.0,0.0
2026-09-29 12:40:00-04:00,736.9749755859375,736.9749755859375,736.4500122070312,736.52001953125,79863,0.0,0.0,0.0
2026-09-29 12:41:00-04:00,736.489990234375,736.6199951171875,736.0599975585938,736.0599975585938,39220,0.0,0.0,0.0
2026-09-29 12:42:00-04:00,736.0599975585938,736.3599853515625,735.9500122070312,736.2999877929688,62311,0.0,0.0,0.0
2026-09-29 12:43:00-04:00,736.22998046875,736.25,735.8400268554688,735.843994140625,30714,0.0,0.0,0.0
2026-09-29 12:44:00-04:00,735.861328125,735.9183959960938,735.6699829101562,735.6699829101562,35307,0.0,0.0,0.0
2026-09-29 12:45:00-04:00,735.6300048828125,735.8250122070312,735.3400268554688,735.5,89491,0.0,0.0,0.0
2026-09-29 12:46:00-04:00,735.4801025390625,735.9793090820312,735.3720092773438,735.9550170898438,42835,0.0,0.0,0.0
2026-09-29 12:47:00-04:00,735.9400024414062,736.3499755859375,735.9000244140625,736.1699829101562,85208,0.0,0.0,0.0
2026-09-29 12:48:00-04:00,736.1719970703125,736.5,736.0709838867188,736.4299926757812,40526,0.0,0.0,0.0
2026-09-29 12:49:00-04:00,736.4310302734375,736.4310302734375,736.1300048828125,736.3800048828125,18581,0.0,0.0,0.0
2026-09-29 12:50:00-04:00,736.3800048828125,736.6799926757812,736.3123168945312,736.625,35848,0.0,0.0,0.0
2026-09-29 12:51:00-04:00,736.6199951171875,736.8193969726562,736.3099975585938,736.3099975585938,28242,0.0,0.0,0.0
2026-09-29 12:52:00-04:00,736.280029296875,736.2999877929688,736.1119995117188,736.1599731445312,24440,0.0,0.0,0.0
2026-09-29 12:53:00-04:00,736.1599731445312,736.239990234375,736.0850219726562,736.1749877929688,21632,0.0,0.0,0.0
2026-09-29 12:54:00-04:00,736.1300048828125,736.2000122070312,736.010009765625,736.1541748046875,9876,0.0,0.0,0.0
2026-09-29 12:55:00-04:00,736.1649780273438,736.1649780273438,735.85498046875,735.8699951171875,15140,0.0,0.0,0.0
2026-09-29 12:56:00-04:00,735.875,735.875,735.6099853515625,735.7498779296875,34018,0.0,0.0,0.0
2026-09-29 12:57:00-04:00,735.7376098632812,735.8685302734375,735.7000122070312,735.719970703125,44079,0.0,0.0,0.0
2026-09-29 12:58:00-04:00,735.7199096679688,735.97998046875,735.7199096679688,735.9600219726562,20162,0.0,0.0,0.0
2026-09-29 12:59:00-04:00,735.9400024414062,736.1950073242188,735.8800048828125,736.1309814453125,17873,0.0,0.0,0.0
2026-09-29 13:00:00-04:00,736.0999755859375,736.1373291015625,735.77001953125,735.77001953125,19355,0.0,0.0,0.0
2026-09-29 13:01:00-04:00,735.780029296875,736.0399780273438,735.739990234375,735.7949829101562,7170,0.0,0.0,0.0
2026-09-29 13:02:00-04:00,735.8049926757812,735.9000244140625,735.719970703125,735.77001953125,8748,0.0,0.0,0.0
2026-09-29 13:03:00-04:00,735.7550048828125,735.9598999023438,735.5449829101562,735.9598999023438,168602,0.0,0.0,0.0
2026-09-29 13:04:00-04:00,735.9099731445312,736.0198974609375,735.8331909179688,735.9600219726562,13726,0.0,0.0,0.0
2026-09-29 13:05:00-04:00,735.9022827148438,736.0900268554688,735.8900146484375,736.0700073242188,15497,0.0,0.0,0.0
2026-09-29 13:06:00-04:00,736.0499877929688,736.1635131835938,735.9500122070312,736.0150146484375,12509,0.0,0.0,0.0
2026-09-29 13:07:00-04:00,736.030029296875,736.0349731445312,735.8400268554688,736.0,20246,0.0,0.0,0.0
2026-09-29 13:08:00-04:00,736.0700073242188,736.1589965820312,735.931884765625,736.0598754882812,27443,0.0,0.0,0.0
2026-09-29 13:09:00-04:00,736.010009765625,736.0698852539062,735.9600830078125,735.9849853515625,5420,0.0,0.0,0.0
2026-09-29 13:10:00-04:00,735.97998046875,736.2100219726562,735.8499755859375,736.1300048828125,110026,0.0,0.0,0.0
2026-09-29 13:11:00-04:00,736.1400146484375,736.3499755859375,736.0,736.0250244140625,24549,0.0,0.0,0.0
2026-09-29 13:12:00-04:00,736.0,736.0449829101562,735.7999877929688,735.864990234375,16878,0.0,0.0,0.0
2026-09-29 13:13:00-04:00,735.875,736.010009765625,735.8350219726562,736.0,71392,0.0,0.0,0.0
2026-09-29 13:14:00-04:00,735.9500122070312,736.2249755859375,735.89990234375,736.1900024414062,23239,0.0,0.0,0.0
2026-09-29 13:15:00-04:00,736.2100219726562,736.3499755859375,736.169921875,736.239990234375,14188,0.0,0.0,0.0
2026-09-29 13:16:00-04:00,736.2000732421875,736.260009765625,735.719970703125,735.885009765625,24328,0.0,0.0,0.0
2026-09-29 13:17:00-04:00,735.9000244140625,736.1500244140625,735.8699951171875,735.9990234375,12835,0.0,0.0,0.0
2026-09-29 13:18:00-04:00,735.9299926757812,736.059814453125,735.8400268554688,736.02001953125,9717,0.0,0.0,0.0
2026-09-29 13:19:00-04:00,735.9600219726562,736.2000122070312,735.9299926757812,736.1099853515625,75824,0.0,0.0,0.0
2026-09-29 13:20:00-04:00,736.1325073242188,736.22998046875,736.010009765625,736.1799926757812,17538,0.0,0.0,0.0
2026-09-29 13:21:00-04:00,736.1199951171875,736.3098754882812,736.0700073242188,736.135009765625,18009,0.0,0.0,0.0
2026-09-29 13:22:00-04:00,736.155029296875,736.29052734375,736.1298828125,736.2293701171875,10164,0.0,0.0,0.0
2026-09-29 13:23:00-04:00,736.253173828125,736.510009765625,736.253173828125,736.4299926757812,19384,0.0,0.0,0.0
2026-09-29 13:24:00-04:00,736.46142578125,736.7999877929688,736.4500122070312,736.7999267578125,28726,0.0,0.0,0.0
2026-09-29 13:25:00-04:00,736.7999877929688,736.9949951171875,736.760009765625,736.8300170898438,49742,0.0,0.0,0.0
2026-09-29 13:26:00-04:00,736.8200073242188,736.9000244140625,736.7849731445312,736.8800048828125,29459,0.0,0.0,0.0
2026-09-29 13:27:00-04:00,736.8900146484375,737.0999755859375,736.780029296875,737.0700073242188,36505,0.0,0.0,0.0
2026-09-29 13:28:00-04:00,737.0800170898438,737.1500244140625,736.719970703125,736.8499755859375,41302,0.0,0.0,0.0
2026-09-29 13:29:00-04:00,736.8201293945312,736.9400024414062,736.8001098632812,736.8300170898438,11809,0.0,0.0,0.0
2026-09-29 13:30:00-04:00,736.8200073242188,736.9400024414062,736.5,736.5003051757812,41535,0.0,0.0,0.0
2026-09-29 13:31:00-04:00,736.5700073242188,736.7864990234375,736.5,736.739990234375,23186,0.0,0.0,0.0
2026-09-29 13:32:00-04:00,736.7449951171875,736.8400268554688,736.6400146484375,736.7449951171875,27929,0.0,0.0,0.0
2026-09-29 13:33:00-04:00,736.7100219726562,736.97998046875,736.6950073242188,736.8300170898438,16631,0.0,0.0,0.0
2026-09-29 13:34:00-04:00,736.8599853515625,736.9799194335938,736.830078125,736.9656982421875,13314,0.0,0.0,0.0
2026-09-29 13:35:00-04:00,736.961181640625,737.2109985351562,736.9600219726562,737.0800170898438,42662,0.0,0.0,0.0
2026-09-29 13:36:00-04:00,737.0750122070312,737.0800170898438,736.8699951171875,736.8709716796875,28674,0.0,0.0,0.0
2026-09-29 13:37:00-04:00,736.9000244140625,736.9130249023438,736.72998046875,736.7899780273438,15120,0.0,0.0,0.0
2026-09-29 13:38:00-04:00,736.78857421875,736.9199829101562,736.655029296875,736.7100219726562,33725,0.0,0.0,0.0
2026-09-29 13:39:00-04:00,736.6900024414062,736.7322998046875,736.5900268554688,736.6900024414062,14847,0.0,0.0,0.0
2026-09-29 13:40:00-04:00,736.6699829101562,736.6900024414062,736.5501098632812,736.619873046875,9889,0.0,0.0,0.0
2026-09-29 13:41:00-04:00,736.6099853515625,736.7000122070312,736.4450073242188,736.469970703125,28533,0.0,0.0,0.0
2026-09-29 13:42:00-04:00,736.5,736.5,736.1400146484375,736.25,31002,0.0,0.0,0.0
2026-09-29 13:43:00-04:00,736.25,736.4299926757812,736.219970703125,736.4299926757812,20195,0.0,0.0,0.0
2026-09-29 13:44:00-04:00,736.431396484375,736.6699829101562,736.4000244140625,736.625,11894,0.0,0.0,0.0
2026-09-29 13:45:00-04:00,736.6300048828125,736.8200073242188,736.5999755859375,736.62060546875,22085,0.0,0.0,0.0
2026-09-29 13:46:00-04:00,736.625,736.8599853515625,736.5650024414062,736.5650024414062,26550,0.0,0.0,0.0
2026-09-29 13:47:00-04:00,736.5700073242188,736.739990234375,736.5216064453125,736.655029296875,12338,0.0,0.0,0.0
2026-09-29 13:48:00-04:00,736.5999755859375,736.6500244140625,736.4500122070312,736.5850219726562,21103,0.0,0.0,0.0
2026-09-29 13:49:00-04:00,736.4099731445312,736.4650268554688,736.3400268554688,736.4299926757812,12347,0.0,0.0,0.0
2026-09-29 13:50:00-04:00,736.4749755859375,736.5599975585938,736.3599853515625,736.4349975585938,14859,0.0,0.0,0.0
2026-09-29 13:51:00-04:00,736.375,736.4000244140625,736.2000122070312,736.2000122070312,17141,0.0,0.0,0.0
2026-09-29 13:52:00-04:00,736.2025146484375,736.2899169921875,735.969970703125,736.0499877929688,21555,0.0,0.0,0.0
2026-09-29 13:53:00-04:00,736.0399780273438,736.0650024414062,735.7100219726562,735.8419799804688,29926,0.0,0.0,0.0
2026-09-29 13:54:00-04:00,735.7899780273438,736.0499877929688,735.77001953125,735.989990234375,22795,0.0,0.0,0.0
2026-09-29 13:55:00-04:00,735.989990234375,736.0,735.8350830078125,735.864990234375,12068,0.0,0.0,0.0
2026-09-29 13:56:00-04:00,735.8599853515625,735.885986328125,735.6699829101562,735.719970703125,18515,0.0,0.0,0.0
2026-09-29 13:57:00-04:00,735.7249755859375,735.8400268554688,735.4650268554688,735.52001953125,31457,0.0,0.0,0.0
2026-09-29 13:58:00-04:00,735.52001953125,735.6199951171875,735.4299926757812,735.47998046875,50056,0.0,0.0,0.0
2026-09-29 13:59:00-04:00,735.4600219726562,735.7860107421875,735.4600219726562,735.739990234375,39849,0.0,0.0,0.0
2026-09-29 14:00:00-04:00,735.7449951171875,737.260009765625,735.7449951171875,737.010009765625,514671,0.0,0.0,0.0
2026-09-29 14:01:00-04:00,737.0,737.280029296875,736.6599731445312,736.66162109375,133206,0.0,0.0,0.0
2026-09-29 14:02:00-04:00,736.7650146484375,737.0800170898438,736.739990234375,736.9500122070312,26132,0.0,0.0,0.0
2026-09-29 14:03:00-04:00,737.0,737.0,736.5399780273438,736.8499755859375,20917,0.0,0.0,0.0
2026-09-29 14:04:00-04:00,736.8400268554688,737.094970703125,736.72998046875,737.0800170898438,58358,0.0,0.0,0.0
2026-09-29 14:05:00-04:00,737.0800170898438,737.39501953125,736.9761962890625,737.2000122070312,38818,0.0,0.0,0.0
2026-09-29 14:06:00-04:00,737.2059936523438,737.364990234375,737.1500244140625,737.2949829101562,243147,0.0,0.0,0.0
2026-09-29 14:07:00-04:00,737.3099975585938,737.4998779296875,736.8300170898438,737.10498046875,58974,0.0,0.0,0.0
2026-09-29 14:08:00-04:00,737.10498046875,737.25,736.9099731445312,736.9550170898438,38035,0.0,0.0,0.0
2026-09-29 14:09:00-04:00,736.969970703125,737.0650024414062,736.52001953125,736.5449829101562,58545,0.0,0.0,0.0
2026-09-29 14:10:00-04:00,736.5599975585938,736.8499755859375,736.5599975585938,736.5999755859375,26554,0.0,0.0,0.0
2026-09-29 14:11:00-04:00,736.5999755859375,736.6500244140625,736.3900146484375,736.4199829101562,23629,0.0,0.0,0.0
2026-09-29 14:12:00-04:00,736.4486083984375,736.5924072265625,736.4000244140625,736.5599975585938,14189,0.0,0.0,0.0
2026-09-29 14:13:00-04:00,736.5599975585938,737.1519165039062,736.5599975585938,737.0900268554688,127517,0.0,0.0,0.0
2026-09-29 14:14:00-04:00,737.1199951171875,737.4199829101562,737.1199951171875,737.3300170898438,25246,0.0,0.0,0.0
2026-09-29 14:15:00-04:00,737.3300170898438,737.3900146484375,737.25,737.27001953125,15419,0.0,0.0,0.0
2026-09-29 14:16:00-04:00,737.3099975585938,737.4885864257812,737.3005981445312,737.3800048828125,11455,0.0,0.0,0.0
2026-09-29 14:17:00-04:00,737.3400268554688,737.489990234375,737.280029296875,737.3599853515625,14601,0.0,0.0,0.0
2026-09-29 14:18:00-04:00,737.3300170898438,737.4500122070312,737.3099975585938,737.405029296875,17608,0.0,0.0,0.0
2026-09-29 14:19:00-04:00,737.3712768554688,737.5650024414062,737.3699951171875,737.4199829101562,44361,0.0,0.0,0.0
2026-09-29 14:20:00-04:00,737.4400024414062,737.469970703125,737.260009765625,737.4299926757812,12641,0.0,0.0,0.0
2026-09-29 14:21:00-04:00,737.4099731445312,737.530029296875,737.3699951171875,737.47998046875,21805,0.0,0.0,0.0
2026-09-29 14:22:00-04:00,737.469970703125,737.8253784179688,737.4600219726562,737.8099975585938,56300,0.0,0.0,0.0
2026-09-29 14:23:00-04:00,737.8200073242188,738.0,737.6500244140625,737.6599731445312,189660,0.0,0.0,0.0
2026-09-29 14:24:00-04:00,737.6500244140625,737.760009765625,737.3400268554688,737.3800048828125,27786,0.0,0.0,0.0
2026-09-29 14:25:00-04:00,737.4099731445312,737.5900268554688,737.4000244140625,737.4000244140625,16197,0.0,0.0,0.0
2026-09-29 14:26:00-04:00,737.4299926757812,737.6591186523438,737.4299926757812,737.5599975585938,20027,0.0,0.0,0.0
2026-09-29 14:27:00-04:00,737.5549926757812,737.7999877929688,737.4901123046875,737.7650146484375,13710,0.0,0.0,0.0
2026-09-29 14:28:00-04:00,737.8098754882812,738.0599975585938,737.760009765625,737.8250122070312,45092,0.0,0.0,0.0
2026-09-29 14:29:00-04:00,737.8317260742188,737.8699951171875,737.6099853515625,737.6300048828125,16064,0.0,0.0,0.0
2026-09-29 14:30:00-04:00,737.6500244140625,738.1500244140625,737.3900146484375,737.489990234375,99513,0.0,0.0,0.0
2026-09-29 14:31:00-04:00,737.5150146484375,737.5800170898438,737.1799926757812,737.3350219726562,29511,0.0,0.0,0.0
2026-09-29 14:32:00-04:00,737.3200073242188,737.4500122070312,737.2999877929688,737.3699951171875,17376,0.0,0.0,0.0
2026-09-29 14:33:00-04:00,737.3463745117188,737.4099731445312,737.1500244140625,737.239990234375,44688,0.0,0.0,0.0
2026-09-29 14:34:00-04:00,737.2022094726562,737.469970703125,737.2000122070312,737.4400024414062,13651,0.0,0.0,0.0
2026-09-29 14:35:00-04:00,737.4500122070312,737.5800170898438,737.4000244140625,737.5800170898438,16351,0.0,0.0,0.0
2026-09-29 14:36:00-04:00,737.5399780273438,737.75,737.510009765625,737.7349853515625,21154,0.0,0.0,0.0
2026-09-29 14:37:00-04:00,737.739990234375,737.89501953125,737.7100219726562,737.8499755859375,13803,0.0,0.0,0.0
2026-09-29 14:38:00-04:00,737.85498046875,738.3800048828125,737.8306274414062,738.3400268554688,82399,0.0,0.0,0.0
2026-09-29 14:39:00-04:00,738.385009765625,738.6300048828125,738.3499755859375,738.5750122070312,88393,0.0,0.0,0.0
2026-09-29 14:40:00-04:00,738.5745239257812,738.780029296875,738.5050048828125,738.739990234375,55578,0.0,0.0,0.0
2026-09-29 14:41:00-04:00,738.760009765625,739.010009765625,738.6300048828125,738.7100219726562,90863,0.0,0.0,0.0
2026-09-29 14:42:00-04:00,738.6900024414062,738.77001953125,738.5399780273438,738.6799926757812,46475,0.0,0.0,0.0
2026-09-29 14:43:00-04:00,738.6400146484375,738.6699829101562,738.4000244140625,738.4749755859375,44000,0.0,0.0,0.0
2026-09-29 14:44:00-04:00,738.47998046875,738.5549926757812,738.3099975585938,738.5549926757812,48226,0.0,0.0,0.0
2026-09-29 14:45:00-04:00,738.5294189453125,738.6699829101562,738.4600219726562,738.6400146484375,15112,0.0,0.0,0.0
2026-09-29 14:46:00-04:00,738.6099853515625,738.6599731445312,738.5349731445312,738.5999755859375,17021,0.0,0.0,0.0
2026-09-29 14:47:00-04:00,738.5650024414062,738.5650024414062,738.1599731445312,738.2899780273438,31180,0.0,0.0,0.0
2026-09-29 14:48:00-04:00,738.3200073242188,738.4301147460938,738.260009765625,738.4301147460938,137076,0.0,0.0,0.0
2026-09-29 14:49:00-04:00,738.407470703125,738.551025390625,738.407470703125,738.47998046875,33496,0.0,0.0,0.0
2026-09-29 14:50:00-04:00,738.510009765625,738.5698852539062,738.3900146484375,738.52001953125,29817,0.0,0.0,0.0
2026-09-29 14:51:00-04:00,738.530029296875,738.6699829101562,738.530029296875,738.64501953125,15716,0.0,0.0,0.0
2026-09-29 14:52:00-04:00,738.6201171875,738.7849731445312,738.5800170898438,738.7308959960938,156521,0.0,0.0,0.0
2026-09-29 14:53:00-04:00,738.760009765625,738.7999877929688,738.6898803710938,738.7509765625,13817,0.0,0.0,0.0
2026-09-29 14:54:00-04:00,738.77001953125,738.77001953125,738.4400024414062,738.47998046875,30985,0.0,0.0,0.0
2026-09-29 14:55:00-04:00,738.469970703125,738.5850219726562,738.4199829101562,738.5850219726562,15461,0.0,0.0,0.0
2026-09-29 14:56:00-04:00,738.580078125,738.6199951171875,738.52001953125,738.5499877929688,12125,0.0,0.0,0.0
2026-09-29 14:57:00-04:00,738.5012817382812,738.5449829101562,738.3499755859375,738.3900146484375,15080,0.0,0.0,0.0
2026-09-29 14:58:00-04:00,738.4110107421875,738.8099975585938,738.4110107421875,738.6939697265625,18758,0.0,0.0,0.0
2026-09-29 14:59:00-04:00,738.760009765625,738.8790893554688,738.6400146484375,738.7000122070312,8458,0.0,0.0,0.0
2026-09-29 15:00:00-04:00,738.7150268554688,738.8599853515625,738.6900024414062,738.72998046875,22216,0.0,0.0,0.0
2026-09-29 15:01:00-04:00,738.7462158203125,738.75,738.6199951171875,738.6500244140625,22909,0.0,0.0,0.0
2026-09-29 15:02:00-04:00,738.64501953125,738.75,738.5999755859375,738.6599731445312,23016,0.0,0.0,0.0
2026-09-29 15:03:00-04:00,738.6699829101562,738.77001953125,738.6199951171875,738.6400146484375,22946,0.0,0.0,0.0
2026-09-29 15:04:00-04:00,738.6300048828125,738.8599853515625,738.510009765625,738.8054809570312,28003,0.0,0.0,0.0
2026-09-29 15:05:00-04:00,738.8150024414062,738.8599853515625,738.6300048828125,738.77001953125,22279,0.0,0.0,0.0
2026-09-29 15:06:00-04:00,738.7999877929688,738.9000244140625,738.7100219726562,738.7902221679688,26775,0.0,0.0,0.0
2026-09-29 15:07:00-04:00,738.8319702148438,738.8322143554688,738.6699829101562,738.72998046875,32090,0.0,0.0,0.0
2026-09-29 15:08:00-04:00,738.7100219726562,738.7899780273438,738.6199951171875,738.6900024414062,24208,0.0,0.0,0.0
2026-09-29 15:09:00-04:00,738.6699829101562,738.719970703125,738.5,738.530029296875,28289,0.0,0.0,0.0
2026-09-29 15:10:00-04:00,738.47998046875,738.5399780273438,738.4298706054688,738.4799194335938,23962,0.0,0.0,0.0
2026-09-29 15:11:00-04:00,738.469970703125,738.5999755859375,738.4299926757812,738.530029296875,26800,0.0,0.0,0.0
2026-09-29 15:12:00-04:00,738.510009765625,738.510009765625,738.2100219726562,738.280029296875,35969,0.0,0.0,0.0
2026-09-29 15:13:00-04:00,738.280029296875,738.3599853515625,738.1901245117188,738.2075805664062,40258,0.0,0.0,0.0
2026-09-29 15:14:00-04:00,738.2100219726562,738.2100219726562,737.9849853515625,738.0800170898438,60103,0.0,0.0,0.0
2026-09-29 15:15:00-04:00,738.094970703125,738.1300048828125,737.969970703125,737.969970703125,37327,0.0,0.0,0.0
2026-09-29 15:16:00-04:00,738.0401000976562,738.2376098632812,737.9901123046875,738.1900024414062,27525,0.0,0.0,0.0
2026-09-29 15:17:00-04:00,738.1799926757812,738.1801147460938,738.0599975585938,738.1500244140625,24130,0.0,0.0,0.0
2026-09-29 15:18:00-04:00,738.1300048828125,738.3400268554688,738.1300048828125,738.239990234375,54016,0.0,0.0,0.0
2026-09-29 15:19:00-04:00,738.2449951171875,738.2799072265625,738.0499877929688,738.2799072265625,26420,0.0,0.0,0.0
2026-09-29 15:20:00-04:00,738.219970703125,738.2249755859375,738.0499877929688,738.0900268554688,38852,0.0,0.0,0.0
2026-09-29 15:21:00-04:00,738.0999755859375,738.3699951171875,738.094970703125,738.3599853515625,53698,0.0,0.0,0.0
2026-09-29 15:22:00-04:00,738.360107421875,738.49462890625,738.3200073242188,738.4782104492188,76623,0.0,0.0,0.0
2026-09-29 15:23:00-04:00,738.47998046875,738.5900268554688,738.4199829101562,738.47998046875,30505,0.0,0.0,0.0
2026-09-29 15:24:00-04:00,738.47998046875,738.530029296875,738.1799926757812,738.280029296875,22608,0.0,0.0,0.0
2026-09-29 15:25:00-04:00,738.2949829101562,738.4000244140625,738.1699829101562,738.2449951171875,19094,0.0,0.0,0.0
2026-09-29 15:26:00-04:00,738.2393188476562,738.3610229492188,738.219970703125,738.239990234375,20340,0.0,0.0,0.0
2026-09-29 15:27:00-04:00,738.2406005859375,738.3400268554688,738.2399291992188,738.3098754882812,34561,0.0,0.0,0.0
2026-09-29 15:28:00-04:00,738.3099975585938,738.3099975585938,738.1199951171875,738.1799926757812,25022,0.0,0.0,0.0
2026-09-29 15:29:00-04:00,738.1799926757812,738.1998901367188,738.0800170898438,738.1599731445312,26951,0.0,0.0,0.0
2026-09-29 15:30:00-04:00,738.155029296875,738.2020263671875,737.9000244140625,737.9600219726562,47986,0.0,0.0,0.0
2026-09-29 15:31:00-04:00,738.0,738.2374877929688,737.9854125976562,738.2332763671875,24512,0.0,0.0,0.0
2026-09-29 15:32:00-04:00,738.239990234375,738.47998046875,738.2034912109375,738.4099731445312,34634,0.0,0.0,0.0
2026-09-29 15:33:00-04:00,738.4199829101562,738.4199829101562,738.22998046875,738.22998046875,37961,0.0,0.0,0.0
2026-09-29 15:34:00-04:00,738.1900024414062,738.27001953125,738.1799926757812,738.239990234375,26092,0.0,0.0,0.0
2026-09-29 15:35:00-04:00,738.219970703125,738.260009765625,738.1199951171875,738.1199951171875,34043,0.0,0.0,0.0
2026-09-29 15:36:00-04:00,738.105224609375,738.22998046875,738.105224609375,738.1795043945312,19211,0.0,0.0,0.0
2026-09-29 15:37:00-04:00,738.1900024414062,738.3499755859375,738.1799926757812,738.3200073242188,22295,0.0,0.0,0.0
2026-09-29 15:38:00-04:00,738.3410034179688,738.3920288085938,738.25,738.2849731445312,25159,0.0,0.0,0.0
2026-09-29 15:39:00-04:00,738.2999877929688,738.3411865234375,738.1400146484375,738.14501953125,26870,0.0,0.0,0.0
2026-09-29 15:40:00-04:00,738.1500244140625,738.1599731445312,737.97998046875,738.0399780273438,44399,0.0,0.0,0.0
2026-09-29 15:41:00-04:00,738.057373046875,738.0599975585938,737.8599853515625,738.030029296875,47913,0.0,0.0,0.0
2026-09-29 15:42:00-04:00,738.0250244140625,738.030029296875,737.9000244140625,737.9000244140625,30579,0.0,0.0,0.0
2026-09-29 15:43:00-04:00,737.9010009765625,737.9099731445312,737.5900268554688,737.5900268554688,48460,0.0,0.0,0.0
2026-09-29 15:44:00-04:00,737.5800170898438,737.6799926757812,737.5269775390625,737.54248046875,37711,0.0,0.0,0.0
2026-09-29 15:45:00-04:00,737.5700073242188,737.6400146484375,737.4500122070312,737.55078125,153437,0.0,0.0,0.0
2026-09-29 15:46:00-04:00,737.5599975585938,737.7100219726562,737.5499877929688,737.6799926757812,134683,0.0,0.0,0.0
2026-09-29 15:47:00-04:00,737.6799926757812,737.97998046875,737.6749877929688,737.9199829101562,67758,0.0,0.0,0.0
2026-09-29 15:48:00-04:00,737.9400024414062,737.9500122070312,737.760009765625,737.8699951171875,859764,0.0,0.0,0.0
2026-09-29 15:49:00-04:00,737.8800048828125,737.9500122070312,737.8400268554688,737.9249877929688,358954,0.0,0.0,0.0
2026-09-29 15:50:00-04:00,737.9099731445312,738.119873046875,737.77001953125,738.0700073242188,192941,0.0,0.0,0.0
2026-09-29 15:51:00-04:00,738.0700073242188,738.3599853515625,738.0700073242188,738.2144775390625,93267,0.0,0.0,0.0
2026-09-29 15:52:00-04:00,738.219970703125,738.4400024414062,738.1099853515625,738.3699951171875,101026,0.0,0.0,0.0
2026-09-29 15:53:00-04:00,738.3699951171875,738.3699951171875,738.1300048828125,738.260009765625,190977,0.0,0.0,0.0
2026-09-29 15:54:00-04:00,738.2698974609375,738.6500244140625,738.260009765625,738.3800048828125,306179,0.0,0.0,0.0
2026-09-29 15:55:00-04:00,738.4099731445312,738.4099731445312,737.3099975585938,737.8283081054688,513603,0.0,0.0,0.0
2026-09-29 15:56:00-04:00,737.8200073242188,737.8699951171875,737.3900146484375,737.6599731445312,159519,0.0,0.0,0.0
2026-09-29 15:57:00-04:00,737.6799926757812,738.1599731445312,737.6500244140625,738.1400146484375,517940,0.0,0.0,0.0
2026-09-29 15:58:00-04:00,738.1199951171875,738.1400146484375,737.8200073242188,737.8800048828125,243553,0.0,0.0,0.0
2026-09-29 15:59:00-04:00,737.8699951171875,738.1099853515625,737.6199951171875,737.9600219726562,547588,0.0,0.0,0.0
2026-09-30 09:30:00-04:00,740.1900024414062,740.7999877929688,739.760009765625,740.77001953125,2011470,0.0,0.0,0.0
2026-09-30 09:31:00-04:00,740.75,742.5599975585938,740.6900024414062,742.4299926757812,271511,0.0,0.0,0.0
2026-09-30 09:32:00-04:00,742.4299926757812,742.7493286132812,741.35498046875,741.530029296875,187536,0.0,0.0,0.0
2026-09-30 09:33:00-04:00,741.52001953125,741.6699829101562,740.6702880859375,741.4703979492188,104720,0.0,0.0,0.0
2026-09-30 09:34:00-04:00,741.530029296875,742.0800170898438,741.52001953125,741.7249755859375,94765,0.0,0.0,0.0
2026-09-30 09:35:00-04:00,741.780029296875,741.8200073242188,740.5800170898438,740.8049926757812,90369,0.0,0.0,0.0
2026-09-30 09:36:00-04:00,740.77001953125,741.5050048828125,740.6799926757812,741.47998046875,78008,0.0,0.0,0.0
2026-09-30 09:37:00-04:00,741.5399780273438,741.77001953125,741.1799926757812,741.4199829101562,59221,0.0,0.0,0.0
2026-09-30 09:38:00-04:00,741.4299926757812,741.4400024414062,740.5750122070312,740.9199829101562,84173,0.0,0.0,0.0
2026-09-30 09:39:00-04:00,740.8300170898438,741.719970703125,740.7999877929688,741.7199096679688,116278,0.0,0.0,0.0
2026-09-30 09:40:00-04:00,741.7100219726562,741.719970703125,740.6300048828125,740.75,41962,0.0,0.0,0.0
2026-09-30 09:41:00-04:00,740.7100219726562,741.380126953125,740.6799926757812,741.3699951171875,37027,0.0,0.0,0.0
2026-09-30 09:42:00-04:00,741.3599853515625,741.7249755859375,741.1950073242188,741.614990234375,40629,0.0,0.0,0.0
2026-09-30 09:43:00-04:00,741.5999755859375,742.0700073242188,741.4500122070312,741.6104125976562,70737,0.0,0.0,0.0
2026-09-30 09:44:00-04:00,741.6099853515625,741.8699951171875,741.3699951171875,741.7550048828125,74804,0.0,0.0,0.0
2026-09-30 09:45:00-04:00,741.8200073242188,742.1500244140625,741.0449829101562,741.0449829101562,103330,0.0,0.0,0.0
2026-09-30 09:46:00-04:00,741.0599975585938,741.0599975585938,740.5999755859375,740.77001953125,67788,0.0,0.0,0.0
2026-09-30 09:47:00-04:00,740.7899169921875,741.0700073242188,740.5499877929688,740.9500122070312,183045,0.0,0.0,0.0
2026-09-30 09:48:00-04:00,740.9760131835938,741.4349975585938,740.77001953125,740.8699951171875,58156,0.0,0.0,0.0
2026-09-30 09:49:00-04:00,740.9799194335938,742.1099243164062,740.97607421875,741.8400268554688,51024,0.0,0.0,0.0
2026-09-30 09:50:00-04:00,741.8300170898438,742.0,741.469970703125,741.6882934570312,51075,0.0,0.0,0.0
2026-09-30 09:51:00-04:00,741.739990234375,742.1400146484375,741.5800170898438,741.719970703125,31092,0.0,0.0,0.0
2026-09-30 09:52:00-04:00,741.760009765625,741.8092041015625,741.3200073242188,741.4400024414062,67827,0.0,0.0,0.0
2026-09-30 09:53:00-04:00,741.5150146484375,741.5900268554688,740.8800048828125,741.4420166015625,46259,0.0,0.0,0.0
2026-09-30 09:54:00-04:00,741.4522094726562,742.0700073242188,741.3800048828125,741.9893798828125,43350,0.0,0.0,0.0
2026-09-30 09:55:00-04:00,742.010009765625,742.5986938476562,742.010009765625,742.2846069335938,134851,0.0,0.0,0.0
2026-09-30 09:56:00-04:00,742.2999877929688,742.4099731445312,742.2100219726562,742.3300170898438,48627,0.0,0.0,0.0
2026-09-30 09:57:00-04:00,742.3499755859375,742.655029296875,742.1099853515625,742.4299926757812,101881,0.0,0.0,0.0
2026-09-30 09:58:00-04:00,742.4349975585938,742.5599975585938,742.1400146484375,742.469970703125,81278,0.0,0.0,0.0
2026-09-30 09:59:00-04:00,742.47412109375,743.5299072265625,742.3599853515625,743.5,162780,0.0,0.0,0.0
2026-09-30 10:00:00-04:00,743.4600219726562,743.8599853515625,743.3729858398438,743.6699829101562,262727,0.0,0.0,0.0
2026-09-30 10:01:00-04:00,743.6699829101562,744.3049926757812,743.6699829101562,744.0349731445312,157955,0.0,0.0,0.0
2026-09-30 10:02:00-04:00,744.0449829101562,744.2999877929688,743.9949951171875,744.0399780273438,156850,0.0,0.0,0.0
2026-09-30 10:03:00-04:00,743.9949951171875,744.239990234375,743.7899780273438,744.219970703125,104491,0.0,0.0,0.0
2026-09-30 10:04:00-04:00,744.2000122070312,744.25,743.9000244140625,744.0399780273438,95297,0.0,0.0,0.0
2026-09-30 10:05:00-04:00,744.02001953125,744.3499755859375,743.969970703125,744.2203979492188,71041,0.0,0.0,0.0
2026-09-30 10:06:00-04:00,744.2000122070312,744.72998046875,744.1699829101562,744.4197998046875,155442,0.0,0.0,0.0
2026-09-30 10:07:00-04:00,744.4000244140625,744.4000244140625,743.9400024414062,744.119873046875,65093,0.0,0.0,0.0
2026-09-30 10:08:00-04:00,744.10498046875,744.10498046875,743.9299926757812,744.0499877929688,65634,0.0,0.0,0.0
2026-09-30 10:09:00-04:00,744.0399780273438,744.0399780273438,743.6148071289062,743.8150024414062,74560,0.0,0.0,0.0
2026-09-30 10:10:00-04:00,743.7200927734375,743.8499755859375,743.2100219726562,743.22998046875,88000,0.0,0.0,0.0
2026-09-30 10:11:00-04:00,743.2199096679688,743.25,742.9462280273438,743.030029296875,62197,0.0,0.0,0.0
2026-09-30 10:12:00-04:00,742.97998046875,743.3699951171875,742.9600219726562,743.2100219726562,67161,0.0,0.0,0.0
2026-09-30 10:13:00-04:00,743.2100219726562,743.260009765625,742.8499755859375,742.8699951171875,50025,0.0,0.0,0.0
2026-09-30 10:14:00-04:00,742.8869018554688,743.3300170898438,742.6519775390625,743.2700805664062,61252,0.0,0.0,0.0
2026-09-30 10:15:00-04:00,743.260009765625,743.6699829101562,743.1900024414062,743.3828125,86625,0.0,0.0,0.0
2026-09-30 10:16:00-04:00,743.3599853515625,743.5250244140625,743.219970703125,743.3917236328125,65001,0.0,0.0,0.0
2026-09-30 10:17:00-04:00,743.4299926757812,743.432373046875,742.8300170898438,743.239990234375,83753,0.0,0.0,0.0
2026-09-30 10:18:00-04:00,743.3099975585938,743.7999877929688,743.25,743.2949829101562,40882,0.0,0.0,0.0
2026-09-30 10:19:00-04:00,743.27001953125,743.75,743.27001953125,743.7399291992188,42999,0.0,0.0,0.0
2026-09-30 10:20:00-04:00,743.7550048828125,744.0999755859375,743.7000122070312,743.9400024414062,142674,0.0,0.0,0.0
2026-09-30 10:21:00-04:00,743.9500122070312,744.1300048828125,743.8400268554688,743.9404296875,29467,0.0,0.0,0.0
2026-09-30 10:22:00-04:00,743.97900390625,744.02001953125,743.5,743.5700073242188,37115,0.0,0.0,0.0
2026-09-30 10:23:00-04:00,743.5800170898438,743.8037109375,743.280029296875,743.7319946289062,37747,0.0,0.0,0.0
2026-09-30 10:24:00-04:00,743.760009765625,743.8198852539062,743.2999877929688,743.2999877929688,26845,0.0,0.0,0.0
2026-09-30 10:25:00-04:00,743.3099975585938,743.3800048828125,743.1099853515625,743.3300170898438,40125,0.0,0.0,0.0
2026-09-30 10:26:00-04:00,743.3599853515625,743.5700073242188,743.1799926757812,743.239990234375,94541,0.0,0.0,0.0
2026-09-30 10:27:00-04:00,743.239990234375,743.4550170898438,743.081298828125,743.4349975585938,43727,0.0,0.0,0.0
2026-09-30 10:28:00-04:00,743.4400024414062,743.4949951171875,742.6500244140625,742.844970703125,66530,0.0,0.0,0.0
2026-09-30 10:29:00-04:00,742.8499755859375,743.280029296875,742.8499755859375,743.2109985351562,59913,0.0,0.0,0.0
2026-09-30 10:30:00-04:00,743.22998046875,743.260009765625,742.8800048828125,743.155029296875,26788,0.0,0.0,0.0
2026-09-30 10:31:00-04:00,743.1500244140625,743.4000244140625,742.875,743.3588256835938,43582,0.0,0.0,0.0
2026-09-30 10:32:00-04:00,743.3800048828125,743.6300048828125,742.9400024414062,742.969970703125,49343,0.0,0.0,0.0
2026-09-30 10:33:00-04:00,742.9450073242188,742.97998046875,742.6304931640625,742.8499755859375,49567,0.0,0.0,0.0
2026-09-30 10:34:00-04:00,742.8099975585938,742.8099975585938,742.1799926757812,742.375,65523,0.0,0.0,0.0
2026-09-30 10:35:00-04:00,742.4199829101562,742.47998046875,742.219970703125,742.219970703125,36498,0.0,0.0,0.0
2026-09-30 10:36:00-04:00,742.3250122070312,742.5017700195312,742.1024780273438,742.1950073242188,23038,0.0,0.0,0.0
2026-09-30 10:37:00-04:00,742.1799926757812,742.5800170898438,742.1699829101562,742.5032958984375,24167,0.0,0.0,0.0
2026-09-30 10:38:00-04:00,742.5,742.9500732421875,742.0999755859375,742.89501953125,91862,0.0,0.0,0.0
2026-09-30 10:39:00-04:00,742.8900146484375,743.0399780273438,742.6300048828125,742.6500244140625,38142,0.0,0.0,0.0
2026-09-30 10:40:00-04:00,742.6900024414062,742.719970703125,742.1599731445312,742.719970703125,55790,0.0,0.0,0.0
2026-09-30 10:41:00-04:00,742.72998046875,742.9199829101562,742.3106079101562,742.8099975585938,34535,0.0,0.0,0.0
2026-09-30 10:42:00-04:00,742.7999877929688,743.3300170898438,742.72998046875,743.2999877929688,61998,0.0,0.0,0.0
2026-09-30 10:43:00-04:00,743.2901000976562,743.3599853515625,742.6099853515625,742.864990234375,80817,0.0,0.0,0.0
2026-09-30 10:44:00-04:00,742.885009765625,743.0399780273438,742.469970703125,742.510009765625,43209,0.0,0.0,0.0
2026-09-30 10:45:00-04:00,742.4949951171875,743.0999755859375,742.4199829101562,742.9199829101562,36106,0.0,0.0,0.0
2026-09-30 10:46:00-04:00,742.9359741210938,743.0399780273438,742.6199951171875,742.8300170898438,29555,0.0,0.0,0.0
2026-09-30 10:47:00-04:00,742.8400268554688,743.1500244140625,742.8289794921875,743.1199951171875,24110,0.0,0.0,0.0
2026-09-30 10:48:00-04:00,743.0999755859375,743.4500122070312,743.0999755859375,743.4099731445312,19756,0.0,0.0,0.0
2026-09-30 10:49:00-04:00,743.4500122070312,743.8400268554688,743.3900146484375,743.75,40654,0.0,0.0,0.0
2026-09-30 10:50:00-04:00,743.8099975585938,743.8200073242188,743.47998046875,743.5,32381,0.0,0.0,0.0
2026-09-30 10:51:00-04:00,743.5,743.760009765625,743.4299926757812,743.47998046875,37999,0.0,0.0,0.0
2026-09-30 10:52:00-04:00,743.510009765625,743.8499755859375,743.4600219726562,743.780029296875,20320,0.0,0.0,0.0
2026-09-30 10:53:00-04:00,743.7899780273438,744.1099243164062,743.780029296875,743.9600219726562,47664,0.0,0.0,0.0
2026-09-30 10:54:00-04:00,744.0,744.489990234375,744.0,744.144775390625,81851,0.0,0.0,0.0
2026-09-30 10:55:00-04:00,744.1300048828125,744.27001953125,743.9600219726562,744.1199951171875,23390,0.0,0.0,0.0
2026-09-30 10:56:00-04:00,744.1599731445312,744.3699951171875,743.969970703125,744.260009765625,21759,0.0,0.0,0.0
2026-09-30 10:57:00-04:00,744.1799926757812,744.5,744.1199951171875,744.3198852539062,43032,0.0,0.0,0.0
2026-09-30 10:58:00-04:00,744.2532958984375,744.2999877929688,743.72998046875,743.8900146484375,43983,0.0,0.0,0.0
2026-09-30 10:59:00-04:00,743.9099731445312,743.9963989257812,743.5800170898438,743.5800170898438,30880,0.0,0.0,0.0
2026-09-30 11:00:00-04:00,743.5999755859375,743.6500244140625,743.3900146484375,743.4600219726562,33737,0.0,0.0,0.0
2026-09-30 11:01:00-04:00,743.4600219726562,743.4600219726562,743.0700073242188,743.3372192382812,37327,0.0,0.0,0.0
2026-09-30 11:02:00-04:00,743.3125,743.5599975585938,742.9500122070312,743.02001953125,31372,0.0,0.0,0.0
2026-09-30 11:03:00-04:00,742.9700927734375,743.280029296875,742.8900146484375,743.280029296875,20282,0.0,0.0,0.0
2026-09-30 11:04:00-04:00,743.260009765625,743.510009765625,743.010009765625,743.5,23996,0.0,0.0,0.0
2026-09-30 11:05:00-04:00,743.469970703125,743.4898071289062,743.0900268554688,743.1749877929688,34081,0.0,0.0,0.0
2026-09-30 11:06:00-04:00,743.239990234375,743.39501953125,743.0700073242188,743.3280029296875,16923,0.0,0.0,0.0
2026-09-30 11:07:00-04:00,743.3200073242188,743.4110717773438,742.9000244140625,743.0609741210938,28845,0.0,0.0,0.0
2026-09-30 11:08:00-04:00,743.0700073242188,743.4500122070312,743.0601196289062,743.3800048828125,40528,0.0,0.0,0.0
2026-09-30 11:09:00-04:00,743.4099731445312,743.8099975585938,743.3499755859375,743.7100219726562,35246,0.0,0.0,0.0
2026-09-30 11:10:00-04:00,743.7550048828125,743.7899780273438,743.5549926757812,743.6500244140625,16932,0.0,0.0,0.0
2026-09-30 11:11:00-04:00,743.77001953125,743.80859375,743.3300170898438,743.3800048828125,30909,0.0,0.0,0.0
2026-09-30 11:12:00-04:00,743.3800048828125,743.6400146484375,742.9199829101562,743.3350219726562,53211,0.0,0.0,0.0
2026-09-30 11:13:00-04:00,743.3300170898438,743.5750122070312,743.3300170898438,743.3599853515625,20144,0.0,0.0,0.0
2026-09-30 11:14:00-04:00,743.280029296875,743.3300170898438,742.97998046875,743.2100219726562,32483,0.0,0.0,0.0
2026-09-30 11:15:00-04:00,743.219970703125,743.5999755859375,743.1799926757812,743.5999755859375,19976,0.0,0.0,0.0
2026-09-30 11:16:00-04:00,743.5599975585938,743.9299926757812,743.5599975585938,743.8099975585938,19468,0.0,0.0,0.0
2026-09-30 11:17:00-04:00,743.8001098632812,743.8001098632812,743.5449829101562,743.655029296875,12098,0.0,0.0,0.0
2026-09-30 11:18:00-04:00,743.5910034179688,743.5910034179688,743.2650146484375,743.27001953125,341696,0.0,0.0,0.0
2026-09-30 11:19:00-04:00,743.2562255859375,743.52001953125,743.2562255859375,743.4450073242188,42773,0.0,0.0,0.0
2026-09-30 11:20:00-04:00,743.4400024414062,743.510009765625,743.0599975585938,743.1063842773438,40406,0.0,0.0,0.0
2026-09-30 11:21:00-04:00,743.0800170898438,743.1199951171875,742.860107421875,742.989990234375,37584,0.0,0.0,0.0
2026-09-30 11:22:00-04:00,743.0,743.087890625,742.739990234375,742.7406005859375,21991,0.0,0.0,0.0
2026-09-30 11:23:00-04:00,742.75,743.010009765625,742.72998046875,743.010009765625,41960,0.0,0.0,0.0
2026-09-30 11:24:00-04:00,743.0,743.1699829101562,742.9400024414062,743.0499877929688,30075,0.0,0.0,0.0
2026-09-30 11:25:00-04:00,743.1400146484375,743.3099975585938,742.9990234375,742.9990234375,20252,0.0,0.0,0.0
2026-09-30 11:26:00-04:00,742.9949951171875,743.25,742.9299926757812,743.0900268554688,14755,0.0,0.0,0.0
2026-09-30 11:27:00-04:00,743.10498046875,743.5499877929688,743.0399780273438,743.5499877929688,28965,0.0,0.0,0.0
2026-09-30 11:28:00-04:00,743.5599975585938,743.6649780273438,743.4299926757812,743.5499877929688,28100,0.0,0.0,0.0
2026-09-30 11:29:00-04:00,743.5599975585938,743.8900146484375,743.5399780273438,743.8599853515625,32766,0.0,0.0,0.0
2026-09-30 11:30:00-04:00,743.9199829101562,744.1024169921875,743.8300170898438,744.1024169921875,61238,0.0,0.0,0.0
2026-09-30 11:31:00-04:00,744.0750122070312,744.1599731445312,743.8900146484375,744.1500244140625,15737,0.0,0.0,0.0
2026-09-30 11:32:00-04:00,744.1500244140625,744.3599853515625,744.1118774414062,744.239990234375,131611,0.0,0.0,0.0
2026-09-30 11:33:00-04:00,744.239990234375,744.239990234375,744.0,744.1099853515625,25771,0.0,0.0,0.0
2026-09-30 11:34:00-04:00,744.1500244140625,744.3900146484375,743.9299926757812,743.989990234375,186323,0.0,0.0,0.0
2026-09-30 11:35:00-04:00,743.98779296875,744.2449951171875,743.94580078125,744.010009765625,26152,0.0,0.0,0.0
2026-09-30 11:36:00-04:00,744.0150146484375,744.0150146484375,743.7100219726562,743.8200073242188,39009,0.0,0.0,0.0
2026-09-30 11:37:00-04:00,743.7899780273438,744.0,743.5999755859375,744.0,40521,0.0,0.0,0.0
2026-09-30 11:38:00-04:00,743.9849853515625,744.1179809570312,743.97998046875,743.989990234375,25203,0.0,0.0,0.0
2026-09-30 11:39:00-04:00,744.0615234375,744.2899780273438,744.04541015625,744.155029296875,23201,0.0,0.0,0.0
2026-09-30 11:40:00-04:00,744.1898803710938,744.2100219726562,744.02001953125,744.0599975585938,20846,0.0,0.0,0.0
2026-09-30 11:41:00-04:00,744.0800170898438,744.3300170898438,744.0499877929688,744.0499877929688,23429,0.0,0.0,0.0
2026-09-30 11:42:00-04:00,744.0700073242188,744.22998046875,744.02001953125,744.030029296875,24947,0.0,0.0,0.0
2026-09-30 11:43:00-04:00,744.030029296875,744.0399780273438,743.4400024414062,743.4400024414062,52363,0.0,0.0,0.0
2026-09-30 11:44:00-04:00,743.469970703125,743.5195922851562,743.1900024414062,743.3800048828125,136602,0.0,0.0,0.0
2026-09-30 11:45:00-04:00,743.3400268554688,743.5150146484375,743.2100219726562,743.4537963867188,24409,0.0,0.0,0.0
2026-09-30 11:46:00-04:00,743.469970703125,743.5,743.2999877929688,743.385009765625,51192,0.0,0.0,0.0
2026-09-30 11:47:00-04:00,743.3699951171875,743.614990234375,743.35498046875,743.614990234375,18156,0.0,0.0,0.0
2026-09-30 11:48:00-04:00,743.6400146484375,744.3499755859375,743.6199951171875,744.25,80844,0.0,0.0,0.0
2026-09-30 11:49:00-04:00,744.25,745.02001953125,744.2000122070312,744.969970703125,83454,0.0,0.0,0.0
2026-09-30 11:50:00-04:00,744.97998046875,745.0800170898438,744.8099975585938,744.8300170898438,73305,0.0,0.0,0.0
2026-09-30 11:51:00-04:00,744.8499755859375,744.9199829101562,744.47998046875,744.530029296875,109443,0.0,0.0,0.0
2026-09-30 11:52:00-04:00,744.5150146484375,744.5599975585938,744.1799926757812,744.2349853515625,86333,0.0,0.0,0.0
2026-09-30 11:53:00-04:00,744.260009765625,744.4500122070312,744.2009887695312,744.3994750976562,32493,0.0,0.0,0.0
2026-09-30 11:54:00-04:00,744.3800048828125,744.5800170898438,743.8699951171875,743.8900146484375,29342,0.0,0.0,0.0
2026-09-30 11:55:00-04:00,743.89501953125,743.989990234375,743.6900024414062,743.8699951171875,22049,0.0,0.0,0.0
2026-09-30 11:56:00-04:00,743.844970703125,744.0599975585938,743.8400268554688,743.9400024414062,18276,0.0,0.0,0.0
2026-09-30 11:57:00-04:00,743.9498901367188,744.2999877929688,743.9498901367188,744.2949829101562,17652,0.0,0.0,0.0
2026-09-30 11:58:00-04:00,744.2899780273438,744.3499755859375,744.1849975585938,744.2999877929688,23044,0.0,0.0,0.0
2026-09-30 11:59:00-04:00,744.25,744.4600219726562,744.1799926757812,744.4600219726562,20885,0.0,0.0,0.0
2026-09-30 12:00:00-04:00,744.4400024414062,744.4500122070312,744.1599731445312,744.2999877929688,88742,0.0,0.0,0.0
2026-09-30 12:01:00-04:00,744.280029296875,744.4550170898438,744.25,744.2899780273438,35265,0.0,0.0,0.0
2026-09-30 12:02:00-04:00,744.3300170898438,744.6599731445312,744.3300170898438,744.5499877929688,28690,0.0,0.0,0.0
2026-09-30 12:03:00-04:00,744.52001953125,744.5499877929688,744.364990234375,744.5399780273438,21158,0.0,0.0,0.0
2026-09-30 12:04:00-04:00,744.510009765625,744.530029296875,744.3099975585938,744.530029296875,35028,0.0,0.0,0.0
2026-09-30 12:05:00-04:00,744.5599975585938,744.6300048828125,744.4749755859375,744.510009765625,27080,0.0,0.0,0.0
2026-09-30 12:06:00-04:00,744.510009765625,744.625,744.5,744.5700073242188,20032,0.0,0.0,0.0
2026-09-30 12:07:00-04:00,744.5800170898438,744.5800170898438,744.4000244140625,744.4000244140625,51707,0.0,0.0,0.0
2026-09-30 12:08:00-04:00,744.3699951171875,744.52001953125,744.3400268554688,744.489990234375,29594,0.0,0.0,0.0
2026-09-30 12:09:00-04:00,744.5,744.5800170898438,744.4600830078125,744.5800170898438,55526,0.0,0.0,0.0
2026-09-30 12:10:00-04:00,744.5999755859375,744.6500244140625,744.52001953125,744.52001953125,16253,0.0,0.0,0.0
2026-09-30 12:11:00-04:00,744.5499877929688,744.8599853515625,744.5050048828125,744.6799926757812,31612,0.0,0.0,0.0
2026-09-30 12:12:00-04:00,744.6199951171875,744.6199951171875,744.280029296875,744.3200073242188,23475,0.0,0.0,0.0
2026-09-30 12:13:00-04:00,744.2999877929688,744.6489868164062,744.2680053710938,744.5584716796875,17798,0.0,0.0,0.0
2026-09-30 12:14:00-04:00,744.5399780273438,744.77001953125,744.5399780273438,744.739013671875,11665,0.0,0.0,0.0
2026-09-30 12:15:00-04:00,744.760009765625,744.7857055664062,744.4949951171875,744.5900268554688,12756,0.0,0.0,0.0
2026-09-30 12:16:00-04:00,744.5700073242188,744.5800170898438,744.364990234375,744.4149780273438,13220,0.0,0.0,0.0
2026-09-30 12:17:00-04:00,744.39501953125,744.4349975585938,743.9000244140625,743.9149780273438,32909,0.0,0.0,0.0
2026-09-30 12:18:00-04:00,743.9299926757812,743.989990234375,743.7999877929688,743.9849853515625,33284,0.0,0.0,0.0
2026-09-30 12:19:00-04:00,744.0,744.1599731445312,743.9998779296875,744.1599731445312,17568,0.0,0.0,0.0
2026-09-30 12:20:00-04:00,744.1799926757812,744.1900024414062,743.969970703125,744.02001953125,19206,0.0,0.0,0.0
2026-09-30 12:21:00-04:00,744.010009765625,744.0599975585938,743.9600219726562,744.02001953125,17072,0.0,0.0,0.0
2026-09-30 12:22:00-04:00,744.0150146484375,744.2191772460938,744.0150146484375,744.14501953125,15917,0.0,0.0,0.0
2026-09-30 12:23:00-04:00,744.1500244140625,744.2000122070312,743.960205078125,744.2000122070312,9689,0.0,0.0,0.0
2026-09-30 12:24:00-04:00,744.1799926757812,744.280029296875,744.0599975585938,744.0800170898438,10856,0.0,0.0,0.0
2026-09-30 12:25:00-04:00,744.1300048828125,744.1699829101562,744.010009765625,744.0499877929688,31983,0.0,0.0,0.0
2026-09-30 12:26:00-04:00,744.0700073242188,744.1300048828125,743.97998046875,744.02001953125,13398,0.0,0.0,0.0
2026-09-30 12:27:00-04:00,744.02001953125,744.02001953125,743.8800048828125,743.9450073242188,27090,0.0,0.0,0.0
2026-09-30 12:28:00-04:00,743.9400024414062,743.969970703125,743.780029296875,743.8499755859375,17735,0.0,0.0,0.0
2026-09-30 12:29:00-04:00,743.8474731445312,743.989990234375,743.6799926757812,743.6823120117188,28009,0.0,0.0,0.0
2026-09-30 12:30:00-04:00,743.7000122070312,743.8099975585938,743.4199829101562,743.4400024414062,53934,0.0,0.0,0.0
2026-09-30 12:31:00-04:00,743.4199829101562,743.52001953125,743.3300170898438,743.3699951171875,34661,0.0,0.0,0.0
2026-09-30 12:32:00-04:00,743.4349975585938,743.4500122070312,743.239990234375,743.280029296875,12064,0.0,0.0,0.0
2026-09-30 12:33:00-04:00,743.2750244140625,743.3798828125,743.2000122070312,743.3400268554688,87513,0.0,0.0,0.0
2026-09-30 12:34:00-04:00,743.3800048828125,743.4299926757812,743.2211303710938,743.409912109375,21196,0.0,0.0,0.0
2026-09-30 12:35:00-04:00,743.3878173828125,743.5,743.2509155273438,743.3400268554688,39991,0.0,0.0,0.0
2026-09-30 12:36:00-04:00,743.3300170898438,743.4000244140625,743.0599975585938,743.1099853515625,17329,0.0,0.0,0.0
2026-09-30 12:37:00-04:00,743.0999755859375,743.4000244140625,743.0999755859375,743.27001953125,13506,0.0,0.0,0.0
2026-09-30 12:38:00-04:00,743.2650146484375,743.625,743.239990234375,743.5900268554688,24620,0.0,0.0,0.0
2026-09-30 12:39:00-04:00,743.5999755859375,743.5999755859375,743.4215698242188,743.489990234375,68849,0.0,0.0,0.0
2026-09-30 12:40:00-04:00,743.47998046875,743.5750122070312,743.3900146484375,743.5549926757812,17260,0.0,0.0,0.0
2026-09-30 12:41:00-04:00,743.5999755859375,744.0,743.5999755859375,743.8300170898438,28790,0.0,0.0,0.0
2026-09-30 12:42:00-04:00,743.8079833984375,743.869873046875,743.6400146484375,743.760009765625,17650,0.0,0.0,0.0
2026-09-30 12:43:00-04:00,743.7449951171875,744.0900268554688,743.719970703125,744.0150146484375,20208,0.0,0.0,0.0
2026-09-30 12:44:00-04:00,744.030029296875,744.1599731445312,744.02001953125,744.0527954101562,28954,0.0,0.0,0.0
2026-09-30 12:45:00-04:00,744.02001953125,744.030029296875,743.72998046875,743.7396240234375,31561,0.0,0.0,0.0
2026-09-30 12:46:00-04:00,743.780029296875,743.8699951171875,743.7000122070312,743.8099975585938,12574,0.0,0.0,0.0
2026-09-30 12:47:00-04:00,743.8049926757812,744.02001953125,743.8049926757812,743.85498046875,12807,0.0,0.0,0.0
2026-09-30 12:48:00-04:00,743.8499755859375,743.8499755859375,743.469970703125,743.5050048828125,17194,0.0,0.0,0.0
2026-09-30 12:49:00-04:00,743.5,743.530029296875,743.3900146484375,743.530029296875,13356,0.0,0.0,0.0
2026-09-30 12:50:00-04:00,743.5250244140625,743.7050170898438,743.510009765625,743.7050170898438,17005,0.0,0.0,0.0
2026-09-30 12:51:00-04:00,743.6950073242188,743.8099975585938,743.5999755859375,743.6400146484375,17276,0.0,0.0,0.0
2026-09-30 12:52:00-04:00,743.6199951171875,743.7899780273438,743.5599975585938,743.5900268554688,18191,0.0,0.0,0.0
2026-09-30 12:53:00-04:00,743.6209716796875,743.739990234375,743.6099853515625,743.6900024414062,10283,0.0,0.0,0.0
2026-09-30 12:54:00-04:00,743.6400146484375,743.7000122070312,743.6099853515625,743.6400146484375,28707,0.0,0.0,0.0
2026-09-30 12:55:00-04:00,743.6400146484375,743.739990234375,743.5250244140625,743.5900268554688,9971,0.0,0.0,0.0
2026-09-30 12:56:00-04:00,743.5750122070312,743.6400146484375,743.510009765625,743.6400146484375,6097,0.0,0.0,0.0
2026-09-30 12:57:00-04:00,743.6599731445312,743.9099731445312,743.6400146484375,743.7999877929688,15649,0.0,0.0,0.0
2026-09-30 12:58:00-04:00,743.8300170898438,744.030029296875,743.8300170898438,743.9500122070312,14772,0.0,0.0,0.0
2026-09-30 12:59:00-04:00,743.9550170898438,744.0999755859375,743.9208984375,744.0599975585938,17913,0.0,0.0,0.0
2026-09-30 13:00:00-04:00,744.0399780273438,744.2000122070312,743.9650268554688,744.0700073242188,30370,0.0,0.0,0.0
2026-09-30 13:01:00-04:00,744.0900268554688,744.27001953125,744.0,744.219970703125,46556,0.0,0.0,0.0
2026-09-30 13:02:00-04:00,744.2100219726562,744.2498779296875,744.1201782226562,744.1300048828125,66470,0.0,0.0,0.0
2026-09-30 13:03:00-04:00,744.0999755859375,744.1500244140625,743.969970703125,744.1420288085938,11068,0.0,0.0,0.0
2026-09-30 13:04:00-04:00,744.1599731445312,744.2000122070312,744.030029296875,744.05419921875,5713,0.0,0.0,0.0
2026-09-30 13:05:00-04:00,744.010009765625,744.1799926757812,743.989990234375,744.10498046875,17566,0.0,0.0,0.0
2026-09-30 13:06:00-04:00,744.0900268554688,744.239990234375,744.0499877929688,744.1749877929688,16382,0.0,0.0,0.0
2026-09-30 13:07:00-04:00,744.1199951171875,744.260009765625,744.0800170898438,744.1400146484375,32096,0.0,0.0,0.0
2026-09-30 13:08:00-04:00,744.1300048828125,744.239990234375,744.0999755859375,744.1699829101562,9189,0.0,0.0,0.0
2026-09-30 13:09:00-04:00,744.2449951171875,744.25,744.0637817382812,744.0850219726562,9805,0.0,0.0,0.0
2026-09-30 13:10:00-04:00,744.1400146484375,744.1400146484375,743.9600219726562,744.001220703125,16216,0.0,0.0,0.0
2026-09-30 13:11:00-04:00,744.010009765625,744.1099853515625,743.9199829101562,743.9500122070312,10367,0.0,0.0,0.0
2026-09-30 13:12:00-04:00,743.9500122070312,743.97998046875,743.780029296875,743.780029296875,33891,0.0,0.0,0.0
2026-09-30 13:13:00-04:00,743.7700805664062,743.7700805664062,743.3400268554688,743.375,132543,0.0,0.0,0.0
2026-09-30 13:14:00-04:00,743.4099731445312,743.530029296875,743.3400268554688,743.4478759765625,125593,0.0,0.0,0.0
2026-09-30 13:15:00-04:00,743.3699951171875,743.3800048828125,742.8400268554688,742.8400268554688,57216,0.0,0.0,0.0
2026-09-30 13:16:00-04:00,742.813720703125,742.813720703125,742.5599975585938,742.7949829101562,76718,0.0,0.0,0.0
2026-09-30 13:17:00-04:00,742.7982788085938,743.0093994140625,742.7100219726562,742.875,36623,0.0,0.0,0.0
2026-09-30 13:18:00-04:00,742.8701171875,742.89501953125,742.6649780273438,742.739990234375,13048,0.0,0.0,0.0
2026-09-30 13:19:00-04:00,742.728271484375,742.8497924804688,742.3599853515625,742.385009765625,34066,0.0,0.0,0.0
2026-09-30 13:20:00-04:00,742.37890625,742.4699096679688,742.2100219726562,742.4000244140625,65438,0.0,0.0,0.0
2026-09-30 13:21:00-04:00,742.4000244140625,742.7899780273438,742.4000244140625,742.6900024414062,52155,0.0,0.0,0.0
2026-09-30 13:22:00-04:00,742.739990234375,742.8170776367188,742.4600219726562,742.5700073242188,33341,0.0,0.0,0.0
2026-09-30 13:23:00-04:00,742.5700073242188,742.5999755859375,742.3800048828125,742.5399780273438,22836,0.0,0.0,0.0
2026-09-30 13:24:00-04:00,742.5499877929688,742.6199951171875,742.52001953125,742.60009765625,8549,0.0,0.0,0.0
2026-09-30 13:25:00-04:00,742.5700073242188,742.5700073242188,742.25,742.3466796875,24756,0.0,0.0,0.0
2026-09-30 13:26:00-04:00,742.3350219726562,742.4099731445312,741.6900024414062,741.7999267578125,51765,0.0,0.0,0.0
2026-09-30 13:27:00-04:00,741.77197265625,742.1486206054688,741.739990234375,742.0800170898438,65258,0.0,0.0,0.0
2026-09-30 13:28:00-04:00,742.0599975585938,742.260009765625,742.0399780273438,742.219970703125,19248,0.0,0.0,0.0
2026-09-30 13:29:00-04:00,742.239990234375,742.489990234375,742.239990234375,742.3300170898438,19555,0.0,0.0,0.0
2026-09-30 13:30:00-04:00,742.3699951171875,742.5499877929688,742.3300170898438,742.5,17346,0.0,0.0,0.0
2026-09-30 13:31:00-04:00,742.530029296875,742.724609375,742.3499755859375,742.6749877929688,41933,0.0,0.0,0.0
2026-09-30 13:32:00-04:00,742.6900024414062,742.917724609375,742.6900024414062,742.9149780273438,34210,0.0,0.0,0.0
2026-09-30 13:33:00-04:00,742.9099731445312,742.9149780273438,742.7150268554688,742.7150268554688,32565,0.0,0.0,0.0
2026-09-30 13:34:00-04:00,742.7150268554688,742.780029296875,742.5601196289062,742.655029296875,10064,0.0,0.0,0.0
2026-09-30 13:35:00-04:00,742.7150268554688,742.9600219726562,742.6900024414062,742.8317260742188,57537,0.0,0.0,0.0
2026-09-30 13:36:00-04:00,742.8480224609375,743.0399780273438,742.77880859375,742.7999877929688,22546,0.0,0.0,0.0
2026-09-30 13:37:00-04:00,742.7990112304688,742.8297729492188,742.5900268554688,742.5900268554688,11778,0.0,0.0,0.0
2026-09-30 13:38:00-04:00,742.5900268554688,742.8800048828125,742.5700073242188,742.8800048828125,12141,0.0,0.0,0.0
2026-09-30 13:39:00-04:00,742.875,743.1727294921875,742.8599853515625,743.1727294921875,40266,0.0,0.0,0.0
2026-09-30 13:40:00-04:00,743.1799926757812,743.2789916992188,743.1199951171875,743.1400146484375,56627,0.0,0.0,0.0
2026-09-30 13:41:00-04:00,743.1201171875,743.3699951171875,743.0599975585938,743.3206176757812,13529,0.0,0.0,0.0
2026-09-30 13:42:00-04:00,743.3099975585938,743.4600219726562,743.1610107421875,743.4299926757812,27931,0.0,0.0,0.0
2026-09-30 13:43:00-04:00,743.4299926757812,743.47998046875,743.2449951171875,743.2449951171875,19630,0.0,0.0,0.0
2026-09-30 13:44:00-04:00,743.2150268554688,743.22998046875,743.0700073242188,743.22998046875,19400,0.0,0.0,0.0
2026-09-30 13:45:00-04:00,743.2349853515625,743.25,743.0,743.159912109375,17327,0.0,0.0,0.0
2026-09-30 13:46:00-04:00,743.1400146484375,743.2100219726562,743.1199951171875,743.2050170898438,6350,0.0,0.0,0.0
2026-09-30 13:47:00-04:00,743.1799926757812,743.8400268554688,743.1099853515625,743.4550170898438,66672,0.0,0.0,0.0
2026-09-30 13:48:00-04:00,743.4500122070312,743.8800048828125,743.4000244140625,743.81787109375,26944,0.0,0.0,0.0
2026-09-30 13:49:00-04:00,743.8200073242188,743.9500122070312,743.8109741210938,743.9199829101562,27402,0.0,0.0,0.0
2026-09-30 13:50:00-04:00,743.9400024414062,744.0599975585938,743.8800048828125,743.89501953125,33013,0.0,0.0,0.0
2026-09-30 13:51:00-04:00,743.885009765625,744.0299072265625,743.8599853515625,744.0,27263,0.0,0.0,0.0
2026-09-30 13:52:00-04:00,743.969970703125,744.1300048828125,743.7938842773438,743.8181762695312,34385,0.0,0.0,0.0
2026-09-30 13:53:00-04:00,743.8179931640625,743.8400268554688,743.72998046875,743.8300170898438,35212,0.0,0.0,0.0
2026-09-30 13:54:00-04:00,743.8298950195312,743.8800048828125,743.72998046875,743.8800048828125,44910,0.0,0.0,0.0
2026-09-30 13:55:00-04:00,743.9149780273438,743.9299926757812,743.719970703125,743.8400268554688,13654,0.0,0.0,0.0
2026-09-30 13:56:00-04:00,743.8300170898438,743.97998046875,743.8300170898438,743.97998046875,32325,0.0,0.0,0.0
2026-09-30 13:57:00-04:00,743.989990234375,744.02001953125,743.8250122070312,743.8900146484375,20154,0.0,0.0,0.0
2026-09-30 13:58:00-04:00,743.8900146484375,743.9500122070312,743.8699951171875,743.9099731445312,114081,0.0,0.0,0.0
2026-09-30 13:59:00-04:00,743.9450073242188,743.9450073242188,743.9450073242188,743.9450073242188,0,0.0,0.0,0.0
